path_id,name,class,namespace,assembly
5,FacebookSettings,FacebookSettings,Facebook.Unity.Settings,Facebook.Unity.Settings.dll
6,DiresuSettings,DiresuSettings,DiresuUnity.Settings,DiresuUnity.Settings.dll
7,FacebookGameObject,FacebookGameObject,Facebook.Unity,Facebook.Unity.dll
8,EditorFacebookLoader,EditorFacebookLoader,Facebook.Unity.Editor,Facebook.Unity.dll
9,WindowsFacebookGameObject,WindowsFacebookGameObject,Facebook.Unity.Windows,Facebook.Unity.dll
10,MobileAdsEventExecutor,MobileAdsEventExecutor,GoogleMobileAds.Common,GoogleMobileAds.Common.dll
11,AppStateEventClient,AppStateEventClient,GoogleMobileAds.Common,GoogleMobileAds.Common.dll
12,AnalyticsEventTracker,AnalyticsEventTracker,UnityEngine.Analytics,Unity.Analytics.Tracker.dll
13,IOSFacebookLoader,IOSFacebookLoader,Facebook.Unity.Mobile.IOS,Facebook.Unity.dll
14,AndroidFacebookLoader,AndroidFacebookLoader,Facebook.Unity.Mobile.Android,Facebook.Unity.dll
15,MockShareDialog,MockShareDialog,Facebook.Unity.Editor.Dialogs,Facebook.Unity.dll
16,AndroidFacebookGameObject,AndroidFacebookGameObject,Facebook.Unity.Mobile.Android,Facebook.Unity.dll
17,IOSFacebookGameObject,IOSFacebookGameObject,Facebook.Unity.Mobile.IOS,Facebook.Unity.dll
18,CodelessUIInteractEvent,CodelessUIInteractEvent,Facebook.Unity,Facebook.Unity.dll
19,CanvasFacebookGameObject,CanvasFacebookGameObject,Facebook.Unity.Canvas,Facebook.Unity.dll
20,MobileFacebookGameObject,MobileFacebookGameObject,Facebook.Unity.Mobile,Facebook.Unity.dll
21,gearBoots,gearBoots,,Assembly-CSharp
22,BinaryDataProvider,BinaryDataProvider,UnityEngine.ResourceManagement.ResourceProviders,Unity.ResourceManager
23,ParsingErrors,ParsingErrors,UnityEngine.Localization.SmartFormat.Core.Parsing,Unity.Localization
24,LocalizedAssetDatabase,LocalizedAssetDatabase,UnityEngine.Localization.Settings,Unity.Localization
25,BasicOCSPResponse,BasicOcspResponse,BestHTTP.SecureProtocol.Org.BouncyCastle.Asn1.Ocsp,BestHTTP
26,DictionaryExtensions,DictionaryExtensions,Unity.Services.Core.Internal,Unity.Services.Core.Internal
27,SubjectKeyIdentifierStructure,SubjectKeyIdentifierStructure,BestHTTP.SecureProtocol.Org.BouncyCastle.X509.Extension,BestHTTP
28,CMSSignedGenerator,DefaultSignatureAlgorithmIdentifierFinder,BestHTTP.SecureProtocol.Org.BouncyCastle.Cms,BestHTTP
29,ObscuredFloat,ObscuredFloat,CodeStage.AntiCheat.ObscuredTypes,ACTk.Runtime
30,AssetLocationImpl,AssetLocationImpl,Google.Play.AssetDelivery.Internal,Google.Play.AssetDelivery
31,LayoutRebuilder,LayoutRebuilder,UnityEngine.UI,UnityEngine.UI
32,LocalizeTextureEvent,LocalizeTextureEvent,UnityEngine.Localization.Components,Unity.Localization
33,ridingPetGearOption,ridingPetGearOption,,Assembly-CSharp
34,IEntry,IEntry,Gpm.Common.ThirdParty.SharpCompress.Common,gpm_common
35,MacAlgorithm,MacAlgorithm,BestHTTP.SecureProtocol.Org.BouncyCastle.Crypto.Tls,BestHTTP
36,ProductMetadata,ProductMetadata,UnityEngine.Purchasing,Unity.Purchasing
37,CollectionSelectPop,CollectionSelectPop,,Assembly-CSharp
38,Hub,Hub,BestHTTP.SignalR.Hubs,BestHTTP
39,X509Extensions,X509Extensions,BestHTTP.SecureProtocol.Org.BouncyCastle.Asn1.X509,BestHTTP
40,PKCSObjectIdentifiers,PkcsObjectIdentifiers,BestHTTP.SecureProtocol.Org.BouncyCastle.Asn1.Pkcs,BestHTTP
41,Message,Message,UnityEngine.Localization.Pseudo,Unity.Localization
42,collectsetData,collectsetData,,Assembly-CSharp
43,NotificationManager,NotificationManager,Assets.SimpleAndroidNotifications,Assembly-CSharp
44,AdminRidingPetGearData,AdminRidingPetGearData,,Assembly-CSharp
45,ThreefishEngine,ThreefishEngine,BestHTTP.SecureProtocol.Org.BouncyCastle.Crypto.Engines,BestHTTP
46,skillData,skillData,,Assembly-CSharp
47,BerSet,BerSet,BestHTTP.SecureProtocol.Org.BouncyCastle.Asn1,BestHTTP
48,ClientCertificateType,ClientCertificateType,BestHTTP.SecureProtocol.Org.BouncyCastle.Crypto.Tls,BestHTTP
49,ObscuredByte.API,ObscuredByte,CodeStage.AntiCheat.ObscuredTypes,ACTk.Runtime
50,StreamBlockCipher,StreamBlockCipher,BestHTTP.SecureProtocol.Org.BouncyCastle.Crypto,BestHTTP
51,AnimationPreviewUtilities,AnimationPreviewUtilities,UnityEngine.Timeline,Unity.Timeline
52,Inflate,InflateBlocks,BestHTTP.Decompression.Zlib,BestHTTP
53,NoSuchStoreException,NoSuchStoreException,BestHTTP.SecureProtocol.Org.BouncyCastle.X509.Store,BestHTTP
54,ReadOnlySubStream,ReadOnlySubStream,Gpm.Common.ThirdParty.SharpCompress.IO,gpm_common
55,PositionAsUV1,PositionAsUV1,UnityEngine.UI,UnityEngine.UI
56,ObjectDigestInfo,ObjectDigestInfo,BestHTTP.SecureProtocol.Org.BouncyCastle.Asn1.X509,BestHTTP
57,HTTPUrlEncodedForm,HTTPUrlEncodedForm,BestHTTP.Forms,BestHTTP
58,GooglePlayStoreConnectionService,GooglePlayStoreConnectionService,UnityEngine.Purchasing,Unity.Purchasing.Stores
59,BloomAndFlares,BloomAndFlares,UnityStandardAssets.ImageEffects,Assembly-CSharp-firstpass
60,BERSetParser,BerSetParser,BestHTTP.SecureProtocol.Org.BouncyCastle.Asn1,BestHTTP
61,ECDHCBasicAgreement,ECDHCBasicAgreement,BestHTTP.SecureProtocol.Org.BouncyCastle.Crypto.Agreement,BestHTTP
62,CMSSignedDataGenerator,CmsSignedDataGenerator,BestHTTP.SecureProtocol.Org.BouncyCastle.Cms,BestHTTP
63,PEMException,PemException,BestHTTP.SecureProtocol.Org.BouncyCastle.OpenSsl,BestHTTP
64,AdminChiefSkillData,AdminChiefSkillData,,Assembly-CSharp
65,FollowLocationRigidbody2D,FollowLocationRigidbody2D,Spine.Unity,spine-unity
66,Helpers,Helpers,Universal.UniversalSDK,Assembly-CSharp
67,CharacterInfo,CharacterInfo,,Assembly-CSharp
68,Sha224Digest,Sha224Digest,BestHTTP.SecureProtocol.Org.BouncyCastle.Crypto.Digests,BestHTTP
69,AnimationPlayableAsset,AnimationPlayableAsset,UnityEngine.Timeline,Unity.Timeline
70,Attributes,Attributes,BestHTTP.SecureProtocol.Org.BouncyCastle.Asn1.Cms,BestHTTP
71,BoundingBoxFollower,BoundingBoxFollower,Spine.Unity,spine-unity
72,SRP6StandardGroups,Srp6StandardGroups,BestHTTP.SecureProtocol.Org.BouncyCastle.Crypto.Agreement.Srp,BestHTTP
73,DefaultIOService,DefaultIOService,BestHTTP.PlatformSupport.FileSystem,BestHTTP
74,SkipAttribute,SkipAttribute,Beebyte.Obfuscator,Assembly-CSharp-firstpass
75,ConvertUtility,ConvertUtility,,Assembly-CSharp
76,PrimitiveObjectResolver,PrimitiveObjectResolver,Gpm.Common.ThirdParty.MessagePack.Resolvers,gpm_common
77,PulverizeCtrl,PulverizeCtrl,,Assembly-CSharp
78,AIPop,AIPop,,Assembly-CSharp
79,SRP6Server,Srp6Server,BestHTTP.SecureProtocol.Org.BouncyCastle.Crypto.Agreement.Srp,BestHTTP
80,KeyAgreeRecipientIdentifier,KeyAgreeRecipientIdentifier,BestHTTP.SecureProtocol.Org.BouncyCastle.Asn1.Cms,BestHTTP
81,Model,Model,Gpm.Common.ThirdParty.SharpCompress.Compressors.PPMd.I1,gpm_common
82,ZlibConstants,ZlibConstants,Gpm.Common.ThirdParty.SharpCompress.Compressors.Deflate,gpm_common
83,ExtensibleStoreService,ExtensibleStoreService,UnityEngine.Purchasing,Unity.Purchasing
84,IHttpClient,IHttpClient,Unity.Services.Core.Networking.Internal,Unity.Services.Core.Internal
85,SharedTableEntryMetadata,SharedTableEntryMetadata,UnityEngine.Localization.Metadata,Unity.Localization
86,ECPublicKeyParameters,ECPublicKeyParameters,BestHTTP.SecureProtocol.Org.BouncyCastle.Crypto.Parameters,BestHTTP
87,SkeletonData,SkeletonData,Spine,spine-csharp
88,ZipArchive,ZipArchive,Gpm.Common.ThirdParty.SharpCompress.Archives.Zip,gpm_common
89,PointAttachment,PointAttachment,Spine,spine-csharp
90,TlsKeyExchange,TlsKeyExchange,BestHTTP.SecureProtocol.Org.BouncyCastle.Crypto.Tls,BestHTTP
91,MapEditor,MapEditor,,Assembly-CSharp
92,KeyGenerationParameters,KeyGenerationParameters,BestHTTP.SecureProtocol.Org.BouncyCastle.Crypto,BestHTTP
93,MacSink,MacSink,BestHTTP.SecureProtocol.Org.BouncyCastle.Crypto.IO,BestHTTP
94,AssetPackManager,AssetPackManager,Google.Play.AssetDelivery.Internal,Google.Play.AssetDelivery
95,RiftResultPop,RiftResultPop,,Assembly-CSharp
96,DefaultSignedAttributeTableGenerator,DefaultSignedAttributeTableGenerator,BestHTTP.SecureProtocol.Org.BouncyCastle.Cms,BestHTTP
97,GpmWebViewCallback,GpmWebViewCallback,Gpm.WebView,gpm_webview
98,ElGamalParametersGenerator,ElGamalParametersGenerator,BestHTTP.SecureProtocol.Org.BouncyCastle.Crypto.Generators,BestHTTP
99,RidingPetExchangePop,RidingPetExchangePop,,Assembly-CSharp
100,Animation,Animation,Spine,spine-csharp
101,NotificationIdHandler,NotificationIdHandler,Assets.SimpleAndroidNotifications.Helpers,Assembly-CSharp
102,EnvelopedDataParser,EnvelopedDataParser,BestHTTP.SecureProtocol.Org.BouncyCastle.Asn1.Cms,BestHTTP
103,DoNotFakeAttribute,DoNotFakeAttribute,Beebyte.Obfuscator,Assembly-CSharp-firstpass
104,SkeinParameters,SkeinParameters,BestHTTP.SecureProtocol.Org.BouncyCastle.Crypto.Parameters,BestHTTP
105,IStoreConnectionStateService,IStoreConnectionStateService,UnityEngine.Purchasing,Unity.Purchasing
106,PathVertex,PathVertex,,Assembly-CSharp
107,Srp6GroupParameters,Srp6GroupParameters,BestHTTP.SecureProtocol.Org.BouncyCastle.Crypto.Parameters,BestHTTP
108,UnityEventBridge,UnityEventBridge,UnityEngine.Localization.Bridge,Unity.InternalAPIEngineBridge.013
109,Certificate,Certificate,BestHTTP.SecureProtocol.Org.BouncyCastle.Crypto.Tls,BestHTTP
110,IssuerAndSerialNumber,IssuerAndSerialNumber,BestHTTP.SecureProtocol.Org.BouncyCastle.Asn1.Pkcs,BestHTTP
111,CStreamSwitch,CStreamSwitch,Gpm.Common.ThirdParty.SharpCompress.Common.SevenZip,gpm_common
112,PlayCoreEventHandler,PlayCoreEventHandler,Google.Play.Core.Internal,Google.Play.Core
113,IVolume,IVolume,Gpm.Common.ThirdParty.SharpCompress.Common,gpm_common
114,GuildBattleRankList,GuildBattleRankList,,Assembly-CSharp
115,SecurityParameters,SecurityParameters,BestHTTP.SecureProtocol.Org.BouncyCastle.Crypto.Tls,BestHTTP
116,ECGOST3410NamedCurves,ECGost3410NamedCurves,BestHTTP.SecureProtocol.Org.BouncyCastle.Asn1.CryptoPro,BestHTTP
117,SecP160R2Point,SecP160R2Point,BestHTTP.SecureProtocol.Org.BouncyCastle.Math.EC.Custom.Sec,BestHTTP
118,PkwareTraditionalEncryptionData,PkwareTraditionalEncryptionData,Gpm.Common.ThirdParty.SharpCompress.Common.Zip,gpm_common
119,HMacSP800Drbg,HMacSP800Drbg,BestHTTP.SecureProtocol.Org.BouncyCastle.Crypto.Prng.Drbg,BestHTTP
120,SevenZipArchiveEntry,SevenZipArchiveEntry,Gpm.Common.ThirdParty.SharpCompress.Archives.SevenZip,gpm_common
121,PlatformUtils,PlatformUtils,GooglePlayGames.OurUtils,Google.Play.Games
122,CrlListID,CrlListID,BestHTTP.SecureProtocol.Org.BouncyCastle.Asn1.Esf,BestHTTP
123,IStoreServiceExtension,IStoreServiceExtension,UnityEngine.Purchasing,Unity.Purchasing
124,UIFakeStoreWindow,UIFakeStoreWindow,UnityEngine.Purchasing,Unity.Purchasing.Stores
125,TMP_SubMeshUI,TMP_SubMeshUI,TMPro,Unity.TextMeshPro
126,GearDisassembleList,GearDisassembleList,,Assembly-CSharp
127,FetchStorefrontUseCase,FetchStorefrontUseCase,UnityEngine.Purchasing.UseCases,Unity.Purchasing
128,Pkcs5S2ParametersGenerator,Pkcs5S2ParametersGenerator,BestHTTP.SecureProtocol.Org.BouncyCastle.Crypto.Generators,BestHTTP
129,IAnalyticsServiceWrapper,IAnalyticsServiceWrapper,UnityEngine.Purchasing,Unity.Purchasing.Stores
130,X509AttrCertStoreSelector,X509AttrCertStoreSelector,BestHTTP.SecureProtocol.Org.BouncyCastle.X509.Store,BestHTTP
131,LazyDERSequence,LazyDerSequence,BestHTTP.SecureProtocol.Org.BouncyCastle.Asn1,BestHTTP
132,WorldBossChiefSkillList,WorldBossChiefSkillList,,Assembly-CSharp
133,X509Utilities,X509Utilities,BestHTTP.SecureProtocol.Org.BouncyCastle.X509,BestHTTP
134,CBZip2InputStream,CBZip2InputStream,Gpm.Common.ThirdParty.SharpCompress.Compressors.BZip2,gpm_common
135,VMPCKSA3Engine,VmpcKsa3Engine,BestHTTP.SecureProtocol.Org.BouncyCastle.Crypto.Engines,BestHTTP
136,HexEncoder,HexEncoder,BestHTTP.SecureProtocol.Org.BouncyCastle.Utilities.Encoders,BestHTTP
137,Mirror,Mirror,UnityEngine.Localization.Pseudo,Unity.Localization
138,AesFastEngine,AesFastEngine,BestHTTP.SecureProtocol.Org.BouncyCastle.Crypto.Engines,BestHTTP
139,StorageMetRowList,StorageMetRowList,,Assembly-CSharp
140,BCJ2Filter,BCJ2Filter,Gpm.Common.ThirdParty.SharpCompress.Compressors.Filters,gpm_common
141,GooglePlayStoreExtendedPurchaseService,GooglePlayStoreExtendedPurchaseService,UnityEngine.Purchasing,Unity.Purchasing
142,CollectionSelectRowList,CollectionSelectRowList,,Assembly-CSharp
143,VirtualAssetBundleProvider,VirtualAssetBundleProvider,UnityEngine.ResourceManagement.ResourceProviders.Simulation,Unity.ResourceManager
144,DerEnumerated,DerEnumerated,BestHTTP.SecureProtocol.Org.BouncyCastle.Asn1,BestHTTP
145,DefiniteLengthInputStream,DefiniteLengthInputStream,BestHTTP.SecureProtocol.Org.BouncyCastle.Asn1,BestHTTP
146,CameraShake,CameraShake,,Assembly-CSharp
147,FixedPointCombMultiplier,FixedPointCombMultiplier,BestHTTP.SecureProtocol.Org.BouncyCastle.Math.EC.Multiplier,BestHTTP
148,SP800SecureRandom,SP800SecureRandom,BestHTTP.SecureProtocol.Org.BouncyCastle.Crypto.Prng,BestHTTP
149,SystemLocaleSelector,SystemLocaleSelector,UnityEngine.Localization.Settings,Unity.Localization
150,PasswordProtectedException,PasswordProtectedException,Gpm.Common.ThirdParty.SharpCompress.Common,gpm_common
151,RC4Engine,RC4Engine,BestHTTP.SecureProtocol.Org.BouncyCastle.Crypto.Engines,BestHTTP
152,SignerUtilities,SignerUtilities,BestHTTP.SecureProtocol.Org.BouncyCastle.Security,BestHTTP
153,NonDisposingStream,NonDisposingStream,Gpm.Common.ThirdParty.SharpCompress.IO,gpm_common
154,IMac,IMac,BestHTTP.SecureProtocol.Org.BouncyCastle.Crypto,BestHTTP
155,CarouselController,CarouselController,,Assembly-CSharp
156,helpData,helpData,,Assembly-CSharp
157,PackDef,PackDef,Gpm.Common.ThirdParty.SharpCompress.Compressors.Rar.UnpackV1.Decode,gpm_common
158,ZTauElement,ZTauElement,BestHTTP.SecureProtocol.Org.BouncyCastle.Math.EC.Abc,BestHTTP
159,FrameList,FrameList,,Assembly-CSharp
160,HTTP2Frames,HTTP2FrameHeaderAndPayload,BestHTTP.Connections.HTTP2,BestHTTP
161,IJsonWrapper,IJsonWrapper,Gpm.Common.ThirdParty.LitJson,gpm_common
162,ECPoint,ECPoint,BestHTTP.SecureProtocol.Org.BouncyCastle.Math.EC,BestHTTP
163,IRetryableRequestFailureDescription,IRetryableRequestFailureDescription,UnityEngine.Purchasing,Unity.Purchasing
164,Curve25519FieldElement,Curve25519FieldElement,BestHTTP.SecureProtocol.Org.BouncyCastle.Math.EC.Custom.Djb,BestHTTP
165,FormattingException,FormattingException,UnityEngine.Localization.SmartFormat.Core.Formatting,Unity.Localization
166,FallenPastureResultPop,FallenPastureResultPop,,Assembly-CSharp
167,RegionAttachment,RegionAttachment,Spine,spine-csharp
168,CMSAttributes,CmsAttributes,BestHTTP.SecureProtocol.Org.BouncyCastle.Asn1.Cms,BestHTTP
169,IStoreCheckEntitlementCallback,IStoreCheckEntitlementCallback,UnityEngine.Purchasing,Unity.Purchasing
170,TimelineExtensions,TimelineExtensions,Spine.Unity.AnimationTools,spine-unity
171,CMSReadable,CmsReadable,BestHTTP.SecureProtocol.Org.BouncyCastle.Cms,BestHTTP
172,PasswordRecipientInfoGenerator,PasswordRecipientInfoGenerator,BestHTTP.SecureProtocol.Org.BouncyCastle.Cms,BestHTTP
173,ExtensiblePurchaseService,ExtensiblePurchaseService,UnityEngine.Purchasing,Unity.Purchasing
174,TMP_SubMesh,TMP_SubMesh,TMPro,Unity.TextMeshPro
175,GooglePurchaseStateEnumProvider,GooglePurchaseStateEnumProvider,UnityEngine.Purchasing.Models,Unity.Purchasing.Stores
176,X509CertificateStructure,X509CertificateStructure,BestHTTP.SecureProtocol.Org.BouncyCastle.Asn1.X509,BestHTTP
177,ScheduledInvocation,ScheduledInvocation,Unity.Services.Core.Scheduler.Internal,Unity.Services.Core.Scheduler
178,TokenProductList,TokenProductList,,Assembly-CSharp
179,SecP160R1FieldElement,SecP160R1FieldElement,BestHTTP.SecureProtocol.Org.BouncyCastle.Math.EC.Custom.Sec,BestHTTP
180,IAsn1Convertible,IAsn1Convertible,BestHTTP.SecureProtocol.Org.BouncyCastle.Asn1,BestHTTP
181,SecP128R1Curve,SecP128R1Curve,BestHTTP.SecureProtocol.Org.BouncyCastle.Math.EC.Custom.Sec,BestHTTP
182,AdImpressionEvent,AdImpressionEvent,Unity.Services.Analytics,Unity.Services.Analytics
183,FormatDetails,FormatDetails,UnityEngine.Localization.SmartFormat.Core.Formatting,Unity.Localization
184,SecP256R1Curve,SecP256R1Curve,BestHTTP.SecureProtocol.Org.BouncyCastle.Math.EC.Custom.Sec,BestHTTP
185,Times,Times,BestHTTP.SecureProtocol.Org.BouncyCastle.Utilities,BestHTTP
186,IKeyWrapper,IKeyWrapper,BestHTTP.SecureProtocol.Org.BouncyCastle.Crypto,BestHTTP
187,GOST3411_2012_256Digest,Gost3411_2012_256Digest,BestHTTP.SecureProtocol.Org.BouncyCastle.Crypto.Digests,BestHTTP
188,IDetailedStoreListener,IDetailedStoreListener,UnityEngine.Purchasing,Unity.Purchasing
189,OtherRevRefs,OtherRevRefs,BestHTTP.SecureProtocol.Org.BouncyCastle.Asn1.Esf,BestHTTP
190,ObscuredBool,ObscuredBool,CodeStage.AntiCheat.ObscuredTypes,ACTk.Runtime
191,JsonDataReader,JsonDataReader,JsonFx.Json,Assembly-CSharp
192,UnpackInline,Unpack,Gpm.Common.ThirdParty.SharpCompress.Compressors.Rar.UnpackV1,gpm_common
193,LocalizationTable,LocalizationTable,UnityEngine.Localization.Tables,Unity.Localization
194,SecT163FieldElement,SecT163FieldElement,BestHTTP.SecureProtocol.Org.BouncyCastle.Math.EC.Custom.Sec,BestHTTP
195,CMSAuthenticatedDataParser,CmsAuthenticatedDataParser,BestHTTP.SecureProtocol.Org.BouncyCastle.Cms,BestHTTP
196,UnifiedReceipt,UnifiedReceipt,UnityEngine.Purchasing,Unity.Purchasing
197,AuthorityKeyIdentifier,AuthorityKeyIdentifier,BestHTTP.SecureProtocol.Org.BouncyCastle.Asn1.X509,BestHTTP
198,FiniteFieldDheGroup,FiniteFieldDheGroup,BestHTTP.SecureProtocol.Org.BouncyCastle.Crypto.Tls,BestHTTP
199,engravingData,engravingData,,Assembly-CSharp
200,dropUniqueGearData,dropUniqueGearData,,Assembly-CSharp
201,BuffUpList,BuffUpList,,Assembly-CSharp
202,CMethodId,CMethodId,Gpm.Common.ThirdParty.SharpCompress.Common.SevenZip,gpm_common
203,HttpServiceConfig,HttpServiceConfig,Unity.Services.Core.Networking,Unity.Services.Core.Networking
204,IEntry.Extensions,EntryExtensions,Gpm.Common.ThirdParty.SharpCompress.Common,gpm_common
205,RidingPetGearUpgradePop,RidingPetGearUpgradePop,,Assembly-CSharp
206,AdminDropUniqueGearData,AdminDropUniqueGearData,,Assembly-CSharp
207,HunterCtrl,HunterCtrl,,Assembly-CSharp
208,DerTaggedObject,DerTaggedObject,BestHTTP.SecureProtocol.Org.BouncyCastle.Asn1,BestHTTP
209,FarmHash,FarmHash,Gpm.Common.ThirdParty.MessagePack.Internal,gpm_common
210,buff,buff,,Assembly-CSharp
211,IArchiveEntryExtensions,IArchiveEntryExtensions,Gpm.Common.ThirdParty.SharpCompress.Archives,gpm_common
212,AppsFlyerManager,AppsFlyerManager,,Assembly-CSharp
213,TMP_FontAssetUtilities,TMP_FontAssetUtilities,TMPro,Unity.TextMeshPro
214,chiefSecretBox,chiefSecretBox,,Assembly-CSharp
215,LocalizedReference.databinding,LocalizedReference,UnityEngine.Localization,Unity.Localization
216,RsaDigestSigner,RsaDigestSigner,BestHTTP.SecureProtocol.Org.BouncyCastle.Crypto.Signers,BestHTTP
217,Accenter,Accenter,UnityEngine.Localization.Pseudo,Unity.Localization
218,ProductDescription,ProductDescription,UnityEngine.Purchasing.Extension,Unity.Purchasing
219,Expander,Expander,UnityEngine.Localization.Pseudo,Unity.Localization
220,CertRequest,CertRequest,BestHTTP.SecureProtocol.Org.BouncyCastle.Asn1.Crmf,BestHTTP
221,TraderGoodsList,TraderGoodsList,,Assembly-CSharp
222,PathConstraint,PathConstraint,Spine,spine-csharp
223,UIBehaviour,UIBehaviour,UnityEngine.EventSystems,UnityEngine.UI
224,AppleAppStoreCartValidator,AppleAppStoreCartValidator,UnityEngine.Purchasing,Unity.Purchasing
225,TinyJsonReader,TinyJsonReader,Gpm.Common.ThirdParty.MessagePack,gpm_common
226,GooglePlayStore,GooglePlayStore,UnityEngine.Purchasing,Unity.Purchasing.Stores
227,ECMultiplier,ECMultiplier,BestHTTP.SecureProtocol.Org.BouncyCastle.Math.EC.Multiplier,BestHTTP
228,NoticeReference,NoticeReference,BestHTTP.SecureProtocol.Org.BouncyCastle.Asn1.X509,BestHTTP
229,DHPublicKey,DHPublicKey,BestHTTP.SecureProtocol.Org.BouncyCastle.Asn1.X9,BestHTTP
230,PvPStatusData,PvPStatusData,,Assembly-CSharp
231,RequestFailedException,RequestFailedException,Unity.Services.Core,Unity.Services.Core
232,BuildHunterData,BuildHunterData,,Assembly-CSharp
233,SearchGearGroupList,SearchGearGroupList,,Assembly-CSharp
234,SecT163Field,SecT163Field,BestHTTP.SecureProtocol.Org.BouncyCastle.Math.EC.Custom.Sec,BestHTTP
235,gearWeapon,gearWeapon,,Assembly-CSharp
236,UnityWebRequestHelper,UnityWebRequestHelper,Gpm.Common,gpm_common
237,TimeStampResponse,TimeStampResponse,BestHTTP.SecureProtocol.Org.BouncyCastle.Tsp,BestHTTP
238,ConsumData,ConsumData,,Assembly-CSharp
239,RequestInfoList,RequestInfoList,,Assembly-CSharp
240,WinzipAesEncryptionData,WinzipAesEncryptionData,Gpm.Common.ThirdParty.SharpCompress.Common.Zip,gpm_common
241,IDs,IDs,UnityEngine.Purchasing,Unity.Purchasing
242,ObscuredQuaternion.Editor,ObscuredQuaternion,CodeStage.AntiCheat.ObscuredTypes,ACTk.Runtime
243,ObscuredLong.API,ObscuredLong,CodeStage.AntiCheat.ObscuredTypes,ACTk.Runtime
244,Pkcs5S1ParametersGenerator,Pkcs5S1ParametersGenerator,BestHTTP.SecureProtocol.Org.BouncyCastle.Crypto.Generators,BestHTTP
245,SecT283R1Point,SecT283R1Point,BestHTTP.SecureProtocol.Org.BouncyCastle.Math.EC.Custom.Sec,BestHTTP
246,IntroManager,IntroManager,,Assembly-CSharp
247,RC2WrapEngine,RC2WrapEngine,BestHTTP.SecureProtocol.Org.BouncyCastle.Crypto.Engines,BestHTTP
248,RangeCoder,RangeCoder,Gpm.Common.ThirdParty.SharpCompress.Compressors.PPMd.H,gpm_common
249,ClientAuthenticationType,ClientAuthenticationType,BestHTTP.SecureProtocol.Org.BouncyCastle.Crypto.Tls,BestHTTP
250,relicInfo,relicInfo,,Assembly-CSharp
251,AgreementUtilities,AgreementUtilities,BestHTTP.SecureProtocol.Org.BouncyCastle.Security,BestHTTP
252,CMSSignedDataParser,CmsSignedDataParser,BestHTTP.SecureProtocol.Org.BouncyCastle.Cms,BestHTTP
253,CanvasScaler,CanvasScaler,UnityEngine.UI,UnityEngine.UI
254,BuildingReviveCheckPop,BuildingReviveCheckPop,,Assembly-CSharp
255,ObjectUtilsBridge,ObjectUtilsBridge,TMPro,Unity.InternalAPIEngineBridge.004
256,IGooglePlayStoreConnectionUseCase,IGooglePlayStoreConnectionUseCase,UnityEngine.Purchasing,Unity.Purchasing
257,PlayerStats,PlayerStats,GooglePlayGames.BasicApi,Google.Play.Games
258,Dropdown,Dropdown,UnityEngine.UI,UnityEngine.UI
259,EACObjectIdentifiers,EacObjectIdentifiers,BestHTTP.SecureProtocol.Org.BouncyCastle.Asn1.Eac,BestHTTP
260,RiftNpcCtrl,RiftNpcCtrl,,Assembly-CSharp
261,Ed25519PublicKeyParameters,Ed25519PublicKeyParameters,BestHTTP.SecureProtocol.Org.BouncyCastle.Crypto.Parameters,BestHTTP
262,MinimumBinaryHeap,MinimumBinaryHeap,Unity.Services.Core.Scheduler.Internal,Unity.Services.Core.Scheduler
263,ElGamalKeyPairGenerator,ElGamalKeyPairGenerator,BestHTTP.SecureProtocol.Org.BouncyCastle.Crypto.Generators,BestHTTP
264,AudioClipProperties,AudioClipProperties,UnityEngine.Timeline,Unity.Timeline
265,SmartFormatterLiteralCharacterExtractor,SmartFormatterLiteralCharacterExtractor,UnityEngine.Localization.SmartFormat,Unity.Localization
266,Kdf1BytesGenerator,Kdf1BytesGenerator,BestHTTP.SecureProtocol.Org.BouncyCastle.Crypto.Generators,BestHTTP
267,AbstractTlsSigner,AbstractTlsSigner,BestHTTP.SecureProtocol.Org.BouncyCastle.Crypto.Tls,BestHTTP
268,SecT239K1Point,SecT239K1Point,BestHTTP.SecureProtocol.Org.BouncyCastle.Math.EC.Custom.Sec,BestHTTP
269,ECGOST3410ParamSetParameters,ECGost3410ParamSetParameters,BestHTTP.SecureProtocol.Org.BouncyCastle.Asn1.CryptoPro,BestHTTP
270,DotNetUtilities,DotNetUtilities,BestHTTP.SecureProtocol.Org.BouncyCastle.Security,BestHTTP
271,Unpack.rawint_hpp,Unpack,Gpm.Common.ThirdParty.SharpCompress.Compressors.Rar.UnpackV2017,gpm_common
272,RecycleRelicList,RecycleRelicList,,Assembly-CSharp
273,CounterSignatureDigestCalculator,CounterSignatureDigestCalculator,BestHTTP.SecureProtocol.Org.BouncyCastle.Cms,BestHTTP
274,IXof,IXof,BestHTTP.SecureProtocol.Org.BouncyCastle.Crypto,BestHTTP
275,EntryStream,EntryStream,Gpm.Common.ThirdParty.SharpCompress.Common,gpm_common
276,AppleJsonSubscriptionOfferDeserializer,AppleJsonSubscriptionOfferDeserializer,Purchasing.Utilities,Unity.Purchasing
277,ISetStorePromotionVisibilityUseCase,ISetStorePromotionVisibilityUseCase,UnityEngine.Purchasing.UseCases.Interfaces,Unity.Purchasing
278,AttCertValidityPeriod,AttCertValidityPeriod,BestHTTP.SecureProtocol.Org.BouncyCastle.Asn1.X509,BestHTTP
279,PpmdProperties,PpmdProperties,Gpm.Common.ThirdParty.SharpCompress.Compressors.PPMd,gpm_common
280,organize,organize,,Assembly-CSharp
281,AlertDescription,AlertDescription,BestHTTP.SecureProtocol.Org.BouncyCastle.Crypto.Tls,BestHTTP
282,ProductServiceFactoryManager,ProductServiceFactoryManager,UnityEngine.Purchasing,Unity.Purchasing
283,DamageTesterInfo,DamageTesterInfo,,Assembly-CSharp
284,AdminHunterNameWData,AdminHunterNameWData,,Assembly-CSharp
285,TaskQueue,TaskQueue,UnityEngine.Purchasing,Unity.Purchasing.Utilities
286,FormatDelegate,FormatDelegate,UnityEngine.Localization.SmartFormat.Utilities,Unity.Localization
287,PemObjectParser,PemObjectParser,BestHTTP.SecureProtocol.Org.BouncyCastle.Utilities.IO.Pem,BestHTTP
288,chiefBlessing,chiefBlessing,,Assembly-CSharp
289,CollectionSetList,CollectionSetList,,Assembly-CSharp
290,TelemetryDiagnosticParams,TelemetryDiagnosticParams,UnityEngine.Purchasing.Telemetry,Unity.Purchasing
291,NaccacheSternKeyGenerationParameters,NaccacheSternKeyGenerationParameters,BestHTTP.SecureProtocol.Org.BouncyCastle.Crypto.Parameters,BestHTTP
292,UnderGroundRankPop,UnderGroundRankPop,,Assembly-CSharp
293,IExtension,IExtension,BestHTTP.WebSocket.Extensions,BestHTTP
294,DsaKeyParameters,DsaKeyParameters,BestHTTP.SecureProtocol.Org.BouncyCastle.Crypto.Parameters,BestHTTP
295,DetailInventoryList,DetailInventoryList,,Assembly-CSharp
296,PlaceholderClient,PlaceholderClient,GoogleMobileAds.Mediation.Pangle.Common,GoogleMobileAds.Mediation.Pangle.Common
297,PluginEvents,PluginEventInfo,BestHTTP.Core,BestHTTP
298,JsonWriter,JsonWriter,JsonFx.Json,Assembly-CSharp
299,Req,Req,BestHTTP.SecureProtocol.Org.BouncyCastle.Ocsp,BestHTTP
300,AdminHunterNameMData,AdminHunterNameMData,,Assembly-CSharp
301,AdminExchangeShowData,AdminExchangeShowData,,Assembly-CSharp
302,TlsCipherFactory,TlsCipherFactory,BestHTTP.SecureProtocol.Org.BouncyCastle.Crypto.Tls,BestHTTP
303,VisibilityAttribute,VisibilityAttribute,Unity.Services.Core.Internal,Unity.Services.Core.Internal
304,DigestStore,DigestStore,BestHTTP.Authentication,BestHTTP
305,AdventureUserData,AdventureUserData,,Assembly-CSharp
306,SecP256K1FieldElement,SecP256K1FieldElement,BestHTTP.SecureProtocol.Org.BouncyCastle.Math.EC.Custom.Sec,BestHTTP
307,OCSPReq,OcspReq,BestHTTP.SecureProtocol.Org.BouncyCastle.Ocsp,BestHTTP
308,DHParametersGenerator,DHParametersGenerator,BestHTTP.SecureProtocol.Org.BouncyCastle.Crypto.Generators,BestHTTP
309,BERSetGenerator,BerSetGenerator,BestHTTP.SecureProtocol.Org.BouncyCastle.Asn1,BestHTTP
310,UILineRenderer,UILineRenderer,,Assembly-CSharp
311,ObscuredVector2Int.Editor,ObscuredVector2Int,CodeStage.AntiCheat.ObscuredTypes,ACTk.Runtime
312,DHPrivateKeyParameters,DHPrivateKeyParameters,BestHTTP.SecureProtocol.Org.BouncyCastle.Crypto.Parameters,BestHTTP
313,ObscuredQuaternion.API,ObscuredQuaternion,CodeStage.AntiCheat.ObscuredTypes,ACTk.Runtime
314,MagicComposePop,MagicComposePop,,Assembly-CSharp
315,RoleSyntax,RoleSyntax,BestHTTP.SecureProtocol.Org.BouncyCastle.Asn1.X509,BestHTTP
316,DefaultAuthenticatedAttributeTableGenerator,DefaultAuthenticatedAttributeTableGenerator,BestHTTP.SecureProtocol.Org.BouncyCastle.Cms,BestHTTP
317,EncryptedPrivateKeyInfoFactory,EncryptedPrivateKeyInfoFactory,BestHTTP.SecureProtocol.Org.BouncyCastle.Pkcs,BestHTTP
318,gearHelmet,gearHelmet,,Assembly-CSharp
319,Mod,Mod,BestHTTP.SecureProtocol.Org.BouncyCastle.Math.Raw,BestHTTP
320,INativeStore,INativeStore,UnityEngine.Purchasing,Unity.Purchasing
321,LZ4Codec,LZ4Codec,Gpm.Common.ThirdParty.MessagePack.LZ4,gpm_common
322,CMSObjectIdentifiers,CmsObjectIdentifiers,BestHTTP.SecureProtocol.Org.BouncyCastle.Asn1.Cms,BestHTTP
323,AdminProductData,AdminProductData,,Assembly-CSharp
324,InitializationObjectsOperation,InitalizationObjectsOperation,UnityEngine.ResourceManagement.AsyncOperations,Unity.Addressables
325,GuildManager,GuildManager,,Assembly-CSharp
326,CheckEntitlementRequest,CheckEntitlementRequest,UnityEngine.Purchasing,Unity.Purchasing
327,Unpack.unpack50_cpp,Unpack,Gpm.Common.ThirdParty.SharpCompress.Compressors.Rar.UnpackV2017,gpm_common
328,AdventureInfo,AdventureInfo,,Assembly-CSharp
329,ContentCatalogProvider,ContentCatalogProvider,UnityEngine.AddressableAssets.ResourceProviders,Unity.Addressables
330,Strings,Strings,BestHTTP.SecureProtocol.Org.BouncyCastle.Utilities,BestHTTP
331,combinedInfomationData,combinedInfomationData,,Assembly-CSharp
332,NotificationPermission,PermissionRequest,Unity.Notifications.Android,Unity.Notifications.Android
333,ReflectionExtensions,ReflectionExtensions,Gpm.Common.ThirdParty.MessagePack.Internal,gpm_common
334,ITransactionLog,ITransactionLog,UnityEngine.Purchasing,Unity.Purchasing.Utilities
335,AdminNpcSpeachData,AdminNpcSpeachData,,Assembly-CSharp
336,ECDHBasicAgreement,ECDHBasicAgreement,BestHTTP.SecureProtocol.Org.BouncyCastle.Crypto.Agreement,BestHTTP
337,PangleClientFactory,PangleClientFactory,GoogleMobileAds.Mediation.Pangle,GoogleMobileAds.Mediation.Pangle.Mediation
338,SecP160K1Curve,SecP160K1Curve,BestHTTP.SecureProtocol.Org.BouncyCastle.Math.EC.Custom.Sec,BestHTTP
339,RarReader,RarReader,Gpm.Common.ThirdParty.SharpCompress.Readers.Rar,gpm_common
340,ShopGearDetailPop,ShopGearDetailPop,,Assembly-CSharp
341,ProductService,ProductService,UnityEngine.Purchasing,Unity.Purchasing
342,TlsCompression,TlsCompression,BestHTTP.SecureProtocol.Org.BouncyCastle.Crypto.Tls,BestHTTP
343,MaterialReferenceManager,MaterialReferenceManager,TMPro,Unity.TextMeshPro
344,RaidMoreInfoPop,RaidMoreInfoPop,,Assembly-CSharp
345,SecT113Field,SecT113Field,BestHTTP.SecureProtocol.Org.BouncyCastle.Math.EC.Custom.Sec,BestHTTP
346,Tables64kGcmMultiplier,Tables64kGcmMultiplier,BestHTTP.SecureProtocol.Org.BouncyCastle.Crypto.Modes.Gcm,BestHTTP
347,DerPrintableString,DerPrintableString,BestHTTP.SecureProtocol.Org.BouncyCastle.Asn1,BestHTTP
348,PkixCertPathValidator,PkixCertPathValidator,BestHTTP.SecureProtocol.Org.BouncyCastle.Pkix,BestHTTP
349,ZDeflaterOutputStream,ZDeflaterOutputStream,BestHTTP.SecureProtocol.Org.BouncyCastle.Utilities.Zlib,BestHTTP
350,DerBMPString,DerBmpString,BestHTTP.SecureProtocol.Org.BouncyCastle.Asn1,BestHTTP
351,KeyAgreeRecipientInfoGenerator,KeyAgreeRecipientInfoGenerator,BestHTTP.SecureProtocol.Org.BouncyCastle.Cms,BestHTTP
352,GetDownloadSizeOperation,GetDownloadSizeOperation,UnityEngine.ResourceManagement.AsyncOperations,Unity.ResourceManager
353,SuppressLogAttribute,SuppressLogAttribute,Beebyte.Obfuscator,Assembly-CSharp-firstpass
354,BlendModeMaterialsAsset,BlendModeMaterialsAsset,Spine.Unity,spine-unity
355,X509CertStoreSelector,X509CertStoreSelector,BestHTTP.SecureProtocol.Org.BouncyCastle.X509.Store,BestHTTP
356,CertificatePolicies,CertificatePolicies,BestHTTP.SecureProtocol.Org.BouncyCastle.Asn1.X509,BestHTTP
357,CertStatus,CertStatus,BestHTTP.SecureProtocol.Org.BouncyCastle.Pkix,BestHTTP
358,HeroicJobSkillTreeList,HeroicJobSkillTreeList,,Assembly-CSharp
359,ASN1StreamParser,Asn1StreamParser,BestHTTP.SecureProtocol.Org.BouncyCastle.Asn1,BestHTTP
360,HTTP1Handler,HTTP1Handler,BestHTTP.Connections,BestHTTP
361,TlsClientContext,TlsClientContext,BestHTTP.SecureProtocol.Org.BouncyCastle.Crypto.Tls,BestHTTP
362,RetryService,RetryService,UnityEngine.Purchasing,Unity.Purchasing
363,VMPreparedOperand,VMPreparedOperand,Gpm.Common.ThirdParty.SharpCompress.Compressors.Rar.VM,gpm_common
364,AdminRidingPetGearBoxData,AdminRidingPetGearBoxData,,Assembly-CSharp
365,RawImage,RawImage,UnityEngine.UI,UnityEngine.UI
366,IAppLovinClient,IAppLovinClient,GoogleMobileAds.Mediation.AppLovin.Common,GoogleMobileAds.Mediation.AppLovin.Common
367,UnpackFilter,UnpackFilter,Gpm.Common.ThirdParty.SharpCompress.Compressors.Rar.UnpackV1,gpm_common
368,ObscuredInt,ObscuredInt,CodeStage.AntiCheat.ObscuredTypes,ACTk.Runtime
369,MeshAttachment,MeshAttachment,Spine,spine-csharp
370,GearCreateRowList,GearCreateRowList,,Assembly-CSharp
371,UnityResolver,UnityResolver,Gpm.Common.ThirdParty.MessagePack.Unity,gpm_common
372,AppleStoreExtendedService,AppleStoreExtendedService,UnityEngine.Purchasing.Services,Unity.Purchasing
373,Nat128,Nat128,BestHTTP.SecureProtocol.Org.BouncyCastle.Math.Raw,BestHTTP
374,AesLightEngine,AesLightEngine,BestHTTP.SecureProtocol.Org.BouncyCastle.Crypto.Engines,BestHTTP
375,SecP224K1Field,SecP224K1Field,BestHTTP.SecureProtocol.Org.BouncyCastle.Math.EC.Custom.Sec,BestHTTP
376,FontData,FontData,UnityEngine.UI,UnityEngine.UI
377,JPakePrimeOrderGroups,JPakePrimeOrderGroups,BestHTTP.SecureProtocol.Org.BouncyCastle.Crypto.Agreement.JPake,BestHTTP
378,CRC,CRC,Gpm.Common.ThirdParty.SharpCompress.Compressors.BZip2,gpm_common
379,AdminSubJobSkillData,AdminSubJobSkillData,,Assembly-CSharp
380,RespID,RespID,BestHTTP.SecureProtocol.Org.BouncyCastle.Ocsp,BestHTTP
381,TlsSrtpUtilities,TlsSRTPUtils,BestHTTP.SecureProtocol.Org.BouncyCastle.Crypto.Tls,BestHTTP
382,ObscuredPrefs.ObscuredTypes,ObscuredPrefs,CodeStage.AntiCheat.Storage,ACTk.Runtime
383,questData,questData,,Assembly-CSharp
384,DummyClient,DummyClient,GoogleMobileAds.Mediation.AppLovin.Common,GoogleMobileAds.Mediation.AppLovin.Common
385,TlsDHUtilities,TlsDHUtilities,BestHTTP.SecureProtocol.Org.BouncyCastle.Crypto.Tls,BestHTTP
386,HeaderValue,HeaderValue,BestHTTP.Extensions,BestHTTP
387,RectTransformExtensions,RectTransformExtensions,,Assembly-CSharp
388,GZipDecompressor,GZipDecompressor,BestHTTP.Decompression,BestHTTP
389,CMac,CMac,BestHTTP.SecureProtocol.Org.BouncyCastle.Crypto.Macs,BestHTTP
390,ObscuredLong,ObscuredLong,CodeStage.AntiCheat.ObscuredTypes,ACTk.Runtime
391,MD2Digest,MD2Digest,BestHTTP.SecureProtocol.Org.BouncyCastle.Crypto.Digests,BestHTTP
392,AdminNewRaidData,AdminNewRaidData,,Assembly-CSharp
393,KDFDoublePipelineIterationBytesGenerator,KdfDoublePipelineIterationBytesGenerator,BestHTTP.SecureProtocol.Org.BouncyCastle.Crypto.Generators,BestHTTP
394,See2Context,See2Context,Gpm.Common.ThirdParty.SharpCompress.Compressors.PPMd.I1,gpm_common
395,BinaryCatalogInitializationData,BinaryCatalogInitializationData,UnityEngine.ResourceManagement.ResourceProviders,Unity.ResourceManager
396,Dispatcher,Dispatcher,Unity.Services.Analytics.Internal,Unity.Services.Analytics
397,CAKeyUpdAnnContent,CAKeyUpdAnnContent,BestHTTP.SecureProtocol.Org.BouncyCastle.Asn1.Cmp,BestHTTP
398,BaseInput,BaseInput,UnityEngine.EventSystems,UnityEngine.UI
399,FieldNpcCtrl,FieldNpcCtrl,,Assembly-CSharp
400,Blake2sDigest,Blake2sDigest,BestHTTP.SecureProtocol.Org.BouncyCastle.Crypto.Digests,BestHTTP
401,RarRijndael,RarRijndael,Gpm.Common.ThirdParty.SharpCompress.Common.Rar,gpm_common
402,NISTObjectIdentifiers,NistObjectIdentifiers,BestHTTP.SecureProtocol.Org.BouncyCastle.Asn1.Nist,BestHTTP
403,BuildingCompCheckPop,BuildingCompCheckPop,,Assembly-CSharp
404,AppleFetchProductsService,AppleFetchProductsService,UnityEngine.Purchasing,Unity.Purchasing
405,SecT283K1Point,SecT283K1Point,BestHTTP.SecureProtocol.Org.BouncyCastle.Math.EC.Custom.Sec,BestHTTP
406,ExtensibleProductService,ExtensibleProductService,UnityEngine.Purchasing,Unity.Purchasing
407,SignalEmitter,SignalEmitter,UnityEngine.Timeline,Unity.Timeline
408,ScheduledInvocationComparer,ScheduledInvocationComparer,Unity.Services.Core.Scheduler.Internal,Unity.Services.Core.Scheduler
409,IBillingClientStateListener,IBillingClientStateListener,UnityEngine.Purchasing.Interfaces,Unity.Purchasing
410,DHKekGenerator,DHKekGenerator,BestHTTP.SecureProtocol.Org.BouncyCastle.Crypto.Agreement.Kdf,BestHTTP
411,ControlTrack,ControlTrack,UnityEngine.Timeline,Unity.Timeline
412,ConfirmedOrder,ConfirmedOrder,UnityEngine.Purchasing,Unity.Purchasing
413,RegionlessAttachmentLoader,RegionlessAttachmentLoader,Spine.Unity,spine-unity
414,DataWriterProvider,DataWriterProvider,JsonFx.Json,Assembly-CSharp
415,TextDataProvider,TextDataProvider,UnityEngine.ResourceManagement.ResourceProviders,Unity.ResourceManager
416,AuthorityInformationAccess,AuthorityInformationAccess,BestHTTP.SecureProtocol.Org.BouncyCastle.Asn1.X509,BestHTTP
417,FallenPastureMenuPop,FallenPastureMenuPop,,Assembly-CSharp
418,BufferSegmentStream,BufferSegmentStream,BestHTTP.Extensions,BestHTTP
419,AdventureHunterCtrl,AdventureHunterCtrl,,Assembly-CSharp
420,GearSlotEngravingPop,GearSlotEngravingPop,,Assembly-CSharp
421,chiefSkill,chiefSkill,,Assembly-CSharp
422,GuidBits,GuidBits,Gpm.Common.ThirdParty.MessagePack.Internal,gpm_common
423,MultilanguageXml,MultilanguageXml,Gpm.Common.Multilanguage.Internal,gpm_common
424,Pkcs12Store,Pkcs12Store,BestHTTP.SecureProtocol.Org.BouncyCastle.Pkcs,BestHTTP
425,IStoreListener,IStoreListener,UnityEngine.Purchasing,Unity.Purchasing
426,KeyAgreeRecipientInformation,KeyAgreeRecipientInformation,BestHTTP.SecureProtocol.Org.BouncyCastle.Cms,BestHTTP
427,OtherSigningCertificate,OtherSigningCertificate,BestHTTP.SecureProtocol.Org.BouncyCastle.Asn1.Esf,BestHTTP
428,X931Rng,X931Rng,BestHTTP.SecureProtocol.Org.BouncyCastle.Crypto.Prng,BestHTTP
429,Attributes,MessagePackObjectAttribute,Gpm.Common.ThirdParty.MessagePack,gpm_common
430,CRC32,CRC32,BestHTTP.Decompression.Crc,BestHTTP
431,IAppleExtensions,IAppleExtensions,UnityEngine.Purchasing,Unity.Purchasing
432,GOST3411_2012_512Digest,Gost3411_2012_512Digest,BestHTTP.SecureProtocol.Org.BouncyCastle.Crypto.Digests,BestHTTP
433,AdminDarknessPrinceData,AdminDarknessPrinceData,,Assembly-CSharp
434,ObscuredVector2.API,ObscuredVector2,CodeStage.AntiCheat.ObscuredTypes,ACTk.Runtime
435,PolicyQualifierId,PolicyQualifierID,BestHTTP.SecureProtocol.Org.BouncyCastle.Asn1.X509,BestHTTP
436,SubscriptionInfoHelper,SubscriptionInfoHelper,UnityEngine.Purchasing,Unity.Purchasing
437,product,product,,Assembly-CSharp
438,TSPValidationException,TspValidationException,BestHTTP.SecureProtocol.Org.BouncyCastle.Tsp,BestHTTP
439,LocalizedGameObjectEvent,LocalizedGameObjectEvent,UnityEngine.Localization.Components,Unity.Localization
440,TextureRegion,TextureRegion,Spine,spine-csharp
441,SetAppAccountTokenUseCase,SetAppAccountTokenUseCase,UnityEngine.Purchasing.UseCases,Unity.Purchasing
442,SerializableProjectConfiguration,SerializableProjectConfiguration,Unity.Services.Core.Configuration,Unity.Services.Core.Configuration
443,X509ExtensionsGenerator,X509ExtensionsGenerator,BestHTTP.SecureProtocol.Org.BouncyCastle.Asn1.X509,BestHTTP
444,TelemetryMetricDefinition,TelemetryMetricDefinition,UnityEngine.Purchasing.Telemetry,Unity.Purchasing
445,SearchOptionCheckList,SearchOptionCheckList,,Assembly-CSharp
446,SingularSdidAccessorHandler,SingularSdidAccessorHandler,Singular,SingularSDK
447,DefaultVerifierCalculator,DefaultVerifierCalculator,BestHTTP.SecureProtocol.Org.BouncyCastle.Crypto.Operators,BestHTTP
448,JSONSerializer,JSONSerializer,UnityEngine.Purchasing,Unity.Purchasing
449,IHub,IHub,BestHTTP.SignalR.Hubs,BestHTTP
450,HC128Engine,HC128Engine,BestHTTP.SecureProtocol.Org.BouncyCastle.Crypto.Engines,BestHTTP
451,SignerIdentifier,SignerIdentifier,BestHTTP.SecureProtocol.Org.BouncyCastle.Asn1.Cms,BestHTTP
452,ISO18033KDFParameters,Iso18033KdfParameters,BestHTTP.SecureProtocol.Org.BouncyCastle.Crypto.Parameters,BestHTTP
453,IAeadBlockCipher,IAeadBlockCipher,BestHTTP.SecureProtocol.Org.BouncyCastle.Crypto.Modes,BestHTTP
454,BaseIndicator,BaseIndicator,Gpm.Common.Indicator.Internal,gpm_common
455,AddressHelper,AddressHelper,UnityEngine.Localization,Unity.Localization
456,GearCombinationHelpList,GearCombinationHelpList,,Assembly-CSharp
457,Curve25519Field,Curve25519Field,BestHTTP.SecureProtocol.Org.BouncyCastle.Math.EC.Custom.Djb,BestHTTP
458,LzmaEncoderProperties,LzmaEncoderProperties,Gpm.Common.ThirdParty.SharpCompress.Compressors.LZMA,gpm_common
459,PKIConfirmContent,PkiConfirmContent,BestHTTP.SecureProtocol.Org.BouncyCastle.Asn1.Cmp,BestHTTP
460,OCSPRespStatus,OcscpRespStatus,BestHTTP.SecureProtocol.Org.BouncyCastle.Ocsp,BestHTTP
461,Triangles,Triangles,UnityStandardAssets.ImageEffects,Assembly-CSharp-firstpass
462,IAppleStoreCallbacks,IAppleStoreCallbacks,UnityEngine.Purchasing,Unity.Purchasing
463,ExpressionUtility,ExpressionUtility,Gpm.Common.ThirdParty.MessagePack.Internal,gpm_common
464,RipeMD128Digest,RipeMD128Digest,BestHTTP.SecureProtocol.Org.BouncyCastle.Crypto.Digests,BestHTTP
465,LocalizedStringDatabase,LocalizedStringDatabase,UnityEngine.Localization.Settings,Unity.Localization
466,BigInteger,BigInteger,BestHTTP.SecureProtocol.Org.BouncyCastle.Math,BestHTTP
467,LocalizedString.databinding,LocalVariable,UnityEngine.Localization,Unity.Localization
468,Crc64,Crc64,Gpm.Common.ThirdParty.SharpCompress.Compressors.Xz,gpm_common
469,TelemetryMetricParams,TelemetryMetricParams,UnityEngine.Purchasing.Telemetry,Unity.Purchasing
470,AsyncOperation,AsyncOperation,Unity.Services.Core.Internal,Unity.Services.Core.Internal
471,MultipartStreamRequiredException,MultipartStreamRequiredException,Gpm.Common.ThirdParty.SharpCompress.Common,gpm_common
472,OCSPResp,OcspResp,BestHTTP.SecureProtocol.Org.BouncyCastle.Ocsp,BestHTTP
473,DefaultTlsEncryptionCredentials,DefaultTlsEncryptionCredentials,BestHTTP.SecureProtocol.Org.BouncyCastle.Crypto.Tls,BestHTTP
474,DigestSink,DigestSink,BestHTTP.SecureProtocol.Org.BouncyCastle.Crypto.IO,BestHTTP
475,GpmWebViewAndroidPostBuildProcessor,GpmWebViewAndroidPostBuildProcessor,Gpm.WebView.Editor,gpm_webview
476,IRetryPolicyInformation,IRetryPolicyInformation,UnityEngine.Purchasing,Unity.Purchasing
477,PasswordException,PasswordException,BestHTTP.SecureProtocol.Org.BouncyCastle.Security,BestHTTP
478,RiftNpcList,RiftNpcList,,Assembly-CSharp
479,DefaultJsonEncoder,DefaultJsonEncoder,BestHTTP.SignalR.JsonEncoders,BestHTTP
480,IReader,IReader,Gpm.Common.ThirdParty.SharpCompress.Readers,gpm_common
481,CodeHashGenerator,CodeHashGenerator,CodeStage.AntiCheat.Genuine.CodeHash,ACTk.Runtime
482,AdminChiefSecretBoxData,AdminChiefSecretBoxData,,Assembly-CSharp
483,ScrollRect,ScrollRect,UnityEngine.UI,UnityEngine.UI
484,TarWritableArchiveEntry,TarWritableArchiveEntry,Gpm.Common.ThirdParty.SharpCompress.Archives.Tar,gpm_common
485,fallenRanchRewardData,fallenRanchRewardData,,Assembly-CSharp
486,NewtonsoftSerializer,NewtonsoftSerializer,Unity.Services.Core.Internal.Serialization,Unity.Services.Core.Internal
487,DsaPublicKeyParameters,DsaPublicKeyParameters,BestHTTP.SecureProtocol.Org.BouncyCastle.Crypto.Parameters,BestHTTP
488,ConstructedOctetStream,ConstructedOctetStream,BestHTTP.SecureProtocol.Org.BouncyCastle.Asn1,BestHTTP
489,ECBasisType,ECBasisType,BestHTTP.SecureProtocol.Org.BouncyCastle.Crypto.Tls,BestHTTP
490,AppleExtensions,AppleExtensions,UnityEngine.Purchasing,Unity.Purchasing
491,ExponentialBackOffRetryPolicy,ExponentialBackOffRetryPolicy,UnityEngine.Purchasing,Unity.Purchasing
492,Asn1Encodable,Asn1Encodable,BestHTTP.SecureProtocol.Org.BouncyCastle.Asn1,BestHTTP
493,SmartSettings,SmartSettings,UnityEngine.Localization.SmartFormat.Core.Settings,Unity.Localization
494,LzInWindow,InWindow,Gpm.Common.ThirdParty.SharpCompress.Compressors.LZMA.LZ,gpm_common
495,Locale,Locale,UnityEngine.Localization,Unity.Localization
496,AdventureNpcAbilityList,AdventureNpcAbilityList,,Assembly-CSharp
497,GearOptionModificationPop,GearOptionModificationPop,,Assembly-CSharp
498,TransportBase,TransportBase,BestHTTP.SignalRCore.Transports,BestHTTP
499,PollReqContent,PollReqContent,BestHTTP.SecureProtocol.Org.BouncyCastle.Asn1.Cmp,BestHTTP
500,IOnboardingSection,IOnboardingSection,Unity.Multiplayer.Center.Common,Unity.Multiplayer.Center.Common
501,EncryptionScheme,EncryptionScheme,BestHTTP.SecureProtocol.Org.BouncyCastle.Asn1.Pkcs,BestHTTP
502,CertificateNotYetValidException,CertificateNotYetValidException,BestHTTP.SecureProtocol.Org.BouncyCastle.Security.Certificates,BestHTTP
503,SkeletonPartsRenderer,SkeletonPartsRenderer,Spine.Unity,spine-unity
504,BoundingBoxFollowerGraphic,BoundingBoxFollowerGraphic,Spine.Unity,spine-unity
505,Sha256Digest,Sha256Digest,BestHTTP.SecureProtocol.Org.BouncyCastle.Crypto.Digests,BestHTTP
506,LinkedDictionary,LinkedDictionary,BestHTTP.SecureProtocol.Org.BouncyCastle.Utilities.Collections,BestHTTP
507,PKIFreeText,PkiFreeText,BestHTTP.SecureProtocol.Org.BouncyCastle.Asn1.Cmp,BestHTTP
508,ArchiveCryptHeader,ArchiveCryptHeader,Gpm.Common.ThirdParty.SharpCompress.Common.Rar.Headers,gpm_common
509,CommonTypes,CommonTypesUtil,GooglePlayGames.BasicApi,Google.Play.Games
510,FieldBossLevelPop,FieldBossLevelPop,,Assembly-CSharp
511,IPlayerId,IPlayerId,Unity.Services.Authentication.Internal,Unity.Services.Core.Internal
512,buildData,buildData,,Assembly-CSharp
513,DerSequence,DerSequence,BestHTTP.SecureProtocol.Org.BouncyCastle.Asn1,BestHTTP
514,TimeStampRequestGenerator,TimeStampRequestGenerator,BestHTTP.SecureProtocol.Org.BouncyCastle.Tsp,BestHTTP
515,TimeCheatingDetector,TimeCheatingDetector,CodeStage.AntiCheat.Detectors,ACTk.Runtime
516,AdminQuestData,AdminQuestData,,Assembly-CSharp
517,ExtensionProvider,ExtensionProvider,UnityEngine.Purchasing,Unity.Purchasing
518,ECDHKekGenerator,ECDHKekGenerator,BestHTTP.SecureProtocol.Org.BouncyCastle.Crypto.Agreement.Kdf,BestHTTP
519,Placeholder,Placeholder,UnityEngine.Localization.SmartFormat.Core.Parsing,Unity.Localization
520,GOST3410KeyGenerationParameters,Gost3410KeyGenerationParameters,BestHTTP.SecureProtocol.Org.BouncyCastle.Crypto.Parameters,BestHTTP
521,CCoderInfo,CCoderInfo,Gpm.Common.ThirdParty.SharpCompress.Common.SevenZip,gpm_common
522,ResponderID,ResponderID,BestHTTP.SecureProtocol.Org.BouncyCastle.Asn1.Ocsp,BestHTTP
523,FileNameDecoder,FileNameDecoder,Gpm.Common.ThirdParty.SharpCompress.Common.Rar.Headers,gpm_common
524,StoreFactory,StoreFactory,UnityEngine.Purchasing,Unity.Purchasing.Stores
525,Unpack15,Unpack,Gpm.Common.ThirdParty.SharpCompress.Compressors.Rar.UnpackV1,gpm_common
526,Pack,Pack,BestHTTP.SecureProtocol.Org.BouncyCastle.Crypto.Utilities,BestHTTP
527,Nat256,Nat256,BestHTTP.SecureProtocol.Org.BouncyCastle.Math.Raw,BestHTTP
528,Asn1Tags,Asn1Tags,BestHTTP.SecureProtocol.Org.BouncyCastle.Asn1,BestHTTP
529,LimitBreakGearRowList,LimitBreakGearRowList,,Assembly-CSharp
530,Selector,Selector,UnityEngine.Localization.SmartFormat.Core.Parsing,Unity.Localization
531,Filter,Filter,Gpm.Common.ThirdParty.SharpCompress.Compressors.Filters,gpm_common
532,gearBeltData,gearBeltData,,Assembly-CSharp
533,shinyCostumeBox,shinyCostumeBox,,Assembly-CSharp
534,TimeControlPlayable,TimeControlPlayable,UnityEngine.Timeline,Unity.Timeline
535,DataConverter,DataConverter,Gpm.Common.ThirdParty.SharpCompress.Converters,gpm_common
536,GOST3410KeyParameters,Gost3410KeyParameters,BestHTTP.SecureProtocol.Org.BouncyCastle.Crypto.Parameters,BestHTTP
537,ServiceRegistry,ServiceRegistry,Unity.Services.Core.Internal,Unity.Services.Core.Internal
538,ILayerable,ILayerable,UnityEngine.Timeline,Unity.Timeline
539,SecT409R1Curve,SecT409R1Curve,BestHTTP.SecureProtocol.Org.BouncyCastle.Math.EC.Custom.Sec,BestHTTP
540,InAppRewardPop,InAppRewardPop,,Assembly-CSharp
541,IFormatterLiteralExtractor,IFormatterLiteralExtractor,UnityEngine.Localization.SmartFormat.Core.Extensions,Unity.Localization
542,ColoEntryPop,ColoEntryPop,,Assembly-CSharp
543,gearSkillData,gearSkillData,,Assembly-CSharp
544,combinedInfomation,combinedInfomation,,Assembly-CSharp
545,NavMeshModifier,NavMeshModifier,Unity.AI.Navigation,Unity.AI.Navigation
546,SignerStream,SignerStream,BestHTTP.SecureProtocol.Org.BouncyCastle.Crypto.IO,BestHTTP
547,CertificationRequest,CertificationRequest,BestHTTP.SecureProtocol.Org.BouncyCastle.Asn1.Pkcs,BestHTTP
548,CMSAuthenticatedData,CmsAuthenticatedData,BestHTTP.SecureProtocol.Org.BouncyCastle.Cms,BestHTTP
549,SecT409FieldElement,SecT409FieldElement,BestHTTP.SecureProtocol.Org.BouncyCastle.Math.EC.Custom.Sec,BestHTTP
550,GoogleBillingStrings,GoogleBillingStrings,UnityEngine.Purchasing.Models,Unity.Purchasing.Stores
551,ObscuredFileHeader,ObscuredFileHeader,CodeStage.AntiCheat.Storage,ACTk.Runtime
552,privacyData,privacyData,,Assembly-CSharp
553,CommandLineLocaleSelector,CommandLineLocaleSelector,UnityEngine.Localization.Settings,Unity.Localization
554,PbeParametersGenerator,PbeParametersGenerator,BestHTTP.SecureProtocol.Org.BouncyCastle.Crypto,BestHTTP
555,GearExchangeCheckPop,GearExchangeCheckPop,,Assembly-CSharp
556,BaseInputModule,BaseInputModule,UnityEngine.EventSystems,UnityEngine.UI
557,DerGeneralizedTime,DerGeneralizedTime,BestHTTP.SecureProtocol.Org.BouncyCastle.Asn1,BestHTTP
558,SignedData,SignedData,BestHTTP.SecureProtocol.Org.BouncyCastle.Asn1.Pkcs,BestHTTP
559,AnalyticsContainer,AnalyticsContainer,Unity.Services.Analytics,Unity.Services.Analytics
560,DSTU7624Mac,Dstu7624Mac,BestHTTP.SecureProtocol.Org.BouncyCastle.Crypto.Macs,BestHTTP
561,GOST28147Parameters,Gost28147Parameters,BestHTTP.SecureProtocol.Org.BouncyCastle.Asn1.CryptoPro,BestHTTP
562,PangleClient,PangleClient,GoogleMobileAds.Mediation.Pangle.Android,GoogleMobileAds.Mediation.Pangle.Android
563,TimelineUndo,TimelineUndo,UnityEngine.Timeline,Unity.Timeline
564,adventureNpcData,adventureNpcData,,Assembly-CSharp
565,property,property,,Assembly-CSharp
566,BillingClientFactory,BillingClientFactory,UnityEngine.Purchasing.GoogleBilling,Unity.Purchasing.Stores
567,HTTPCacheFileInfo,HTTPCacheFileInfo,BestHTTP.Caching,BestHTTP
568,GF2Polynomial,GF2Polynomial,BestHTTP.SecureProtocol.Org.BouncyCastle.Math.Field,BestHTTP
569,EnhancedScrollerCellView,EnhancedScrollerCellView,EnhancedUI.EnhancedScroller,EnhancedScroller_asmdef
570,DpsRankPop,DpsRankPop,,Assembly-CSharp
571,GpmLogger,GpmLogger,Gpm.Common.Log,gpm_common
572,IStoreInternal,IStoreInternal,UnityEngine.Purchasing,Unity.Purchasing.Stores
573,GpmWebViewRequest.CustomSchemePostCommand,GpmWebViewRequest,Gpm.WebView,gpm_webview
574,SucceedPropertyDragList,SucceedPropertyDragList,,Assembly-CSharp
575,PvPSelectPop,PvPSelectPop,,Assembly-CSharp
576,ColorCorrectionCurves,ColorCorrectionCurves,UnityStandardAssets.ImageEffects,Assembly-CSharp-firstpass
577,NpcData,NpcData,,Assembly-CSharp
578,HunterSortPop,HunterSortPop,,Assembly-CSharp
579,Sha384Digest,Sha384Digest,BestHTTP.SecureProtocol.Org.BouncyCastle.Crypto.Digests,BestHTTP
580,TMP_SpriteCharacter,TMP_SpriteCharacter,TMPro,Unity.TextMeshPro
581,KDFCounterBytesGenerator,KdfCounterBytesGenerator,BestHTTP.SecureProtocol.Org.BouncyCastle.Crypto.Generators,BestHTTP
582,MultiVolumeReadOnlyStream,MultiVolumeReadOnlyStream,Gpm.Common.ThirdParty.SharpCompress.Compressors.Rar,gpm_common
583,Format,Format,UnityEngine.Localization.SmartFormat.Core.Parsing,Unity.Localization
584,ProfessionInfo,ProfessionInfo,BestHTTP.SecureProtocol.Org.BouncyCastle.Asn1.IsisMtt.X509,BestHTTP
585,RecallRunesPop,RecallRunesPop,,Assembly-CSharp
586,riftRewardData,riftRewardData,,Assembly-CSharp
587,Socket,Socket,BestHTTP.SocketIO,BestHTTP
588,RidingPetGearRecycleRowList,RidingPetGearRecycleRowList,,Assembly-CSharp
589,DarknessPrinceRewardRowList,DarknessPrinceRewardRowList,,Assembly-CSharp
590,MemoableResetException,MemoableResetException,BestHTTP.SecureProtocol.Org.BouncyCastle.Utilities,BestHTTP
591,TMP_TextProcessingStack,TMP_FontStyleStack,TMPro,Unity.TextMeshPro
592,costumeBoxOne,costumeBoxOne,,Assembly-CSharp
593,IMaterialModifier,IMaterialModifier,UnityEngine.UI,UnityEngine.UI
594,BoneData,BoneData,Spine,spine-csharp
595,raid,raid,,Assembly-CSharp
596,TMP_Compatibility,TMP_Compatibility,TMPro,Unity.TextMeshPro
597,WTauNafMultiplier,WTauNafMultiplier,BestHTTP.SecureProtocol.Org.BouncyCastle.Math.EC.Multiplier,BestHTTP
598,StoreConfiguration,StoreConfiguration,UnityEngine.Purchasing,Unity.Purchasing
599,TlsSrpKeyExchange,TlsSrpKeyExchange,BestHTTP.SecureProtocol.Org.BouncyCastle.Crypto.Tls,BestHTTP
600,SecT113FieldElement,SecT113FieldElement,BestHTTP.SecureProtocol.Org.BouncyCastle.Math.EC.Custom.Sec,BestHTTP
601,BasicGcmMultiplier,BasicGcmMultiplier,BestHTTP.SecureProtocol.Org.BouncyCastle.Crypto.Modes.Gcm,BestHTTP
602,HTTP2PluginSettings,HTTP2PluginSettings,BestHTTP.Connections.HTTP2,BestHTTP
603,RecallAccess,RecallAccess,GooglePlayGames.BasicApi,Google.Play.Games
604,SecP192K1Field,SecP192K1Field,BestHTTP.SecureProtocol.Org.BouncyCastle.Math.EC.Custom.Sec,BestHTTP
605,DefaultTlsAgreementCredentials,DefaultTlsAgreementCredentials,BestHTTP.SecureProtocol.Org.BouncyCastle.Crypto.Tls,BestHTTP
606,HunterClickCtrl,HunterClickCtrl,,Assembly-CSharp
607,ActivationTrack,ActivationTrack,UnityEngine.Timeline,Unity.Timeline
608,SHA3Digest,Sha3Digest,BestHTTP.SecureProtocol.Org.BouncyCastle.Crypto.Digests,BestHTTP
609,AdditionalInformationSyntax,AdditionalInformationSyntax,BestHTTP.SecureProtocol.Org.BouncyCastle.Asn1.IsisMtt.X509,BestHTTP
610,UnmodifiableSetProxy,UnmodifiableSetProxy,BestHTTP.SecureProtocol.Org.BouncyCastle.Utilities.Collections,BestHTTP
611,NotificationParams,NotificationParams,Assets.SimpleAndroidNotifications.Data,Assembly-CSharp
612,HTTP2Handler,HTTP2Handler,BestHTTP.Connections.HTTP2,BestHTTP
613,AdminInnerCastleRewardData,AdminInnerCastleRewardData,,Assembly-CSharp
614,DSTU7564Digest,Dstu7564Digest,BestHTTP.SecureProtocol.Org.BouncyCastle.Crypto.Digests,BestHTTP
615,BufferedAeadCipher,BufferedAeadCipher,BestHTTP.SecureProtocol.Org.BouncyCastle.Crypto,BestHTTP
616,PetData,PetData,,Assembly-CSharp
617,IgnoreHeader,IgnoreHeader,Gpm.Common.ThirdParty.SharpCompress.Common.Zip.Headers,gpm_common
618,OpenSSLPBEParametersGenerator,OpenSslPbeParametersGenerator,BestHTTP.SecureProtocol.Org.BouncyCastle.Crypto.Generators,BestHTTP
619,LimitedInputStream,LimitedInputStream,BestHTTP.SecureProtocol.Org.BouncyCastle.Asn1,BestHTTP
620,SkipRenameAttribute,SkipRenameAttribute,Beebyte.Obfuscator,Assembly-CSharp-firstpass
621,SicBlockCipher,SicBlockCipher,BestHTTP.SecureProtocol.Org.BouncyCastle.Crypto.Modes,BestHTTP
622,PrivateKeyUsagePeriod,PrivateKeyUsagePeriod,BestHTTP.SecureProtocol.Org.BouncyCastle.Asn1.X509,BestHTTP
623,JSONAssetProvider,JsonAssetProvider,UnityEngine.ResourceManagement.ResourceProviders,Unity.ResourceManager
624,IOnEntitlementRevokedCallback,IOnEntitlementRevokedCallback,UnityEngine.Purchasing,Unity.Purchasing
625,IVivoxTokenProviderInternal,IVivoxTokenProviderInternal,Unity.Services.Vivox.Internal,Unity.Services.Core.Internal
626,Nat448,Nat448,BestHTTP.SecureProtocol.Org.BouncyCastle.Math.Raw,BestHTTP
627,PlayReviewInfo,PlayReviewInfo,Google.Play.Review,Google.Play.Review
628,IDigest,IDigest,BestHTTP.SecureProtocol.Org.BouncyCastle.Crypto,BestHTTP
629,HTTPUpdateDelegator,HTTPUpdateDelegator,BestHTTP,BestHTTP
630,FileHeader,FileHeader,Gpm.Common.ThirdParty.SharpCompress.Common.Rar.Headers,gpm_common
631,TestSaveButton,TestSaveButton,,Assembly-CSharp
632,IUnityServicesInitializationChecker,IUnityServicesInitializationChecker,UnityEngine.Purchasing,Unity.Purchasing
633,EventInterfaces,IEventSystemHandler,UnityEngine.EventSystems,UnityEngine.UI
634,OCSPResponseStatus,OcspResponseStatus,BestHTTP.SecureProtocol.Org.BouncyCastle.Asn1.Ocsp,BestHTTP
635,RelicInfoPop,RelicInfoPop,,Assembly-CSharp
636,AdmissionSyntax,AdmissionSyntax,BestHTTP.SecureProtocol.Org.BouncyCastle.Asn1.IsisMtt.X509,BestHTTP
637,MultilanguageUtil,MultilanguageUtil,Gpm.Common.Multilanguage.Internal,gpm_common
638,AdminHunterSpeachData,AdminHunterSpeachData,,Assembly-CSharp
639,SignerSink,SignerSink,BestHTTP.SecureProtocol.Org.BouncyCastle.Crypto.IO,BestHTTP
640,GoogleFinishTransactionUseCase,GoogleFinishTransactionUseCase,UnityEngine.Purchasing,Unity.Purchasing.Stores
641,GMObjectIdentifiers,GMObjectIdentifiers,BestHTTP.SecureProtocol.Org.BouncyCastle.Asn1.GM,BestHTTP
642,PEMWriter,PemWriter,BestHTTP.SecureProtocol.Org.BouncyCastle.OpenSsl,BestHTTP
643,RedOrbCtrl,RedOrbCtrl,,Assembly-CSharp
644,FileConnection,FileConnection,BestHTTP.Connections,BestHTTP
645,IAnalyticsClient,IAnalyticsClient,UnityEngine.Purchasing,Unity.Purchasing
646,X9ECParametersHolder,X9ECParametersHolder,BestHTTP.SecureProtocol.Org.BouncyCastle.Asn1.X9,BestHTTP
647,Grayscale,Grayscale,UnityStandardAssets.ImageEffects,Assembly-CSharp-firstpass
648,Order,Order,UnityEngine.Purchasing,Unity.Purchasing
649,CMSEnvelopedDataParser,CmsEnvelopedDataParser,BestHTTP.SecureProtocol.Org.BouncyCastle.Cms,BestHTTP
650,ProjectConfiguration,ProjectConfiguration,Unity.Services.Core.Configuration,Unity.Services.Core.Configuration
651,SecT193R1Curve,SecT193R1Curve,BestHTTP.SecureProtocol.Org.BouncyCastle.Math.EC.Custom.Sec,BestHTTP
652,XSalsa20Engine,XSalsa20Engine,BestHTTP.SecureProtocol.Org.BouncyCastle.Crypto.Engines,BestHTTP
653,ConfigurationUtils,ConfigurationUtils,Unity.Services.Core.Configuration,Unity.Services.Core.Configuration
654,ComponentRegistry,ComponentRegistry,Unity.Services.Core.Internal,Unity.Services.Core.Internal
655,DeflateInput,DeflateInput,Gpm.Common.ThirdParty.SharpCompress.Compressors.Deflate64,gpm_common
656,Crc32Stream,Crc32Stream,Gpm.Common.ThirdParty.SharpCompress.Crypto,gpm_common
657,PlayAssetPackRequestImpl,PlayAssetPackRequestImpl,Google.Play.AssetDelivery.Internal,Google.Play.AssetDelivery
658,PKIHeaderBuilder,PkiHeaderBuilder,BestHTTP.SecureProtocol.Org.BouncyCastle.Asn1.Cmp,BestHTTP
659,AddressablesInterface,AddressablesInterface,UnityEngine.Localization,Unity.Localization
660,UnknownPurchasedProductInfo,UnknownPurchasedProductInfo,UnityEngine.Purchasing,Unity.Purchasing
661,Asn1Sequence,Asn1Sequence,BestHTTP.SecureProtocol.Org.BouncyCastle.Asn1,BestHTTP
662,AndroidReceivedNotificationMainThreadDispatcher,AndroidReceivedNotificationMainThreadDispatcher,Unity.Notifications.Android,Unity.Notifications.Android
663,runes,runes,,Assembly-CSharp
664,CoreRegistryInitializer,CoreRegistryInitializer,Unity.Services.Core.Internal,Unity.Services.Core.Internal
665,Deflate64Stream,Deflate64Stream,Gpm.Common.ThirdParty.SharpCompress.Compressors.Deflate64,gpm_common
666,SpreadsheetManager,SpreadsheetManager,GoogleSheetsToUnity,Assembly-CSharp
667,PkixCertPathBuilderException,PkixCertPathBuilderException,BestHTTP.SecureProtocol.Org.BouncyCastle.Pkix,BestHTTP
668,SpriteState,SpriteState,UnityEngine.UI,UnityEngine.UI
669,AndroidNotificationIntentData,AndroidNotificationIntentData,Unity.Notifications.Android,Unity.Notifications.Android
670,IServerMessage,IServerMessage,BestHTTP.SignalR.Messages,BestHTTP
671,AtlasUtilities,AtlasUtilities,Spine.Unity.AttachmentTools,spine-unity
672,BinaryStorageBuffer,BinaryStorageBuffer,UnityEngine.ResourceManagement.Util,Unity.ResourceManager
673,IInternalStore,IInternalStore,UnityEngine.Purchasing.Extension,Unity.Purchasing
674,CryptoApiEntropySourceProvider,CryptoApiEntropySourceProvider,BestHTTP.SecureProtocol.Org.BouncyCastle.Crypto.Prng,BestHTTP
675,exp,exp,,Assembly-CSharp
676,UnmodifiableListProxy,UnmodifiableListProxy,BestHTTP.SecureProtocol.Org.BouncyCastle.Utilities.Collections,BestHTTP
677,ObscuredDouble.Editor,ObscuredDouble,CodeStage.AntiCheat.ObscuredTypes,ACTk.Runtime
678,AdminRiftNpcData,AdminRiftNpcData,,Assembly-CSharp
679,BasicOCSPResp,BasicOcspResp,BestHTTP.SecureProtocol.Org.BouncyCastle.Ocsp,BestHTTP
680,Json,Json,Spine,spine-csharp
681,IJsonSerializable,IJsonSerializable,JsonFx.Json,Assembly-CSharp
682,Unpack.unpack20_cpp,Unpack,Gpm.Common.ThirdParty.SharpCompress.Compressors.Rar.UnpackV2017,gpm_common
683,RaycasterManager,RaycasterManager,UnityEngine.EventSystems,UnityEngine.UI
684,ToggleName,ToggleName,,Assembly-CSharp
685,TrackedObject,TrackedObject,UnityEngine.Localization.PropertyVariants.TrackedObjects,Unity.Localization
686,JsonSerializationException,JsonSerializationException,JsonFx.Json,Assembly-CSharp
687,AdminRuneCraftData,AdminRuneCraftData,,Assembly-CSharp
688,ObscuredBigInteger,ObscuredBigInteger,CodeStage.AntiCheat.ObscuredTypes,ACTk.Runtime
689,SkeletonRendererCustomMaterials,SkeletonRendererCustomMaterials,Spine.Unity,spine-unity
690,KdfParameters,KdfParameters,BestHTTP.SecureProtocol.Org.BouncyCastle.Crypto.Parameters,BestHTTP
691,SpecificLocaleSelector,SpecificLocaleSelector,UnityEngine.Localization.Settings,Unity.Localization
692,ISO7816d4Padding,ISO7816d4Padding,BestHTTP.SecureProtocol.Org.BouncyCastle.Crypto.Paddings,BestHTTP
693,TMP_Settings,TMP_Settings,TMPro,Unity.TextMeshPro
694,CoreMetrics,CoreMetrics,Unity.Services.Core.Internal,Unity.Services.Core.Internal
695,PurchaseServiceDependencyFactoryInjector,PurchaseServiceDependencyFactoryInjector,UnityEngine.Purchasing,Unity.Purchasing.Stores
696,SMIMECapabilityVector,SmimeCapabilityVector,BestHTTP.SecureProtocol.Org.BouncyCastle.Asn1.Smime,BestHTTP
697,DsaKeyGenerationParameters,DsaKeyGenerationParameters,BestHTTP.SecureProtocol.Org.BouncyCastle.Crypto.Parameters,BestHTTP
698,UnityUtilDependencyInjector,UnityUtilDependencyInjector,UnityEngine.Purchasing.Utilities,Unity.Purchasing
699,StoreController,StoreController,UnityEngine.Purchasing,Unity.Purchasing
700,LogNCrashRequest,LogNCrashRequest,Gpm.Common.Indicator.Internal,gpm_common
701,DependencyTreeExceptions,DependencyTreeSortFailedException,Unity.Services.Core.Internal,Unity.Services.Core.Internal
702,ESFAttributes,EsfAttributes,BestHTTP.SecureProtocol.Org.BouncyCastle.Asn1.Esf,BestHTTP
703,growupProperty,growupProperty,,Assembly-CSharp
704,Locale,Locale,Unity.Services.Analytics.Internal,Unity.Services.Analytics
705,ContentIdentifier,ContentIdentifier,BestHTTP.SecureProtocol.Org.BouncyCastle.Asn1.Ess,BestHTTP
706,runeCraft,runeCraft,,Assembly-CSharp
707,VariableInterfaces,IVariableGroup,UnityEngine.Localization.SmartFormat.PersistentVariables,Unity.Localization
708,GearCreatePop,GearCreatePop,,Assembly-CSharp
709,TMP_FontFeaturesCommon,TMP_GlyphValueRecord,TMPro,Unity.TextMeshPro
710,WebSocketTransport,WebSocketTransport,BestHTTP.SocketIO.Transports,BestHTTP
711,HunterData,HunterData,,Assembly-CSharp
712,AdminFieldBossData,AdminFieldBossData,,Assembly-CSharp
713,Error,Error,Universal.UniversalSDK,Assembly-CSharp
714,GpmIndicator,GpmIndicator,Gpm.Common.Indicator,gpm_common
715,HandshakeData,HandshakeData,BestHTTP.SocketIO,BestHTTP
716,SEEDEngine,SeedEngine,BestHTTP.SecureProtocol.Org.BouncyCastle.Crypto.Engines,BestHTTP
717,ContentsRewardItemRowList,ContentsRewardItemRowList,,Assembly-CSharp
718,InfTree,InfTree,Gpm.Common.ThirdParty.SharpCompress.Compressors.Deflate,gpm_common
719,SecT571R1Curve,SecT571R1Curve,BestHTTP.SecureProtocol.Org.BouncyCastle.Math.EC.Custom.Sec,BestHTTP
720,IFormatterResolver,IFormatterResolver,Gpm.Common.ThirdParty.MessagePack,gpm_common
721,SecT113R2Point,SecT113R2Point,BestHTTP.SecureProtocol.Org.BouncyCastle.Math.EC.Custom.Sec,BestHTTP
722,AuthenticatorControl,AuthenticatorControl,BestHTTP.SecureProtocol.Org.BouncyCastle.Crmf,BestHTTP
723,Kdf2BytesGenerator,Kdf2BytesGenerator,BestHTTP.SecureProtocol.Org.BouncyCastle.Crypto.Generators,BestHTTP
724,costume,costume,,Assembly-CSharp
725,SingleVolumeRarReader,SingleVolumeRarReader,Gpm.Common.ThirdParty.SharpCompress.Readers.Rar,gpm_common
726,TaskOnFailureListener,TaskOnFailureListener,Google.Play.Core.Internal,Google.Play.Core
727,X448KeyGenerationParameters,X448KeyGenerationParameters,BestHTTP.SecureProtocol.Org.BouncyCastle.Crypto.Parameters,BestHTTP
728,UnityEvents,UnityEventAudioClip,UnityEngine.Localization.Events,Unity.Localization
729,HKDFParameters,HkdfParameters,BestHTTP.SecureProtocol.Org.BouncyCastle.Crypto.Parameters,BestHTTP
730,IssuingDistributionPoint,IssuingDistributionPoint,BestHTTP.SecureProtocol.Org.BouncyCastle.Asn1.X509,BestHTTP
731,IServerAccessToken,IServerAccessToken,Unity.Services.Authentication.Server.Internal,Unity.Services.Core.Internal
732,IAccessToken,IAccessToken,Unity.Services.Authentication.Internal,Unity.Services.Core.Internal
733,AndroidUtils,AndroidUtils,Unity.Services.Core.Device,Unity.Services.Core.Device
734,TlsSignerCredentials,TlsSignerCredentials,BestHTTP.SecureProtocol.Org.BouncyCastle.Crypto.Tls,BestHTTP
735,SecT163R2Point,SecT163R2Point,BestHTTP.SecureProtocol.Org.BouncyCastle.Math.EC.Custom.Sec,BestHTTP
736,ConcatenationKdfGenerator,ConcatenationKdfGenerator,BestHTTP.SecureProtocol.Org.BouncyCastle.Crypto.Agreement.Kdf,BestHTTP
737,PssSigner,PssSigner,BestHTTP.SecureProtocol.Org.BouncyCastle.Crypto.Signers,BestHTTP
738,AesWrapEngine,AesWrapEngine,BestHTTP.SecureProtocol.Org.BouncyCastle.Crypto.Engines,BestHTTP
739,AdminTraderInfomationData,AdminTraderInfomationData,,Assembly-CSharp
740,IUnityServices,IUnityServices,Unity.Services.Core,Unity.Services.Core
741,NormalEffectCtrl,NormalEffectCtrl,,Assembly-CSharp
742,demonSkillData,demonSkillData,,Assembly-CSharp
743,AttributeTable,AttributeTable,BestHTTP.SecureProtocol.Org.BouncyCastle.Asn1.X509,BestHTTP
744,SingularUnityLogger,SingularUnityLogger,Singular,SingularSDK
745,GuildBuffList,GuildBuffList,,Assembly-CSharp
746,StoreServiceDependencyFactoryInjector,StoreServiceDependencyFactoryInjector,UnityEngine.Purchasing,Unity.Purchasing.Stores
747,CrcBuilderStream,CrcBuilderStream,Gpm.Common.ThirdParty.SharpCompress.Compressors.LZMA.Utilites,gpm_common
748,MarkerTrack,MarkerTrack,UnityEngine.Timeline,Unity.Timeline
749,LoginManager,LoginManager,,Assembly-CSharp
750,IkConstraintData,IkConstraintData,Spine,spine-csharp
751,XboxStore,XboxStore,UnityEngine.Purchasing,Unity.Purchasing
752,Scrollbar,Scrollbar,UnityEngine.UI,UnityEngine.UI
753,PlayGamesScore,PlayGamesScore,GooglePlayGames,Google.Play.Games
754,CFileItem,CFileItem,Gpm.Common.ThirdParty.SharpCompress.Common.SevenZip,gpm_common
755,chiefBlessingData,chiefBlessingData,,Assembly-CSharp
756,PvPInfo,PvPInfo,,Assembly-CSharp
757,DesEdeKeyGenerator,DesEdeKeyGenerator,BestHTTP.SecureProtocol.Org.BouncyCastle.Crypto.Generators,BestHTTP
758,AEADParameters,AeadParameters,BestHTTP.SecureProtocol.Org.BouncyCastle.Crypto.Parameters,BestHTTP
759,gearNeckData,gearNeckData,,Assembly-CSharp
760,TlsSrpGroupVerifier,TlsSrpGroupVerifier,BestHTTP.SecureProtocol.Org.BouncyCastle.Crypto.Tls,BestHTTP
761,ECDsaSigner,ECDsaSigner,BestHTTP.SecureProtocol.Org.BouncyCastle.Crypto.Signers,BestHTTP
762,EditorCoroutine,EditorCoroutine,Gpm.Common.Util,gpm_common
763,HuffmanEncoder,HuffmanEncoder,BestHTTP.Connections.HTTP2,BestHTTP
764,VMCmdFlags,VMCmdFlags,Gpm.Common.ThirdParty.SharpCompress.Compressors.Rar.VM,gpm_common
765,IStoreServiceFactoryManagerInjectionPoint,IStoreServiceFactoryManagerInjectionPoint,UnityEngine.Purchasing,Unity.Purchasing
766,SingleProductSingleQuantityCartValidator,SingleProductSingleQuantityCartValidator,UnityEngine.Purchasing,Unity.Purchasing
767,PersistentVariablesSource,PersistentVariablesSource,UnityEngine.Localization.SmartFormat.Extensions,Unity.Localization
768,AesDecoderStream,AesDecoderStream,Gpm.Common.ThirdParty.SharpCompress.Compressors.LZMA,gpm_common
769,Asn1Null,Asn1Null,BestHTTP.SecureProtocol.Org.BouncyCastle.Asn1,BestHTTP
770,RC6Engine,RC6Engine,BestHTTP.SecureProtocol.Org.BouncyCastle.Crypto.Engines,BestHTTP
771,IGcmExponentiator,IGcmExponentiator,BestHTTP.SecureProtocol.Org.BouncyCastle.Crypto.Modes.Gcm,BestHTTP
772,AsyncDelayer,AsyncDelayer,UnityEngine.Purchasing,Unity.Purchasing
773,LazyASN1InputStream,LazyAsn1InputStream,BestHTTP.SecureProtocol.Org.BouncyCastle.Asn1,BestHTTP
774,CBZip2OutputStream,CBZip2OutputStream,Gpm.Common.ThirdParty.SharpCompress.Compressors.BZip2,gpm_common
775,ECCurve,ECCurve,BestHTTP.SecureProtocol.Org.BouncyCastle.Math.EC,BestHTTP
776,LZ4Codec.Helper,LZ4Codec,Gpm.Common.ThirdParty.MessagePack.LZ4,gpm_common
777,IVerifierFactory,IVerifierFactory,BestHTTP.SecureProtocol.Org.BouncyCastle.Crypto,BestHTTP
778,CommitmentTypeQualifier,CommitmentTypeQualifier,BestHTTP.SecureProtocol.Org.BouncyCastle.Asn1.Esf,BestHTTP
779,DisabledMetricsFactory,DisabledMetricsFactory,Unity.Services.Core.Telemetry.Internal,Unity.Services.Core.Telemetry
780,TeleTrusTObjectIdentifiers,TeleTrusTObjectIdentifiers,BestHTTP.SecureProtocol.Org.BouncyCastle.Asn1.TeleTrust,BestHTTP
781,TrackedTransform,TrackedTransform,UnityEngine.Localization.PropertyVariants.TrackedObjects,Unity.Localization
782,AdminChestData,AdminChestData,,Assembly-CSharp
783,WrappedTouch,WrappedTouch,BitBenderGames,Assembly-CSharp
784,BufferedCipherBase,BufferedCipherBase,BestHTTP.SecureProtocol.Org.BouncyCastle.Crypto,BestHTTP
785,InjectionDetector,InjectionDetector,CodeStage.AntiCheat.Detectors,ACTk.Runtime
786,UITextGradient,UITextGradient,,Assembly-CSharp
787,RiftRewardList,RiftRewardList,,Assembly-CSharp
788,IMessagePackFormatter,IMessagePackFormatter,Gpm.Common.ThirdParty.MessagePack.Formatters,gpm_common
789,Coder,Coder,Gpm.Common.ThirdParty.SharpCompress.Compressors.PPMd.I1,gpm_common
790,Volume,Volume,Gpm.Common.ThirdParty.SharpCompress.Common,gpm_common
791,DummyClient,DummyClient,GooglePlayGames.BasicApi,Google.Play.Games
792,WorldDocumentRaycaster,WorldDocumentRaycaster,UnityEngine.UIElements,UnityEngine.UI
793,TrackedMeshFilter,TrackedMeshFilter,UnityEngine.Localization.PropertyVariants.TrackedObjects,Unity.Localization
794,IHTTPRequestHandler,IHTTPRequestHandler,BestHTTP.Core,BestHTTP
795,ModelPPM,ModelPpm,Gpm.Common.ThirdParty.SharpCompress.Compressors.PPMd.H,gpm_common
796,EnvelopedData,EnvelopedData,BestHTTP.SecureProtocol.Org.BouncyCastle.Asn1.Cms,BestHTTP
797,GearChaosCubeRowList,GearChaosCubeRowList,,Assembly-CSharp
798,IInstallationId,IInstallationId,Unity.Services.Core.Device.Internal,Unity.Services.Core.Internal
799,DamageTestDummyCtrl,DamageTestDummyCtrl,,Assembly-CSharp
800,NodeCtrl,NodeCtrl,,Assembly-CSharp
801,IWritableArchive,IWritableArchive,Gpm.Common.ThirdParty.SharpCompress.Archives,gpm_common
802,Adler32,Adler32,BestHTTP.SecureProtocol.Org.BouncyCastle.Utilities.Zlib,BestHTTP
803,HuffmanTree,HuffmanTree,Gpm.Common.ThirdParty.SharpCompress.Compressors.Deflate64,gpm_common
804,TouchInputModule,TouchInputModule,UnityEngine.EventSystems,UnityEngine.UI
805,FocusCameraOnItem,FocusCameraOnItem,BitBenderGames,Assembly-CSharp
806,OperationCacheKeys,IOperationCacheKey,UnityEngine.ResourceManagement.Util,Unity.ResourceManager
807,CMSPBEKey,CmsPbeKey,BestHTTP.SecureProtocol.Org.BouncyCastle.Cms,BestHTTP
808,Base64,Base64,BestHTTP.SecureProtocol.Org.BouncyCastle.Utilities.Encoders,BestHTTP
809,MonoBehaviourWrapped,MonoBehaviourWrapped,BitBenderGames,Assembly-CSharp
810,TMP_InputField,TMP_InputField,TMPro,Unity.TextMeshPro
811,chiefCostumeData,chiefCostumeData,,Assembly-CSharp
812,UnityAnalyticsIdentifier,UnityAnalyticsIdentifier,Unity.Services.Core.Device,Unity.Services.Core.Device
813,TlsNullCompression,TlsNullCompression,BestHTTP.SecureProtocol.Org.BouncyCastle.Crypto.Tls,BestHTTP
814,AddressablesRuntimeProperties,AddressablesRuntimeProperties,UnityEngine.AddressableAssets.Initialization,Unity.Addressables
815,LzmaBase,Base,Gpm.Common.ThirdParty.SharpCompress.Compressors.LZMA,gpm_common
816,FetchProductsException,FetchProductsException,UnityEngine.Purchasing.Exceptions,Unity.Purchasing
817,DamageEffectRaidCtrl,DamageEffectRaidCtrl,,Assembly-CSharp
818,WriteOnlyBufferedStream,WriteOnlyBufferedStream,BestHTTP.Extensions,BestHTTP
819,RsaKeyGenerationParameters,RsaKeyGenerationParameters,BestHTTP.SecureProtocol.Org.BouncyCastle.Crypto.Parameters,BestHTTP
820,Ua2CoreInitializeCallback,Ua2CoreInitializeCallback,,Unity.Services.Analytics
821,TreasureBoxCtrl,TreasureBoxCtrl,,Assembly-CSharp
822,MaximumNumberOfAttemptsRetryPolicy,MaximumNumberOfAttemptsRetryPolicy,UnityEngine.Purchasing,Unity.Purchasing
823,FetchStorePromotionOrderUseCase,FetchStorePromotionOrderUseCase,UnityEngine.Purchasing.UseCases,Unity.Purchasing
824,IEncoder,IEncoder,BestHTTP.SecureProtocol.Org.BouncyCastle.Utilities.Encoders,BestHTTP
825,SRP6VerifierGenerator,Srp6VerifierGenerator,BestHTTP.SecureProtocol.Org.BouncyCastle.Crypto.Agreement.Srp,BestHTTP
826,SkeinEngine,SkeinEngine,BestHTTP.SecureProtocol.Org.BouncyCastle.Crypto.Digests,BestHTTP
827,CertId,CertId,BestHTTP.SecureProtocol.Org.BouncyCastle.Asn1.Crmf,BestHTTP
828,RidingPetShopPop,RidingPetShopPop,,Assembly-CSharp
829,BERBitString,BerBitString,BestHTTP.SecureProtocol.Org.BouncyCastle.Asn1,BestHTTP
830,CertificateStatusType,CertificateStatusType,BestHTTP.SecureProtocol.Org.BouncyCastle.Crypto.Tls,BestHTTP
831,V3TBSCertificateGenerator,V3TbsCertificateGenerator,BestHTTP.SecureProtocol.Org.BouncyCastle.Asn1.X509,BestHTTP
832,OcspStatusRequest,OcspStatusRequest,BestHTTP.SecureProtocol.Org.BouncyCastle.Crypto.Tls,BestHTTP
833,ExtendedKeyUsage,ExtendedKeyUsage,BestHTTP.SecureProtocol.Org.BouncyCastle.Asn1.X509,BestHTTP
834,AdminRidingPetData,AdminRidingPetData,,Assembly-CSharp
835,IFormattingInfo,IFormattingInfo,UnityEngine.Localization.SmartFormat.Core.Extensions,Unity.Localization
836,MetDetailPop,MetDetailPop,,Assembly-CSharp
837,costumeData,costumeData,,Assembly-CSharp
838,ObscuredString.Editor,ObscuredString,CodeStage.AntiCheat.ObscuredTypes,ACTk.Runtime
839,X448PublicKeyParameters,X448PublicKeyParameters,BestHTTP.SecureProtocol.Org.BouncyCastle.Crypto.Parameters,BestHTTP
840,AdminOrganizeData,AdminOrganizeData,,Assembly-CSharp
841,IAccessTokenObserver,IAccessTokenObserver,Unity.Services.Authentication.Internal,Unity.Services.Core.Internal
842,GeneralNames,GeneralNames,BestHTTP.SecureProtocol.Org.BouncyCastle.Asn1.X509,BestHTTP
843,DesKeyGenerator,DesKeyGenerator,BestHTTP.SecureProtocol.Org.BouncyCastle.Crypto.Generators,BestHTTP
844,ShopProductGroupList,ShopProductGroupList,,Assembly-CSharp
845,GearConvertCubeList,GearConvertCubeList,,Assembly-CSharp
846,WebSocketFrame,WebSocketFrame,BestHTTP.WebSocket.Frames,BestHTTP
847,IAppleTransactionSubscriptionInfo,IAppleTransactionSubscriptionInfo,UnityEngine.Purchasing,Unity.Purchasing
848,IStoreExtension,IStoreExtension,UnityEngine.Purchasing,Unity.Purchasing
849,ToggleGroup,ToggleGroup,UnityEngine.UI,UnityEngine.UI
850,PlayAssetBundleRequestImpl,PlayAssetBundleRequestImpl,Google.Play.AssetDelivery.Internal,Google.Play.AssetDelivery
851,BerOutputStream,BerOutputStream,BestHTTP.SecureProtocol.Org.BouncyCastle.Asn1,BestHTTP
852,UnmodifiableDictionaryProxy,UnmodifiableDictionaryProxy,BestHTTP.SecureProtocol.Org.BouncyCastle.Utilities.Collections,BestHTTP
853,IProductDetailsQueryResponse,IProductDetailsQueryResponse,UnityEngine.Purchasing.Interfaces,Unity.Purchasing.Stores
854,NativeCallbackHandler,NativeCallbackHandler,Gpm.WebView.Internal,gpm_webview
855,EncryptedContentInfoParser,EncryptedContentInfoParser,BestHTTP.SecureProtocol.Org.BouncyCastle.Asn1.Cms,BestHTTP
856,SignerId,SignerID,BestHTTP.SecureProtocol.Org.BouncyCastle.Cms,BestHTTP
857,OCSPRespGenerator,OCSPRespGenerator,BestHTTP.SecureProtocol.Org.BouncyCastle.Ocsp,BestHTTP
858,NotificationScheduling,NotificationSchedule,Unity.Notifications,Unity.Notifications.Unified
859,FallbackLocale,FallbackLocale,UnityEngine.Localization.Metadata,Unity.Localization
860,DisabledDiagnostics,DisabledDiagnostics,Unity.Services.Core.Telemetry.Internal,Unity.Services.Core.Telemetry
861,HorizontalLayoutGroup,HorizontalLayoutGroup,UnityEngine.UI,UnityEngine.UI
862,IosMessageSender,IosMessageSender,Gpm.Communicator.Internal.Ios,gpm_communicator
863,LayoutElement,LayoutElement,UnityEngine.UI,UnityEngine.UI
864,CompressedBytesReadEventArgs,CompressedBytesReadEventArgs,Gpm.Common.ThirdParty.SharpCompress.Common,gpm_common
865,TMP_Style,TMP_Style,TMPro,Unity.TextMeshPro
866,ObscuredFilePrefs.ObscuredTypes,ObscuredFilePrefs,CodeStage.AntiCheat.Storage,ACTk.Runtime
867,ElementalCoinCtrl,ElementalCoinCtrl,,Assembly-CSharp
868,RecipientIdentifier,RecipientIdentifier,BestHTTP.SecureProtocol.Org.BouncyCastle.Asn1.Cms,BestHTTP
869,DisabledDiagnosticsFactory,DisabledDiagnosticsFactory,Unity.Services.Core.Telemetry.Internal,Unity.Services.Core.Telemetry
870,JsonSerializerTrackedObject,JsonSerializerTrackedObject,UnityEngine.Localization.PropertyVariants.TrackedObjects,Unity.Localization
871,ZipCentralDirectoryEntry,ZipCentralDirectoryEntry,Gpm.Common.ThirdParty.SharpCompress.Writers.Zip,gpm_common
872,MeshGenerator,MeshGenerator,Spine.Unity,spine-unity
873,AndroidEventsClient,AndroidEventsClient,GooglePlayGames.Android,Google.Play.Games
874,TimeStampResponseGenerator,TimeStampResponseGenerator,BestHTTP.SecureProtocol.Org.BouncyCastle.Tsp,BestHTTP
875,DerT61String,DerT61String,BestHTTP.SecureProtocol.Org.BouncyCastle.Asn1,BestHTTP
876,CertificateException,CertificateException,BestHTTP.SecureProtocol.Org.BouncyCastle.Security.Certificates,BestHTTP
877,LZ4MessagePackSerializer,LZ4MessagePackSerializer,Gpm.Common.ThirdParty.MessagePack,gpm_common
878,CartItem,CartItem,UnityEngine.Purchasing,Unity.Purchasing
879,GooglePurchaseService,GooglePurchaseService,UnityEngine.Purchasing,Unity.Purchasing.Stores
880,Integers,Integers,BestHTTP.SecureProtocol.Org.BouncyCastle.Utilities,BestHTTP
881,IGooglePurchase,IGooglePurchase,UnityEngine.Purchasing.Interfaces,Unity.Purchasing
882,Mgf1BytesGenerator,Mgf1BytesGenerator,BestHTTP.SecureProtocol.Org.BouncyCastle.Crypto.Generators,BestHTTP
883,Mask,Mask,UnityEngine.UI,UnityEngine.UI
884,CompatibilityAssetBundleManifest,CompatibilityAssetBundleManifest,UnityEngine.Build.Pipeline,Unity.ScriptableBuildPipeline
885,SimpleLookupTable,SimpleLookupTable,BestHTTP.SecureProtocol.Org.BouncyCastle.Math.EC,BestHTTP
886,TimeStampReq,TimeStampReq,BestHTTP.SecureProtocol.Org.BouncyCastle.Asn1.Tsp,BestHTTP
887,BackgroundThreadAccessException,BackgroundThreadAccessException,CodeStage.AntiCheat.Common,ACTk.Runtime
888,Allocator,Allocator,Gpm.Common.ThirdParty.SharpCompress.Compressors.PPMd.I1,gpm_common
889,RecordStream,RecordStream,BestHTTP.SecureProtocol.Org.BouncyCastle.Crypto.Tls,BestHTTP
890,shop,shop,,Assembly-CSharp
891,KeyParameter,KeyParameter,Gpm.Common.ThirdParty.SharpCompress.Crypto,gpm_common
892,TlsSrpIdentityManager,TlsSrpIdentityManager,BestHTTP.SecureProtocol.Org.BouncyCastle.Crypto.Tls,BestHTTP
893,DERExternalParser,DerExternalParser,BestHTTP.SecureProtocol.Org.BouncyCastle.Asn1,BestHTTP
894,DisplayNameAttribute,DisplayNameAttribute,UnityEngine.Localization,Unity.Localization
895,TMP_DefaultControls,TMP_DefaultControls,TMPro,Unity.TextMeshPro
896,Time,Time,BestHTTP.SecureProtocol.Org.BouncyCastle.Asn1.X509,BestHTTP
897,AlgorithmIdentifierFactory,AlgorithmIdentifierFactory,BestHTTP.SecureProtocol.Org.BouncyCastle.Crypto.Utilities,BestHTTP
898,CertificateStatusRequest,CertificateStatusRequest,BestHTTP.SecureProtocol.Org.BouncyCastle.Crypto.Tls,BestHTTP
899,ContentSizeFitter,ContentSizeFitter,UnityEngine.UI,UnityEngine.UI
900,TlsECDsaSigner,TlsECDsaSigner,BestHTTP.SecureProtocol.Org.BouncyCastle.Crypto.Tls,BestHTTP
901,Extrapolation,Extrapolation,UnityEngine.Timeline,Unity.Timeline
902,CmsKeyTransRecipientInfoGenerator,CmsKeyTransRecipientInfoGenerator,BestHTTP.SecureProtocol.Org.BouncyCastle.Operators,BestHTTP
903,DerBitString,DerBitString,BestHTTP.SecureProtocol.Org.BouncyCastle.Asn1,BestHTTP
904,SingleQuantityCartValidator,SingleQuantityCartValidator,UnityEngine.Purchasing,Unity.Purchasing
905,Event,Event,Unity.Services.Analytics,Unity.Services.Analytics
906,IConfigurationLoader,IConfigurationLoader,Unity.Services.Core.Configuration,Unity.Services.Core.Configuration
907,UITextGradationUtility,UITextGradationUtility,,Assembly-CSharp
908,IInitializablePackageV2,IInitializablePackageV2,Unity.Services.Core.Internal,Unity.Services.Core.Internal
909,GpmCommunicatorCallback,GpmCommunicatorCallback,Gpm.Communicator,gpm_communicator
910,CertificateStatus,CertificateStatus,BestHTTP.SecureProtocol.Org.BouncyCastle.Ocsp,BestHTTP
911,TextContainer,TextContainer,TMPro,Unity.TextMeshPro
912,TlsClientContextImpl,TlsClientContextImpl,BestHTTP.SecureProtocol.Org.BouncyCastle.Crypto.Tls,BestHTTP
913,WebSocket,WebSocket,BestHTTP.WebSocket,BestHTTP
914,EncryptedData,EncryptedData,BestHTTP.SecureProtocol.Org.BouncyCastle.Asn1.Cms,BestHTTP
915,TextWriterOutput,TextWriterOutput,UnityEngine.Localization.SmartFormat.Core.Output,Unity.Localization
916,AndroidClient,AndroidClient,GooglePlayGames.Android,Google.Play.Games
917,PemWriter,PemWriter,BestHTTP.SecureProtocol.Org.BouncyCastle.Utilities.IO.Pem,BestHTTP
918,CustomNamedCurves,CustomNamedCurves,BestHTTP.SecureProtocol.Org.BouncyCastle.Crypto.EC,BestHTTP
919,NativeStoreProvider,NativeStoreProvider,UnityEngine.Purchasing,Unity.Purchasing.Stores
920,ObscuredShort.API,ObscuredShort,CodeStage.AntiCheat.ObscuredTypes,ACTk.Runtime
921,ContrastEnhance,ContrastEnhance,UnityStandardAssets.ImageEffects,Assembly-CSharp-firstpass
922,AndroidSnapshotMetadata,AndroidSnapshotMetadata,GooglePlayGames.Android,Google.Play.Games
923,AndroidNotificationCenter,AndroidNotificationCenter,Unity.Notifications.Android,Unity.Notifications.Android
924,RectMask2D,RectMask2D,UnityEngine.UI,UnityEngine.UI
925,WorldBossResultPop,WorldBossResultPop,,Assembly-CSharp
926,InvalidFormatException,InvalidFormatException,Gpm.Common.ThirdParty.SharpCompress.Common,gpm_common
927,TradeWagonExchangePop,TradeWagonExchangePop,,Assembly-CSharp
928,ElGamalPrivateKeyParameters,ElGamalPrivateKeyParameters,BestHTTP.SecureProtocol.Org.BouncyCastle.Crypto.Parameters,BestHTTP
929,gearProperty,gearProperty,,Assembly-CSharp
930,PrivateKeyInfo,PrivateKeyInfo,BestHTTP.SecureProtocol.Org.BouncyCastle.Asn1.Pkcs,BestHTTP
931,CommitmentTypeIdentifier,CommitmentTypeIdentifier,BestHTTP.SecureProtocol.Org.BouncyCastle.Asn1.Esf,BestHTTP
932,DefaultTlsServer,DefaultTlsServer,BestHTTP.SecureProtocol.Org.BouncyCastle.Crypto.Tls,BestHTTP
933,SecT233Field,SecT233Field,BestHTTP.SecureProtocol.Org.BouncyCastle.Math.EC.Custom.Sec,BestHTTP
934,DefaultFormatter,DefaultFormatter,UnityEngine.Localization.SmartFormat.Extensions,Unity.Localization
935,DamageTestDetailViewPop,DamageTestDetailViewPop,,Assembly-CSharp
936,IGooglePurchasesUpdatedHandler,IGooglePurchasesUpdatedHandler,Stores.Android.GooglePlay.AAR.Interfaces,Unity.Purchasing.Stores
937,RarArchive,RarArchive,Gpm.Common.ThirdParty.SharpCompress.Archives.Rar,gpm_common
938,EndArchiveHeader,EndArchiveHeader,Gpm.Common.ThirdParty.SharpCompress.Common.Rar.Headers,gpm_common
939,PluralRules,PluralRules,UnityEngine.Localization.SmartFormat.Utilities,Unity.Localization
940,PopupFunction,PopupFunction,,Assembly-CSharp
941,ConfigurationProvider,ConfigurationProvider,UnityEngine.Purchasing,Unity.Purchasing
942,PotionMyList,PotionMyList,,Assembly-CSharp
943,ChatManager,ChatManager,,Assembly-CSharp
944,AttachmentCloneExtensions,AttachmentCloneExtensions,Spine.Unity.AttachmentTools,spine-unity
945,InvalidCartItemException,InvalidCartItemException,UnityEngine.Purchasing,Unity.Purchasing
946,Blur,Blur,UnityStandardAssets.ImageEffects,Assembly-CSharp-firstpass
947,AdminMissionData,AdminMissionData,,Assembly-CSharp
948,AdventureHunterList,AdventureHunterList,,Assembly-CSharp
949,RevRepContent,RevRepContent,BestHTTP.SecureProtocol.Org.BouncyCastle.Asn1.Cmp,BestHTTP
950,DataLengthException,DataLengthException,BestHTTP.SecureProtocol.Org.BouncyCastle.Crypto,BestHTTP
951,Platform,Platform,BestHTTP.SecureProtocol.Org.BouncyCastle.Utilities,BestHTTP
952,X25519KeyGenerationParameters,X25519KeyGenerationParameters,BestHTTP.SecureProtocol.Org.BouncyCastle.Crypto.Parameters,BestHTTP
953,NeedMetList,NeedMetList,,Assembly-CSharp
954,TMP_ScrollbarEventHandler,TMP_ScrollbarEventHandler,TMPro,Unity.TextMeshPro
955,JsonOptInAttribute,JsonOptInAttribute,JsonFx.Json,Assembly-CSharp
956,IBlockCipher,IBlockCipher,Gpm.Common.ThirdParty.SharpCompress.Crypto,gpm_common
957,ExporterLabel,ExporterLabel,BestHTTP.SecureProtocol.Org.BouncyCastle.Crypto.Tls,BestHTTP
958,ConsumCreatePop,ConsumCreatePop,,Assembly-CSharp
959,Pkcs12Utilities,Pkcs12Utilities,BestHTTP.SecureProtocol.Org.BouncyCastle.Pkcs,BestHTTP
960,CompressImplementation,CompressImplementation,Gpm.Common.Compress.Internal,gpm_common
961,DeferredHash,DeferredHash,BestHTTP.SecureProtocol.Org.BouncyCastle.Crypto.Tls,BestHTTP
962,ObscuredDouble.API,ObscuredDouble,CodeStage.AntiCheat.ObscuredTypes,ACTk.Runtime
963,ObscuredFloat.Editor,ObscuredFloat,CodeStage.AntiCheat.ObscuredTypes,ACTk.Runtime
964,LimitedBuyPop,LimitedBuyPop,,Assembly-CSharp
965,LockedServiceRegistry,LockedServiceRegistry,Unity.Services.Core.Internal,Unity.Services.Core.Internal
966,ResourceProviderBase,ResourceProviderBase,UnityEngine.ResourceManagement.ResourceProviders,Unity.ResourceManager
967,RaycastResult,RaycastResult,UnityEngine.EventSystems,UnityEngine.UI
968,IGooglePlayStoreExtensions,IGooglePlayStoreExtensions,UnityEngine.Purchasing,Unity.Purchasing
969,ForceSizePrimitiveFormatter,ForceInt16BlockFormatter,Gpm.Common.ThirdParty.MessagePack.Formatters,gpm_common
970,WNafUtilities,WNafUtilities,BestHTTP.SecureProtocol.Org.BouncyCastle.Math.EC.Multiplier,BestHTTP
971,CipherUtilities,CipherUtilities,BestHTTP.SecureProtocol.Org.BouncyCastle.Security,BestHTTP
972,AdminMoleTimeRewardData,AdminMoleTimeRewardData,,Assembly-CSharp
973,SimulateAskToBuyUseCase,SimulateAskToBuyUseCase,UnityEngine.Purchasing.UseCases,Unity.Purchasing
974,Formatters,Vector2Formatter,Gpm.Common.ThirdParty.MessagePack.Unity,gpm_common
975,IPurchaseService,IPurchaseService,UnityEngine.Purchasing,Unity.Purchasing
976,ObscuredUShort.API,ObscuredUShort,CodeStage.AntiCheat.ObscuredTypes,ACTk.Runtime
977,CertResponse,CertResponse,BestHTTP.SecureProtocol.Org.BouncyCastle.Asn1.Cmp,BestHTTP
978,TEAEngine,TeaEngine,BestHTTP.SecureProtocol.Org.BouncyCastle.Crypto.Engines,BestHTTP
979,SkillMentCtrl,SkillMentCtrl,,Assembly-CSharp
980,NavMeshModifierVolume,NavMeshModifierVolume,Unity.AI.Navigation,Unity.AI.Navigation
981,ExchangePop,ExchangePop,,Assembly-CSharp
982,HunterDetailPop,HunterDetailPop,,Assembly-CSharp
983,DefaultTlsSignerCredentials,DefaultTlsSignerCredentials,BestHTTP.SecureProtocol.Org.BouncyCastle.Crypto.Tls,BestHTTP
984,SequentialIDGenerator,SequentialIDGenerator,UnityEngine.Localization.Tables,Unity.Localization
985,TableEntryData,TableEntryData,UnityEngine.Localization.Tables,Unity.Localization
986,ObscuredVector3.Raw,ObscuredVector3,CodeStage.AntiCheat.ObscuredTypes,ACTk.Runtime
987,RarEntry,RarEntry,Gpm.Common.ThirdParty.SharpCompress.Common.Rar,gpm_common
988,IGooglePurchaseStateEnumProvider,IGooglePurchaseStateEnumProvider,UnityEngine.Purchasing.Interfaces,Unity.Purchasing.Stores
989,PurchaseUseCase,PurchaseUseCase,UnityEngine.Purchasing,Unity.Purchasing
990,SecP256R1FieldElement,SecP256R1FieldElement,BestHTTP.SecureProtocol.Org.BouncyCastle.Math.EC.Custom.Sec,BestHTTP
991,ILayoutElement,ILayoutElement,UnityEngine.UI,UnityEngine.UI
992,EncryptedValue,EncryptedValue,BestHTTP.SecureProtocol.Org.BouncyCastle.Asn1.Crmf,BestHTTP
993,AdminAchieveData,AdminAchieveData,,Assembly-CSharp
994,IAPButton,IAPButton,UnityEngine.Purchasing,Unity.Purchasing.Codeless
995,DtlsTransport,DtlsTransport,BestHTTP.SecureProtocol.Org.BouncyCastle.Crypto.Tls,BestHTTP
996,OobCertHash,OobCertHash,BestHTTP.SecureProtocol.Org.BouncyCastle.Asn1.Cmp,BestHTTP
997,IBillingClientBase,IBillingClientBase,UnityEngine.Purchasing.GoogleBilling.Interfaces,Unity.Purchasing
998,ObscuredUInt,ObscuredUInt,CodeStage.AntiCheat.ObscuredTypes,ACTk.Runtime
999,DynamicUnionResolver,RuntimeTypeHandleEqualityComparer,Gpm.Common.ThirdParty.MessagePack.Internal,gpm_common
1000,MissionPop,MissionPop,,Assembly-CSharp
1001,AdminJobTraitData,AdminJobTraitData,,Assembly-CSharp
1002,Ed25519,Ed25519,BestHTTP.SecureProtocol.Org.BouncyCastle.Math.EC.Rfc8032,BestHTTP
1003,IClipRegion,IClipper,UnityEngine.UI,UnityEngine.UI
1004,IArchiveExtensions,IArchiveExtensions,Gpm.Common.ThirdParty.SharpCompress.Archives,gpm_common
1005,TypeOfBiometricData,TypeOfBiometricData,BestHTTP.SecureProtocol.Org.BouncyCastle.Asn1.X509.Qualified,BestHTTP
1006,SimpleAttributeTableGenerator,SimpleAttributeTableGenerator,BestHTTP.SecureProtocol.Org.BouncyCastle.Cms,BestHTTP
1007,IDecryptorBuilderProvider,IDecryptorBuilderProvider,BestHTTP.SecureProtocol.Org.BouncyCastle.Crypto,BestHTTP
1008,IX509AttributeCertificate,IX509AttributeCertificate,BestHTTP.SecureProtocol.Org.BouncyCastle.X509,BestHTTP
1009,SecT571K1Curve,SecT571K1Curve,BestHTTP.SecureProtocol.Org.BouncyCastle.Math.EC.Custom.Sec,BestHTTP
1010,CMSAuthenticatedGenerator,CmsAuthenticatedGenerator,BestHTTP.SecureProtocol.Org.BouncyCastle.Cms,BestHTTP
1011,OCSPRequest,OcspRequest,BestHTTP.SecureProtocol.Org.BouncyCastle.Asn1.Ocsp,BestHTTP
1012,DHKdfParameters,DHKdfParameters,BestHTTP.SecureProtocol.Org.BouncyCastle.Crypto.Agreement.Kdf,BestHTTP
1013,BufferedSubStream,BufferedSubStream,Gpm.Common.ThirdParty.SharpCompress.IO,gpm_common
1014,BuffManager,BuffManager,,Assembly-CSharp
1015,DHDomainParameters,DHDomainParameters,BestHTTP.SecureProtocol.Org.BouncyCastle.Asn1.X9,BestHTTP
1016,TargetBuildData,TargetBuildData,,Assembly-CSharp
1017,CRC32,CRC32,Gpm.Common.ThirdParty.SharpCompress.Compressors.Deflate,gpm_common
1018,AchievePop,AchievePop,,Assembly-CSharp
1019,CbcBlockCipher,CbcBlockCipher,BestHTTP.SecureProtocol.Org.BouncyCastle.Crypto.Modes,BestHTTP
1020,CameraCtrl,CameraCtrl,,Assembly-CSharp
1021,RaidSelectMapPop,RaidSelectMapPop,,Assembly-CSharp
1022,RC2Parameters,RC2Parameters,BestHTTP.SecureProtocol.Org.BouncyCastle.Crypto.Parameters,BestHTTP
1023,BufferPool,BufferPool,BestHTTP.PlatformSupport.Memory,BestHTTP
1024,GooglePlayStoreCheckEntitlementService,GooglePlayStoreCheckEntitlementService,UnityEngine.Purchasing,Unity.Purchasing.Stores
1025,LoadingScreen,LoadingScreen,Google.Play.Common.LoadingScreen,Google.Play.Common
1026,PvPRankPop,PvPRankPop,,Assembly-CSharp
1027,NoSuchAlgorithmException,NoSuchAlgorithmException,BestHTTP.SecureProtocol.Org.BouncyCastle.Security,BestHTTP
1028,HTTP2SettingsRegistry,HTTP2SettingsRegistry,BestHTTP.Connections.HTTP2,BestHTTP
1029,PathConstraintData,PathConstraintData,Spine,spine-csharp
1030,GoogleCachedQuerySkuDetailsService,GoogleCachedQueryProductDetailsService,UnityEngine.Purchasing,Unity.Purchasing.Stores
1031,GlvTypeAParameters,GlvTypeAParameters,BestHTTP.SecureProtocol.Org.BouncyCastle.Math.EC.Endo,BestHTTP
1032,ICanMakePaymentsUseCase,ICanMakePaymentsUseCase,UnityEngine.Purchasing.UseCases.Interfaces,Unity.Purchasing
1033,RidingPetSkillPop,RidingPetSkillPop,,Assembly-CSharp
1034,ServicesBehaviour,ServicesBehaviour,Unity.Services.Core.Components,Unity.Services.Core.Components
1035,GuildBattleEndPop,GuildBattleEndPop,,Assembly-CSharp
1036,SecT283K1Curve,SecT283K1Curve,BestHTTP.SecureProtocol.Org.BouncyCastle.Math.EC.Custom.Sec,BestHTTP
1037,GetLocalizedStringOperation,GetLocalizedStringOperation,UnityEngine.Localization.Operations,Unity.Localization
1038,BuildInfoRowList,BuildInfoRowList,,Assembly-CSharp
1039,AdminDemonTeamData,AdminDemonTeamData,,Assembly-CSharp
1040,RevokedInfo,RevokedInfo,BestHTTP.SecureProtocol.Org.BouncyCastle.Asn1.Ocsp,BestHTTP
1041,ICheckEntitlementUseCase,ICheckEntitlementUseCase,UnityEngine.Purchasing,Unity.Purchasing
1042,SlangFilter,SlangFilter,,Assembly-CSharp
1043,RarCryptoBinaryReader,RarCryptoBinaryReader,Gpm.Common.ThirdParty.SharpCompress.Common.Rar,gpm_common
1044,InfBlocks,InfBlocks,BestHTTP.SecureProtocol.Org.BouncyCastle.Utilities.Zlib,BestHTTP
1045,IetfUtilities,IetfUtilities,BestHTTP.SecureProtocol.Org.BouncyCastle.Asn1.X500.Style,BestHTTP
1046,UrlBase64Encoder,UrlBase64Encoder,BestHTTP.SecureProtocol.Org.BouncyCastle.Utilities.Encoders,BestHTTP
1047,IActionScheduler,IActionScheduler,Unity.Services.Core.Scheduler.Internal,Unity.Services.Core.Internal
1048,FontUpdateTracker,FontUpdateTracker,UnityEngine.UI,UnityEngine.UI
1049,GpmWebViewErrorCode,GpmWebViewErrorCode,Gpm.WebView,gpm_webview
1050,MultiCraftGearList,MultiCraftGearList,,Assembly-CSharp
1051,GpmFileUtil,GpmFileUtil,Gpm.Common.Util,gpm_common
1052,BERSequenceGenerator,BerSequenceGenerator,BestHTTP.SecureProtocol.Org.BouncyCastle.Asn1,BestHTTP
1053,IGoogleQueryPurchasesUseCase,IGoogleQueryPurchasesUseCase,UnityEngine.Purchasing.Interfaces,Unity.Purchasing.Stores
1054,GearMultiCreateResultPop,GearMultiCreateResultPop,,Assembly-CSharp
1055,SecT233R1Curve,SecT233R1Curve,BestHTTP.SecureProtocol.Org.BouncyCastle.Math.EC.Custom.Sec,BestHTTP
1056,KEKRecipientInfo,KekRecipientInfo,BestHTTP.SecureProtocol.Org.BouncyCastle.Asn1.Cms,BestHTTP
1057,StorageDataConverter,StorageDataConverter,CodeStage.AntiCheat.Storage,ACTk.Runtime
1058,RecipientKeyIdentifier,RecipientKeyIdentifier,BestHTTP.SecureProtocol.Org.BouncyCastle.Asn1.Cms,BestHTTP
1059,EventNpcPop,EventNpcPop,,Assembly-CSharp
1060,ITrackedProperty,ITrackedProperty,UnityEngine.Localization.PropertyVariants.TrackedProperties,Unity.Localization
1061,Base64Utils,Base64Utils,CodeStage.AntiCheat.Utils,ACTk.Runtime
1062,IGooglePlayStoreExtendedService,IGooglePlayStoreExtendedService,UnityEngine.Purchasing,Unity.Purchasing
1063,NotificationExample,NotificationExample,Assets.SimpleAndroidNotifications,Assembly-CSharp
1064,TlsServerProtocol,TlsServerProtocol,BestHTTP.SecureProtocol.Org.BouncyCastle.Crypto.Tls,BestHTTP
1065,EventNames,EventNames,BestHTTP.SocketIO.Events,BestHTTP
1066,organizeData,organizeData,,Assembly-CSharp
1067,DisabledMetrics,DisabledMetrics,Unity.Services.Core.Telemetry.Internal,Unity.Services.Core.Telemetry
1068,TrackAsset,TrackAsset,UnityEngine.Timeline,Unity.Timeline
1069,AchieveList,AchieveList,,Assembly-CSharp
1070,AdminMapData3,AdminMapData3,,Assembly-CSharp
1071,PkixCertPathBuilder,PkixCertPathBuilder,BestHTTP.SecureProtocol.Org.BouncyCastle.Pkix,BestHTTP
1072,StoreConnectUseCase,StoreConnectUseCase,UnityEngine.Purchasing,Unity.Purchasing
1073,MemoryInputStream,MemoryInputStream,BestHTTP.SecureProtocol.Org.BouncyCastle.Utilities.IO,BestHTTP
1074,PlayGamesLocalUser,PlayGamesLocalUser,GooglePlayGames,Google.Play.Games
1075,FallenPastureLevList,FallenPastureLevList,,Assembly-CSharp
1076,IDiagnosticsComponentProvider,IDiagnosticsComponentProvider,Unity.Services.Core.Telemetry.Internal,Unity.Services.Core.Internal
1077,OCSPResponse,OcspResponse,BestHTTP.SecureProtocol.Org.BouncyCastle.Asn1.Ocsp,BestHTTP
1078,SecP384R1Field,SecP384R1Field,BestHTTP.SecureProtocol.Org.BouncyCastle.Math.EC.Custom.Sec,BestHTTP
1079,chest,chest,,Assembly-CSharp
1080,AppleOrderInfo,AppleOrderInfo,UnityEngine.Purchasing,Unity.Purchasing
1081,UrlBase64,UrlBase64,BestHTTP.SecureProtocol.Org.BouncyCastle.Utilities.Encoders,BestHTTP
1082,BCrypt,BCrypt,BestHTTP.SecureProtocol.Org.BouncyCastle.Crypto.Generators,BestHTTP
1083,ChaCha20Poly1305,ChaCha20Poly1305,BestHTTP.SecureProtocol.Org.BouncyCastle.Crypto.Modes,BestHTTP
1084,AnimationState,AnimationState,Spine,spine-csharp
1085,TMP_Asset,TMP_Asset,TMPro,Unity.TextMeshPro
1086,ECDomainParameters,ECDomainParameters,BestHTTP.SecureProtocol.Org.BouncyCastle.Crypto.Parameters,BestHTTP
1087,PurchaseFailedEventArgs,PurchaseFailedEventArgs,UnityEngine.Purchasing,Unity.Purchasing
1088,Communicator,Communicator,Gpm.Communicator.Internal,gpm_communicator
1089,V1TBSCertificateGenerator,V1TbsCertificateGenerator,BestHTTP.SecureProtocol.Org.BouncyCastle.Asn1.X509,BestHTTP
1090,TlsRsaUtilities,TlsRsaUtilities,BestHTTP.SecureProtocol.Org.BouncyCastle.Crypto.Tls,BestHTTP
1091,AdminFallenRanchStageData,AdminFallenRanchStageData,,Assembly-CSharp
1092,Notification,Notification,Unity.Notifications,Unity.Notifications.Unified
1093,ParsingErrorEventArgs,ParsingErrorEventArgs,UnityEngine.Localization.SmartFormat.Core.Parsing,Unity.Localization
1094,IOutput,IOutput,UnityEngine.Localization.SmartFormat.Core.Output,Unity.Localization
1095,WaitForSpineAnimationEnd,WaitForSpineAnimationEnd,Spine.Unity,spine-unity
1096,GOST3410ValidationParameters,Gost3410ValidationParameters,BestHTTP.SecureProtocol.Org.BouncyCastle.Crypto.Parameters,BestHTTP
1097,IReaderExtensions,IReaderExtensions,Gpm.Common.ThirdParty.SharpCompress.Readers,gpm_common
1098,Cookie,Cookie,BestHTTP.Cookies,BestHTTP
1099,SetStorePromotionVisibilityUseCase,SetStorePromotionVisibilityUseCase,UnityEngine.Purchasing.UseCases,Unity.Purchasing
1100,PersonalData,PersonalData,BestHTTP.SecureProtocol.Org.BouncyCastle.Asn1.X509.SigI,BestHTTP
1101,ReceiptData,ReceiptData,,Assembly-CSharp
1102,HTTPCacheMaintananceParams,HTTPCacheMaintananceParams,BestHTTP.Caching,BestHTTP
1103,Asn1Signature,X509Utilities,BestHTTP.SecureProtocol.Org.BouncyCastle.Crypto.Operators,BestHTTP
1104,TemplateFormatter,TemplateFormatter,UnityEngine.Localization.SmartFormat.Extensions,Unity.Localization
1105,GooglePlay,GooglePlay,UnityEngine.Purchasing,Unity.Purchasing
1106,IkConstraint,IkConstraint,Spine,spine-csharp
1107,PlayAssetBundleRequest,PlayAssetBundleRequest,Google.Play.AssetDelivery,Google.Play.AssetDelivery
1108,SM3Digest,SM3Digest,BestHTTP.SecureProtocol.Org.BouncyCastle.Crypto.Digests,BestHTTP
1109,LocalEntryHeader,LocalEntryHeader,Gpm.Common.ThirdParty.SharpCompress.Common.Zip.Headers,gpm_common
1110,VirtualAssetBundle,VirtualAssetBundle,UnityEngine.ResourceManagement.ResourceProviders.Simulation,Unity.ResourceManager
1111,UnityEventWithPosition,UnityEventWithPosition,BitBenderGames,Assembly-CSharp
1112,KDFFeedbackParameters,KdfFeedbackParameters,BestHTTP.SecureProtocol.Org.BouncyCastle.Crypto.Parameters,BestHTTP
1113,Encapsulator,Encapsulator,UnityEngine.Localization.Pseudo,Unity.Localization
1114,X9ObjectIdentifiers,X9ObjectIdentifiers,BestHTTP.SecureProtocol.Org.BouncyCastle.Asn1.X9,BestHTTP
1115,AdminSkillData,AdminSkillData,,Assembly-CSharp
1116,ServerName,ServerName,BestHTTP.SecureProtocol.Org.BouncyCastle.Crypto.Tls,BestHTTP
1117,GearDisplayRowList,GearDisplayRowList,,Assembly-CSharp
1118,Pfx,Pfx,BestHTTP.SecureProtocol.Org.BouncyCastle.Asn1.Pkcs,BestHTTP
1119,FilePartExtractionBeginEventArgs,FilePartExtractionBeginEventArgs,Gpm.Common.ThirdParty.SharpCompress.Common,gpm_common
1120,ImageManager,ImageManager,,Assembly-CSharp
1121,DamageTestInputArmorPop,DamageTestInputArmorPop,,Assembly-CSharp
1122,ElGamalParameters,ElGamalParameters,BestHTTP.SecureProtocol.Org.BouncyCastle.Crypto.Parameters,BestHTTP
1123,IResourceLocation,IResourceLocation,UnityEngine.ResourceManagement.ResourceLocations,Unity.ResourceManager
1124,DeviceLockSettings,DeviceLockSettings,CodeStage.AntiCheat.Storage,ACTk.Runtime
1125,DoubleAddMultiplier,DoubleAddMultiplier,BestHTTP.SecureProtocol.Org.BouncyCastle.Math.EC.Multiplier,BestHTTP
1126,UnmodifiableSet,UnmodifiableSet,BestHTTP.SecureProtocol.Org.BouncyCastle.Utilities.Collections,BestHTTP
1127,TimelineAttributes,TrackClipTypeAttribute,UnityEngine.Timeline,Unity.Timeline
1128,IStoreWrapper,IStoreWrapper,UnityEngine.Purchasing,Unity.Purchasing
1129,ScorePageToken,ScorePageToken,GooglePlayGames.BasicApi,Google.Play.Games
1130,KeyExchangeAlgorithm,KeyExchangeAlgorithm,BestHTTP.SecureProtocol.Org.BouncyCastle.Crypto.Tls,BestHTTP
1131,hunter,hunter,,Assembly-CSharp
1132,Extensions,Extensions,BestHTTP.Extensions,BestHTTP
1133,Event,Event,Spine,spine-csharp
1134,UnityApiResultsHolder,UnityApiResultsHolder,CodeStage.AntiCheat.Common,ACTk.Runtime
1135,AppleProductMetadata,AppleProductMetadata,UnityEngine.Purchasing,Unity.Purchasing
1136,TlsSession,TlsSession,BestHTTP.SecureProtocol.Org.BouncyCastle.Crypto.Tls,BestHTTP
1137,LDSSecurityObject,LdsSecurityObject,BestHTTP.SecureProtocol.Org.BouncyCastle.Asn1.Icao,BestHTTP
1138,UnknownStatus,UnknownStatus,BestHTTP.SecureProtocol.Org.BouncyCastle.Ocsp,BestHTTP
1139,BufferedStreamCipher,BufferedStreamCipher,BestHTTP.SecureProtocol.Org.BouncyCastle.Crypto,BestHTTP
1140,LocalizeSpriteEvent,LocalizeSpriteEvent,UnityEngine.Localization.Components,Unity.Localization
1141,GachaData,GachaData,,Assembly-CSharp
1142,SigningCertificateV2,SigningCertificateV2,BestHTTP.SecureProtocol.Org.BouncyCastle.Asn1.Ess,BestHTTP
1143,Flags,HeaderCodeV,Gpm.Common.ThirdParty.SharpCompress.Common.Rar.Headers,gpm_common
1144,Ed448Signer,Ed448Signer,BestHTTP.SecureProtocol.Org.BouncyCastle.Crypto.Signers,BestHTTP
1145,CfbBlockCipherMac,CfbBlockCipherMac,BestHTTP.SecureProtocol.Org.BouncyCastle.Crypto.Macs,BestHTTP
1146,FilterStream,FilterStream,BestHTTP.SecureProtocol.Org.BouncyCastle.Utilities.IO,BestHTTP
1147,GooglePlayPurchaseCallback,GooglePlayPurchaseCallback,UnityEngine.Purchasing,Unity.Purchasing.Stores
1148,DivineAttackCtrl,DivineAttackCtrl,,Assembly-CSharp
1149,StreamingAssetsUtils,StreamingAssetsUtils,Unity.Services.Core.Configuration,Unity.Services.Core.Configuration
1150,RaidHunterData,RaidHunterData,,Assembly-CSharp
1151,WinzipAesCryptoStream,WinzipAesCryptoStream,Gpm.Common.ThirdParty.SharpCompress.Common.Zip,gpm_common
1152,RevivePropertyStudyList,RevivePropertyStudyList,,Assembly-CSharp
1153,IGetIntroductoryPriceDictionaryUseCase,IGetIntroductoryPriceDictionaryUseCase,UnityEngine.Purchasing.UseCases.Interfaces,Unity.Purchasing
1154,KeyUsage,KeyUsage,BestHTTP.SecureProtocol.Org.BouncyCastle.Asn1.X509,BestHTTP
1155,UnityEventWithPickableSelected,UnityEventWithPickableSelected,BitBenderGames,Assembly-CSharp
1156,Bone,Bone,Spine,spine-csharp
1157,RaidEvilCtrl,RaidEvilCtrl,,Assembly-CSharp
1158,OldSpecFormatter,NativeDateTimeFormatter,Gpm.Common.ThirdParty.MessagePack.Formatters,gpm_common
1159,DtlsEpoch,DtlsEpoch,BestHTTP.SecureProtocol.Org.BouncyCastle.Crypto.Tls,BestHTTP
1160,DefaultTlsClient,DefaultTlsClient,BestHTTP.SecureProtocol.Org.BouncyCastle.Crypto.Tls,BestHTTP
1161,LocalEntryHeaderExtraFactory,LocalEntryHeaderExtraFactory,Gpm.Common.ThirdParty.SharpCompress.Common.Zip.Headers,gpm_common
1162,IAppleStoreExtendedPurchaseService,IAppleStoreExtendedPurchaseService,UnityEngine.Purchasing,Unity.Purchasing
1163,subJobSkillData,subJobSkillData,,Assembly-CSharp
1164,DimensionalAnimatorArray,DimensionalAnimatorArray,,Assembly-CSharp
1165,TimelineCreateUtilities,TimelineCreateUtilities,UnityEngine.Timeline,Unity.Timeline
1166,HeaderParser,HeaderParser,BestHTTP.Extensions,BestHTTP
1167,ScalarSplitParameters,ScalarSplitParameters,BestHTTP.SecureProtocol.Org.BouncyCastle.Math.EC.Endo,BestHTTP
1168,raidData,raidData,,Assembly-CSharp
1169,DesEdeEngine,DesEdeEngine,BestHTTP.SecureProtocol.Org.BouncyCastle.Crypto.Engines,BestHTTP
1170,LocalizedAssetTable,LocalizedAssetTable,UnityEngine.Localization,Unity.Localization
1171,BuffManageData,BuffManageData,,Assembly-CSharp
1172,OtherRecipientInfo,OtherRecipientInfo,BestHTTP.SecureProtocol.Org.BouncyCastle.Asn1.Cms,BestHTTP
1173,SpeedHackProofTime,SpeedHackProofTime,CodeStage.AntiCheat.Time,ACTk.Runtime
1174,IGooglePlayCheckEntitlementUseCase,IGooglePlayCheckEntitlementUseCase,UnityEngine.Purchasing.Interfaces,Unity.Purchasing.Stores
1175,evilSpeach,evilSpeach,,Assembly-CSharp
1176,VMPCMac,VmpcMac,BestHTTP.SecureProtocol.Org.BouncyCastle.Crypto.Macs,BestHTTP
1177,AdsPop,AdsPop,,Assembly-CSharp
1178,GoogleReceipt,GoogleReceipt,UnityEngine.Purchasing,Unity.Purchasing.Stores
1179,NewNoticePop,NewNoticePop,,Assembly-CSharp
1180,ICatalogProvider,ICatalogProvider,UnityEngine.Purchasing.Extension,Unity.Purchasing
1181,ILogger,ILogger,BestHTTP.Logger,BestHTTP
1182,SaveData,SaveData,,Assembly-CSharp
1183,SkeletonDataCompatibility,SkeletonDataCompatibility,Spine.Unity,spine-unity
1184,GearStoragePop,GearStoragePop,,Assembly-CSharp
1185,PoolingSystem,PoolingSystem,,Assembly-CSharp
1186,Digest,Digest,BestHTTP.Authentication,BestHTTP
1187,UnityEventWithRaycastHit,UnityEventWithRaycastHit,BitBenderGames,Assembly-CSharp
1188,ISetAppAccountTokenUseCase,ISetAppAccountTokenUseCase,UnityEngine.Purchasing.UseCases.Interfaces,Unity.Purchasing
1189,BaseRaycaster,BaseRaycaster,UnityEngine.EventSystems,UnityEngine.UI
1190,PskTlsClient,PskTlsClient,BestHTTP.SecureProtocol.Org.BouncyCastle.Crypto.Tls,BestHTTP
1191,CryptoException,CryptoException,Gpm.Common.ThirdParty.SharpCompress.Crypto,gpm_common
1192,ObscuredDecimal,ObscuredDecimal,CodeStage.AntiCheat.ObscuredTypes,ACTk.Runtime
1193,ridingPetTraitData,ridingPetTraitData,,Assembly-CSharp
1194,UrlAndHash,UrlAndHash,BestHTTP.SecureProtocol.Org.BouncyCastle.Crypto.Tls,BestHTTP
1195,Unpack.unpackinline_cpp,Unpack,Gpm.Common.ThirdParty.SharpCompress.Compressors.Rar.UnpackV2017,gpm_common
1196,AnalyticsServiceInstance,AnalyticsServiceInstance,Unity.Services.Analytics,Unity.Services.Analytics
1197,ObscuredFilePrefsAutoSaver,ObscuredFilePrefsAutoSaver,CodeStage.AntiCheat.Storage,ACTk.Runtime
1198,exchangeShow,exchangeShow,,Assembly-CSharp
1199,ConditionalTutorialCtrl,ConditionalTutorialCtrl,,Assembly-CSharp
1200,IndicatorField,IndicatorField,Gpm.Common.Indicator.Internal,gpm_common
1201,PurchaseUseCaseFactory,PurchaseUseCaseFactory,UnityEngine.Purchasing,Unity.Purchasing
1202,PurchaseServiceFactory,PurchaseServiceFactory,UnityEngine.Purchasing,Unity.Purchasing.Stores
1203,LimitedProductList,LimitedProductList,,Assembly-CSharp
1204,HTTPProtocolFactory,HTTPProtocolFactory,BestHTTP.Connections,BestHTTP
1205,consum,consum,,Assembly-CSharp
1206,GuildList,GuildList,,Assembly-CSharp
1207,CacheInitialization,CacheInitialization,UnityEngine.AddressableAssets.Initialization,Unity.Addressables
1208,SignerInfoGenerator,SignerInfoGenerator,BestHTTP.SecureProtocol.Org.BouncyCastle.Cms,BestHTTP
1209,PreductCreateCompletePop,PreductCreateCompletePop,,Assembly-CSharp
1210,ReviveList,ReviveList,,Assembly-CSharp
1211,MarkerList,MarkerList,UnityEngine.Timeline,Unity.Timeline
1212,MultiTouchScrollRect,MultiTouchScrollRect,,Assembly-CSharp
1213,PlayGamesClientFactory,PlayGamesClientFactory,GooglePlayGames,Google.Play.Games
1214,StandaloneWindowsWorker,StandaloneWindowsWorker,CodeStage.AntiCheat.Genuine.CodeHash,ACTk.Runtime
1215,PhysicsConstraintData,PhysicsConstraintData,Spine,spine-csharp
1216,PrefabControlPlayable,PrefabControlPlayable,UnityEngine.Timeline,Unity.Timeline
1217,GlvTypeBParameters,GlvTypeBParameters,BestHTTP.SecureProtocol.Org.BouncyCastle.Math.EC.Endo,BestHTTP
1218,ProductServiceDependencyFactoryInjector,ProductServiceDependencyFactoryInjector,UnityEngine.Purchasing,Unity.Purchasing.Stores
1219,PKCS12StoreBuilder,Pkcs12StoreBuilder,BestHTTP.SecureProtocol.Org.BouncyCastle.Pkcs,BestHTTP
1220,DHAgreement,DHAgreement,BestHTTP.SecureProtocol.Org.BouncyCastle.Crypto.Agreement,BestHTTP
1221,ProductServiceFactory,ProductServiceFactory,UnityEngine.Purchasing,Unity.Purchasing.Stores
1222,IStoreManager,IStoreManager,UnityEngine.Purchasing,Unity.Purchasing
1223,PkixCertPathChecker,PkixCertPathChecker,BestHTTP.SecureProtocol.Org.BouncyCastle.Pkix,BestHTTP
1224,PushbackStream,PushbackStream,BestHTTP.SecureProtocol.Org.BouncyCastle.Utilities.IO,BestHTTP
1225,buildSkin,buildSkin,,Assembly-CSharp
1226,GooglePlayStoreChangeSubscriptionService,GooglePlayStoreChangeSubscriptionService,UnityEngine.Purchasing,Unity.Purchasing.Stores
1227,FallenDemonCtrl,FallenDemonCtrl,,Assembly-CSharp
1228,IUnityCallback,IUnityCallback,UnityEngine.Purchasing,Unity.Purchasing
1229,riftRaidRewardData,riftRaidRewardData,,Assembly-CSharp
1230,AuthEnvelopedDataParser,AuthEnvelopedDataParser,BestHTTP.SecureProtocol.Org.BouncyCastle.Asn1.Cms,BestHTTP
1231,X509V2AttributeCertificateGenerator,X509V2AttributeCertificateGenerator,BestHTTP.SecureProtocol.Org.BouncyCastle.X509,BestHTTP
1232,PrefsSerialization,PrefsSerialization,CodeStage.AntiCheat.Storage,ACTk.Runtime
1233,FetchPurchasesUseCase,FetchPurchasesUseCase,UnityEngine.Purchasing,Unity.Purchasing
1234,IRandomGenerator,IRandomGenerator,BestHTTP.SecureProtocol.Org.BouncyCastle.Crypto.Prng,BestHTTP
1235,FileHash,FileHash,CodeStage.AntiCheat.Genuine.CodeHash,ACTk.Runtime
1236,GraphicRebuildTracker,GraphicRebuildTracker,UnityEngine.UI,UnityEngine.UI
1237,JZlib,JZlib,BestHTTP.SecureProtocol.Org.BouncyCastle.Utilities.Zlib,BestHTTP
1238,IDerivationFunction,IDerivationFunction,BestHTTP.SecureProtocol.Org.BouncyCastle.Crypto,BestHTTP
1239,CustomTrackedObject,CustomTrackedObjectAttribute,UnityEngine.Localization.PropertyVariants,Unity.Localization
1240,GuildBattleGiveUpPop,GuildBattleGiveUpPop,,Assembly-CSharp
1241,StoreConnectionFailureDescription,StoreConnectionFailureDescription,UnityEngine.Purchasing,Unity.Purchasing
1242,DerObjectIdentifier,DerObjectIdentifier,BestHTTP.SecureProtocol.Org.BouncyCastle.Asn1,BestHTTP
1243,UniversalAPI,UniversalAPI,Universal.UniversalSDK,Assembly-CSharp
1244,CompleteRevocationRefs,CompleteRevocationRefs,BestHTTP.SecureProtocol.Org.BouncyCastle.Asn1.Esf,BestHTTP
1245,UnmodifiableDictionary,UnmodifiableDictionary,BestHTTP.SecureProtocol.Org.BouncyCastle.Utilities.Collections,BestHTTP
1246,SecP192R1Field,SecP192R1Field,BestHTTP.SecureProtocol.Org.BouncyCastle.Math.EC.Custom.Sec,BestHTTP
1247,ConnectionEnd,ConnectionEnd,BestHTTP.SecureProtocol.Org.BouncyCastle.Crypto.Tls,BestHTTP
1248,FastEncoderStatus,FastEncoderStatics,Gpm.Common.ThirdParty.SharpCompress.Compressors.Deflate64,gpm_common
1249,AdminRiftRewardData,AdminRiftRewardData,,Assembly-CSharp
1250,PluginVersion,PluginVersion,GooglePlayGames,Google.Play.Games
1251,StoreService,StoreService,UnityEngine.Purchasing,Unity.Purchasing
1252,CharacterSubstitutor,CharacterSubstitutor,UnityEngine.Localization.Pseudo,Unity.Localization
1253,FollowSkeletonUtilityRootRotation,FollowSkeletonUtilityRootRotation,Spine.Unity,spine-unity
1254,EmblemList,EmblemList,,Assembly-CSharp
1255,PvPData,PvPData,,Assembly-CSharp
1256,AppLovinClient,AppLovinClient,GoogleMobileAds.Mediation.AppLovin.Android,GoogleMobileAds.Mediation.AppLovin.Android
1257,ETSIQCObjectIdentifiers,EtsiQCObjectIdentifiers,BestHTTP.SecureProtocol.Org.BouncyCastle.Asn1.X509.Qualified,BestHTTP
1258,chestData,chestData,,Assembly-CSharp
1259,AdminCollectSetData,AdminCollectSetData,,Assembly-CSharp
1260,TlsECDheKeyExchange,TlsECDheKeyExchange,BestHTTP.SecureProtocol.Org.BouncyCastle.Crypto.Tls,BestHTTP
1261,AbstractTlsCredentials,AbstractTlsCredentials,BestHTTP.SecureProtocol.Org.BouncyCastle.Crypto.Tls,BestHTTP
1262,npcSpeachData,npcSpeachData,,Assembly-CSharp
1263,PseudoLocale,PseudoLocale,UnityEngine.Localization.Pseudo,Unity.Localization
1264,SmartFormatter,SmartFormatter,UnityEngine.Localization.SmartFormat,Unity.Localization
1265,AuthScope,AuthScopeExtensions,GooglePlayGames.BasicApi,Google.Play.Games
1266,TransactionFailedEventHelper,TransactionFailedEventHelper,UnityEngine.Purchasing,Unity.Purchasing.Stores
1267,limitBreak,limitBreak,,Assembly-CSharp
1268,SecT163K1Point,SecT163K1Point,BestHTTP.SecureProtocol.Org.BouncyCastle.Math.EC.Custom.Sec,BestHTTP
1269,GenRepContent,GenRepContent,BestHTTP.SecureProtocol.Org.BouncyCastle.Asn1.Cmp,BestHTTP
1270,DarknessPrinceCtrl,DarknessPrinceCtrl,,Assembly-CSharp
1271,SignatureException,SignatureException,BestHTTP.SecureProtocol.Org.BouncyCastle.Security,BestHTTP
1272,IExtensionField,IExtensionField,BestHTTP.SecureProtocol.Org.BouncyCastle.Math.Field,BestHTTP
1273,CcmParameters,CcmParameters,BestHTTP.SecureProtocol.Org.BouncyCastle.Crypto.Parameters,BestHTTP
1274,AssetAddress,AssetAddress,UnityEngine.Localization,Unity.Localization
1275,MobileTouchPickable,MobileTouchPickable,BitBenderGames,Assembly-CSharp
1276,JsonNameAttribute,JsonNameAttribute,JsonFx.Json,Assembly-CSharp
1277,TransportBase,TransportBase,BestHTTP.SignalR.Transports,BestHTTP
1278,DictionarySource,DictionarySource,UnityEngine.Localization.SmartFormat.Extensions,Unity.Localization
1279,AppleReceipt,AppleReceipt,UnityEngine.Purchasing.Security,Unity.Purchasing.SecurityCore
1280,Evidence,Evidence,BestHTTP.SecureProtocol.Org.BouncyCastle.Asn1.Cms,BestHTTP
1281,WebSocketResponse,WebSocketResponse,BestHTTP.WebSocket,BestHTTP
1282,ObscuredShort,ObscuredShort,CodeStage.AntiCheat.ObscuredTypes,ACTk.Runtime
1283,ZipWriterEntryOptions,ZipWriterEntryOptions,Gpm.Common.ThirdParty.SharpCompress.Writers.Zip,gpm_common
1284,MD5Digest,MD5Digest,BestHTTP.SecureProtocol.Org.BouncyCastle.Crypto.Digests,BestHTTP
1285,ParametersWithSalt,ParametersWithSalt,BestHTTP.SecureProtocol.Org.BouncyCastle.Crypto.Parameters,BestHTTP
1286,Fisheye,Fisheye,UnityStandardAssets.ImageEffects,Assembly-CSharp-firstpass
1287,WorldBossPop,WorldBossPop,,Assembly-CSharp
1288,DesEdeParameters,DesEdeParameters,BestHTTP.SecureProtocol.Org.BouncyCastle.Crypto.Parameters,BestHTTP
1289,HeartbeatExtension,HeartbeatExtension,BestHTTP.SecureProtocol.Org.BouncyCastle.Crypto.Tls,BestHTTP
1290,AdminPersonality,AdminPersonalityData,,Assembly-CSharp
1291,MotionBlur,MotionBlur,UnityStandardAssets.ImageEffects,Assembly-CSharp-firstpass
1292,IStoreController,IStoreController,UnityEngine.Purchasing,Unity.Purchasing
1293,SecP256R1Field,SecP256R1Field,BestHTTP.SecureProtocol.Org.BouncyCastle.Math.EC.Custom.Sec,BestHTTP
1294,chiefCostume,chiefCostume,,Assembly-CSharp
1295,SecP160R1Point,SecP160R1Point,BestHTTP.SecureProtocol.Org.BouncyCastle.Math.EC.Custom.Sec,BestHTTP
1296,IdeaEngine,IdeaEngine,BestHTTP.SecureProtocol.Org.BouncyCastle.Crypto.Engines,BestHTTP
1297,ObscuredFileSettings,ObscuredFileSettings,CodeStage.AntiCheat.Storage,ACTk.Runtime
1298,DefaultPKMacPrimitivesProvider,DefaultPKMacPrimitivesProvider,BestHTTP.SecureProtocol.Org.BouncyCastle.Crmf,BestHTTP
1299,SigPolicyQualifierInfo,SigPolicyQualifierInfo,BestHTTP.SecureProtocol.Org.BouncyCastle.Asn1.Esf,BestHTTP
1300,localUIData,localUIData,,Assembly-CSharp
1301,TMP_ResourcesManager,TMP_ResourceManager,TMPro,Unity.TextMeshPro
1302,ControlPlayableAsset,ControlPlayableAsset,UnityEngine.Timeline,Unity.Timeline
1303,VillageNewsCtrl,VillageNewsCtrl,,Assembly-CSharp
1304,RarCRC,RarCRC,Gpm.Common.ThirdParty.SharpCompress.Compressors.Rar,gpm_common
1305,ResourceManager,ResourceManager,UnityEngine.ResourceManagement,Unity.ResourceManager
1306,MqvPrivateParameters,MqvPrivateParameters,BestHTTP.SecureProtocol.Org.BouncyCastle.Crypto.Parameters,BestHTTP
1307,DerNull,DerNull,BestHTTP.SecureProtocol.Org.BouncyCastle.Asn1,BestHTTP
1308,SecT239K1Curve,SecT239K1Curve,BestHTTP.SecureProtocol.Org.BouncyCastle.Math.EC.Custom.Sec,BestHTTP
1309,ICipherParameters,ICipherParameters,BestHTTP.SecureProtocol.Org.BouncyCastle.Crypto,BestHTTP
1310,XZHeader,XZHeader,Gpm.Common.ThirdParty.SharpCompress.Compressors.Xz,gpm_common
1311,KEKIdentifier,KekIdentifier,BestHTTP.SecureProtocol.Org.BouncyCastle.Asn1.Cms,BestHTTP
1312,LicensePop,LicensePop,,Assembly-CSharp
1313,SerpentEngine,SerpentEngine,BestHTTP.SecureProtocol.Org.BouncyCastle.Crypto.Engines,BestHTTP
1314,SecT131R2Curve,SecT131R2Curve,BestHTTP.SecureProtocol.Org.BouncyCastle.Math.EC.Custom.Sec,BestHTTP
1315,Config,Config,Gpm.Common.Indicator.Internal,gpm_common
1316,IBlockCipher,IBlockCipher,BestHTTP.SecureProtocol.Org.BouncyCastle.Crypto,BestHTTP
1317,X509V2CRLGenerator,X509V2CrlGenerator,BestHTTP.SecureProtocol.Org.BouncyCastle.X509,BestHTTP
1318,StoreCartValidator,StoreCartValidator,UnityEngine.Purchasing,Unity.Purchasing
1319,IUserIdentifierProvider,IUserIdentifierProvider,Unity.Services.Core.Device,Unity.Services.Core.Device
1320,BloomOptimized,BloomOptimized,UnityStandardAssets.ImageEffects,Assembly-CSharp-firstpass
1321,PkixBuilderParameters,PkixBuilderParameters,BestHTTP.SecureProtocol.Org.BouncyCastle.Pkix,BestHTTP
1322,BuffData,BuffData,,Assembly-CSharp
1323,TSPAlgorithms,TspAlgorithms,BestHTTP.SecureProtocol.Org.BouncyCastle.Tsp,BestHTTP
1324,SecP256R1Point,SecP256R1Point,BestHTTP.SecureProtocol.Org.BouncyCastle.Math.EC.Custom.Sec,BestHTTP
1325,IStore,IStore,UnityEngine.Purchasing.Extension,Unity.Purchasing
1326,HelpPop,HelpPop,,Assembly-CSharp
1327,FallenPastureMapPop,FallenPastureMapPop,,Assembly-CSharp
1328,GZipWriterOptions,GZipWriterOptions,Gpm.Common.ThirdParty.SharpCompress.Writers.GZip,gpm_common
1329,Pkcs8EncryptedPrivateKeyInfo,Pkcs8EncryptedPrivateKeyInfo,BestHTTP.SecureProtocol.Org.BouncyCastle.Pkcs,BestHTTP
1330,EntropyUtilities,EntropyUtilities,BestHTTP.SecureProtocol.Org.BouncyCastle.Crypto.Prng,BestHTTP
1331,IGooglePlayStorePurchaseService,IGooglePlayStorePurchaseService,UnityEngine.Purchasing,Unity.Purchasing.Stores
1332,EventSource,EventSource,BestHTTP.ServerSentEvents,BestHTTP
1333,CertHash,CertHash,BestHTTP.SecureProtocol.Org.BouncyCastle.Asn1.IsisMtt.Ocsp,BestHTTP
1334,EncryptionException,EncryptionException,BestHTTP.SecureProtocol.Org.BouncyCastle.Security,BestHTTP
1335,X448KeyPairGenerator,X448KeyPairGenerator,BestHTTP.SecureProtocol.Org.BouncyCastle.Crypto.Generators,BestHTTP
1336,ISO9796d1Encoding,ISO9796d1Encoding,BestHTTP.SecureProtocol.Org.BouncyCastle.Crypto.Encodings,BestHTTP
1337,IStoreServiceFactoryManager,IStoreServiceFactoryManager,UnityEngine.Purchasing,Unity.Purchasing
1338,NaccacheSternEngine,NaccacheSternEngine,BestHTTP.SecureProtocol.Org.BouncyCastle.Crypto.Engines,BestHTTP
1339,ACTk,ACTk,CodeStage.AntiCheat.Common,ACTk.Runtime
1340,GearChaosCubePop,GearChaosCubePop,,Assembly-CSharp
1341,AttributeFormatterResolver,AttributeFormatterResolver,Gpm.Common.ThirdParty.MessagePack.Resolvers,gpm_common
1342,IStoreConnectCallback,IStoreConnectCallback,UnityEngine.Purchasing,Unity.Purchasing
1343,TMP_Character,TMP_Character,TMPro,Unity.TextMeshPro
1344,QCStatement,QCStatement,BestHTTP.SecureProtocol.Org.BouncyCastle.Asn1.X509.Qualified,BestHTTP
1345,MixedNafR2LMultiplier,MixedNafR2LMultiplier,BestHTTP.SecureProtocol.Org.BouncyCastle.Math.EC.Multiplier,BestHTTP
1346,SkeletonClipping,SkeletonClipping,Spine,spine-csharp
1347,Sha512Digest,Sha512Digest,BestHTTP.SecureProtocol.Org.BouncyCastle.Crypto.Digests,BestHTTP
1348,TMP_TextInfo,TMP_TextInfo,TMPro,Unity.TextMeshPro
1349,SEE2Context,See2Context,Gpm.Common.ThirdParty.SharpCompress.Compressors.PPMd.H,gpm_common
1350,MonetaryLimit,MonetaryLimit,BestHTTP.SecureProtocol.Org.BouncyCastle.Asn1.IsisMtt.X509,BestHTTP
1351,ServerOnlyTlsAuthentication,ServerOnlyTlsAuthentication,BestHTTP.SecureProtocol.Org.BouncyCastle.Crypto.Tls,BestHTTP
1352,PoolingNodeData,PoolingNodeData,,Assembly-CSharp
1353,fallenRanchReward,fallenRanchReward,,Assembly-CSharp
1354,X509CertPairStoreSelector,X509CertPairStoreSelector,BestHTTP.SecureProtocol.Org.BouncyCastle.X509.Store,BestHTTP
1355,ObscuredBigInteger.Editor,ObscuredBigInteger,CodeStage.AntiCheat.ObscuredTypes,ACTk.Runtime
1356,CertConfirmContent,CertConfirmContent,BestHTTP.SecureProtocol.Org.BouncyCastle.Asn1.Cmp,BestHTTP
1357,SecT193R2Point,SecT193R2Point,BestHTTP.SecureProtocol.Org.BouncyCastle.Math.EC.Custom.Sec,BestHTTP
1358,privacy,privacy,,Assembly-CSharp
1359,DynamicObjectTypeFallbackFormatter,DynamicObjectTypeFallbackFormatter,Gpm.Common.ThirdParty.MessagePack.Formatters,gpm_common
1360,CertificatePair,CertificatePair,BestHTTP.SecureProtocol.Org.BouncyCastle.Asn1.X509,BestHTTP
1361,QueryLastRespondedNotificationOp,QueryLastRespondedNotificationOp,Unity.Notifications,Unity.Notifications.Unified
1362,IBillingClientFactory,IBillingClientFactory,UnityEngine.Purchasing,Unity.Purchasing.Stores
1363,CertTemplateBuilder,CertTemplateBuilder,BestHTTP.SecureProtocol.Org.BouncyCastle.Asn1.Crmf,BestHTTP
1364,GameObjectManager,GameObjectManager,Gpm.Communicator.Internal,gpm_communicator
1365,LongDigest,LongDigest,BestHTTP.SecureProtocol.Org.BouncyCastle.Crypto.Digests,BestHTTP
1366,MultDecode,MultDecode,Gpm.Common.ThirdParty.SharpCompress.Compressors.Rar.UnpackV1.Decode,gpm_common
1367,ConsumCreateRowList,ConsumCreateRowList,,Assembly-CSharp
1368,StoreCreationException,ServiceCreationException,UnityEngine.Purchasing,Unity.Purchasing
1369,IGooglePlayStoreService,IGooglePlayStoreService,UnityEngine.Purchasing.Interfaces,Unity.Purchasing
1370,gearRing,gearRing,,Assembly-CSharp
1371,SecP192K1Curve,SecP192K1Curve,BestHTTP.SecureProtocol.Org.BouncyCastle.Math.EC.Custom.Sec,BestHTTP
1372,DamageTestTypeChangePop,DamageTestTypeChangePop,,Assembly-CSharp
1373,PerMessageCompression,PerMessageCompression,BestHTTP.WebSocket.Extensions,BestHTTP
1374,DHValidationParms,DHValidationParms,BestHTTP.SecureProtocol.Org.BouncyCastle.Asn1.X9,BestHTTP
1375,BatchHunterThumbList,BatchHunterThumbList,,Assembly-CSharp
1376,GOST28147Engine,Gost28147Engine,BestHTTP.SecureProtocol.Org.BouncyCastle.Crypto.Engines,BestHTTP
1377,ConnectionEvents,ConnectionEventInfo,BestHTTP.Core,BestHTTP
1378,IMarker,IMarker,UnityEngine.Timeline,Unity.Timeline
1379,Ed25519phSigner,Ed25519phSigner,BestHTTP.SecureProtocol.Org.BouncyCastle.Crypto.Signers,BestHTTP
1380,WWWAuthenticateHeaderParser,WWWAuthenticateHeaderParser,BestHTTP.Extensions,BestHTTP
1381,CMSCompressedData,CmsCompressedData,BestHTTP.SecureProtocol.Org.BouncyCastle.Cms,BestHTTP
1382,gearWeaponData,gearWeaponData,,Assembly-CSharp
1383,FormattingInfo,FormattingInfo,UnityEngine.Localization.SmartFormat.Core.Formatting,Unity.Localization
1384,IServiceRegistry,IServiceRegistry,Unity.Services.Core.Internal,Unity.Services.Core.Internal
1385,ZlibConstants,ZlibConstants,BestHTTP.Decompression.Zlib,BestHTTP
1386,RankList,RankList,,Assembly-CSharp
1387,CollectionList,CollectionList,,Assembly-CSharp
1388,GuildBattleCounterPop,GuildBattleCounterPop,,Assembly-CSharp
1389,Cast6Engine,Cast6Engine,BestHTTP.SecureProtocol.Org.BouncyCastle.Crypto.Engines,BestHTTP
1390,IArchiveEntry,IArchiveEntry,Gpm.Common.ThirdParty.SharpCompress.Archives,gpm_common
1391,CoreAnalyticsAdapter,CoreAnalyticsAdapter,UnityEngine.Purchasing,Unity.Purchasing.Stores
1392,CollectionUtilities,CollectionUtilities,BestHTTP.SecureProtocol.Org.BouncyCastle.Utilities.Collections,BestHTTP
1393,TrustAnchor,TrustAnchor,BestHTTP.SecureProtocol.Org.BouncyCastle.Pkix,BestHTTP
1394,GOST3410PublicKeyParameters,Gost3410PublicKeyParameters,BestHTTP.SecureProtocol.Org.BouncyCastle.Crypto.Parameters,BestHTTP
1395,IPurchaseServiceFactory,IPurchaseServiceFactory,UnityEngine.Purchasing,Unity.Purchasing
1396,ICoreServicesEnvironmentObserver,ICoreServicesEnvironmentObserver,UnityEngine.Purchasing,Unity.Purchasing
1397,DeflateManager,DeflateManager,Gpm.Common.ThirdParty.SharpCompress.Compressors.Deflate,gpm_common
1398,RipeMD320Digest,RipeMD320Digest,BestHTTP.SecureProtocol.Org.BouncyCastle.Crypto.Digests,BestHTTP
1399,tradeWagonData,tradeWagonData,,Assembly-CSharp
1400,EcmaScriptWriter,EcmaScriptWriter,JsonFx.Json,Assembly-CSharp
1401,SetStorePromotionOrderUseCase,SetStorePromotionOrderUseCase,UnityEngine.Purchasing.UseCases,Unity.Purchasing
1402,DamageEffectCtrl,DamageEffectCtrl,,Assembly-CSharp
1403,EdECObjectIdentifiers,EdECObjectIdentifiers,BestHTTP.SecureProtocol.Org.BouncyCastle.Asn1.EdEC,BestHTTP
1404,DeviceUniqueIdentifierException,DeviceUniqueIdentifierException,CodeStage.AntiCheat.Storage,ACTk.Runtime
1405,RiftRecordRewardPop,RiftRecordRewardPop,,Assembly-CSharp
1406,Player,Player,GooglePlayGames.BasicApi,Google.Play.Games
1407,Button,Button,UnityEngine.UI,UnityEngine.UI
1408,MiniCharacterThumbUIFormFactor,MiniCharacterThumbUIFormFactor,,Assembly-CSharp
1409,DtlsReassembler,DtlsReassembler,BestHTTP.SecureProtocol.Org.BouncyCastle.Crypto.Tls,BestHTTP
1410,SPPTrackingManager,SPPTrackingManager,SuperPlanet,Assembly-CSharp
1411,OtherRevocationInfoFormat,OtherRevocationInfoFormat,BestHTTP.SecureProtocol.Org.BouncyCastle.Asn1.Cms,BestHTTP
1412,UnityUtilContainer,UnityUtilContainer,UnityEngine.Purchasing.Utilities,Unity.Purchasing
1413,IGooglePlayStoreFetchProductsService,IGooglePlayStoreFetchProductsService,UnityEngine.Purchasing,Unity.Purchasing.Stores
1414,InAppCoroutineObject,InAppCoroutineObject,Gpm.Common.Indicator.Internal,gpm_common
1415,ShortenedDigest,ShortenedDigest,BestHTTP.SecureProtocol.Org.BouncyCastle.Crypto.Digests,BestHTTP
1416,XZIndexRecord,XZIndexRecord,Gpm.Common.ThirdParty.SharpCompress.Compressors.Xz,gpm_common
1417,LocalizedStringTable,LocalizedStringTable,UnityEngine.Localization,Unity.Localization
1418,TlsHandshakeHash,TlsHandshakeHash,BestHTTP.SecureProtocol.Org.BouncyCastle.Crypto.Tls,BestHTTP
1419,TMP_TextUtilities,TMP_TextUtilities,TMPro,Unity.TextMeshPro
1420,AudioPlayableAsset,AudioPlayableAsset,UnityEngine.Timeline,Unity.Timeline
1421,CamelliaEngine,CamelliaEngine,BestHTTP.SecureProtocol.Org.BouncyCastle.Crypto.Engines,BestHTTP
1422,ILocationSizeData,ILocationSizeData,UnityEngine.ResourceManagement.ResourceLocations,Unity.ResourceManager
1423,StandaloneInputModule,StandaloneInputModule,UnityEngine.EventSystems,UnityEngine.UI
1424,BlockCipherPadding,IBlockCipherPadding,BestHTTP.SecureProtocol.Org.BouncyCastle.Crypto.Paddings,BestHTTP
1425,hunterSpeachData,hunterSpeachData,,Assembly-CSharp
1426,AdminRunesData,AdminRunesData,,Assembly-CSharp
1427,GNUObjectIdentifiers,GnuObjectIdentifiers,BestHTTP.SecureProtocol.Org.BouncyCastle.Asn1.Gnu,BestHTTP
1428,TimerCtrl,TimerCtrl,,Assembly-CSharp
1429,GOST3411_2012Digest,Gost3411_2012Digest,BestHTTP.SecureProtocol.Org.BouncyCastle.Crypto.Digests,BestHTTP
1430,AppLovin,AppLovin,GoogleMobileAds.Mediation.AppLovin.Api,GoogleMobileAds.Mediation.AppLovin.Api
1431,GooglePlayStoreFetchProductsService,GooglePlayStoreFetchProductsService,UnityEngine.Purchasing,Unity.Purchasing.Stores
1432,UAObjectIdentifiers,UAObjectIdentifiers,BestHTTP.SecureProtocol.Org.BouncyCastle.Asn1.UA,BestHTTP
1433,PlatformMappingService,PlatformMappingService,UnityEngine.AddressableAssets,Unity.Addressables
1434,CurrencyConverter,CurrencyConverter,,Assembly-CSharp
1435,CMSException,CmsException,BestHTTP.SecureProtocol.Org.BouncyCastle.Cms,BestHTTP
1436,WebRequestQueue,WebRequestQueue,UnityEngine.ResourceManagement,Unity.ResourceManager
1437,TlsDeflateCompression,TlsDeflateCompression,BestHTTP.SecureProtocol.Org.BouncyCastle.Crypto.Tls,BestHTTP
1438,GoogleOrderInfo,GoogleOrderInfo,UnityEngine.Purchasing,Unity.Purchasing
1439,ObscuredUInt.API,ObscuredUInt,CodeStage.AntiCheat.ObscuredTypes,ACTk.Runtime
1440,UnityWebRequestUtilities,UnityWebRequestUtilities,UnityEngine.ResourceManagement.Util,Unity.ResourceManager
1441,OtherCertID,OtherCertID,BestHTTP.SecureProtocol.Org.BouncyCastle.Asn1.Esf,BestHTTP
1442,RidingPetGearRecyclePop,RidingPetGearRecyclePop,,Assembly-CSharp
1443,DerStringBase,DerStringBase,BestHTTP.SecureProtocol.Org.BouncyCastle.Asn1,BestHTTP
1444,OrderSelectHunterList,OrderSelectHunterList,,Assembly-CSharp
1445,StoreInfo,StoreInfo,,Assembly-CSharp
1446,GameObjectContainer,GameObjectContainer,Gpm.Common.Util,gpm_common
1447,AdminEngravingData,AdminEngravingData,,Assembly-CSharp
1448,AbstractECLookupTable,AbstractECLookupTable,BestHTTP.SecureProtocol.Org.BouncyCastle.Math.EC,BestHTTP
1449,CMSEnvelopedDataStreamGenerator,CmsEnvelopedDataStreamGenerator,BestHTTP.SecureProtocol.Org.BouncyCastle.Cms,BestHTTP
1450,Nat192,Nat192,BestHTTP.SecureProtocol.Org.BouncyCastle.Math.Raw,BestHTTP
1451,ProductCreatePop,ProductCreatePop,,Assembly-CSharp
1452,INotificationOptionProvider,INotificationOptionProvider,UnityEngine.Timeline,Unity.Timeline
1453,SecP192R1Point,SecP192R1Point,BestHTTP.SecureProtocol.Org.BouncyCastle.Math.EC.Custom.Sec,BestHTTP
1454,FixedPointUtilities,FixedPointUtilities,BestHTTP.SecureProtocol.Org.BouncyCastle.Math.EC.Multiplier,BestHTTP
1455,BufferX,BufferX,Unity.Services.Analytics.Internal,Unity.Services.Analytics
1456,PostEffectsHelper,PostEffectsHelper,UnityStandardAssets.ImageEffects,Assembly-CSharp-firstpass
1457,IOrderInfo,IOrderInfo,UnityEngine.Purchasing,Unity.Purchasing
1458,StyleConstants,StyleConstants,Unity.Multiplayer.Center.Onboarding,Unity.Multiplayer.Center.Common
1459,AppleJsonProductDescriptionsDeserializer,AppleJsonProductDescriptionsDeserializer,UnityEngine.Purchasing,Unity.Purchasing
1460,SecP224K1FieldElement,SecP224K1FieldElement,BestHTTP.SecureProtocol.Org.BouncyCastle.Math.EC.Custom.Sec,BestHTTP
1461,AlwaysValidVerifyer,AlwaysValidVerifyer,BestHTTP.SecureProtocol.Org.BouncyCastle.Crypto.Tls,BestHTTP
1462,SecT571Field,SecT571Field,BestHTTP.SecureProtocol.Org.BouncyCastle.Math.EC.Custom.Sec,BestHTTP
1463,ConstraintData,ConstraintData,Spine,spine-csharp
1464,BitVector,BitVector,Gpm.Common.ThirdParty.SharpCompress.Compressors.LZMA,gpm_common
1465,MultilanguageServiceData,MultilanguageServiceData,Gpm.Common.Multilanguage.Internal,gpm_common
1466,Controls,Controls,BestHTTP.SecureProtocol.Org.BouncyCastle.Asn1.Crmf,BestHTTP
1467,MetadataCollection,MetadataCollection,UnityEngine.Localization.Metadata,Unity.Localization
1468,TMP_Text,TMP_Text,TMPro,Unity.TextMeshPro
1469,AdminReviveProperty,AdminRevivePropertyData,,Assembly-CSharp
1470,HyperBlitzCtrl,HyperBlitzCtrl,,Assembly-CSharp
1471,riftReward,riftReward,,Assembly-CSharp
1472,PskTlsServer,PskTlsServer,BestHTTP.SecureProtocol.Org.BouncyCastle.Crypto.Tls,BestHTTP
1473,AdminMapData,AdminMapData,,Assembly-CSharp
1474,AdminPropertyData,AdminPropertyData,,Assembly-CSharp
1475,MapManager,MapManager,,Assembly-CSharp
1476,PackDef.compress_hpp,PackDef,Gpm.Common.ThirdParty.SharpCompress.Compressors.Rar.UnpackV2017,gpm_common
1477,SignatureAndHashAlgorithm,SignatureAndHashAlgorithm,BestHTTP.SecureProtocol.Org.BouncyCastle.Crypto.Tls,BestHTTP
1478,Sequence,Sequence,Spine,spine-csharp
1479,DamageTestBubbleCtrl,DamageTestBubbleCtrl,,Assembly-CSharp
1480,SkeletonUtilityConstraint,SkeletonUtilityConstraint,Spine.Unity,spine-unity
1481,SelectedAndroidStoreHelper,SelectedAndroidStoreHelper,UnityEngine.Purchasing,Unity.Purchasing
1482,RarHeader,RarHeader,Gpm.Common.ThirdParty.SharpCompress.Common.Rar.Headers,gpm_common
1483,ChatProfileImageList,ChatProfileImageList,,Assembly-CSharp
1484,BillingProgramReportingDetailsListener,BillingProgramReportingDetailsListener,UnityEngine.Purchasing,Unity.Purchasing.Stores
1485,FixedPointPreCompInfo,FixedPointPreCompInfo,BestHTTP.SecureProtocol.Org.BouncyCastle.Math.EC.Multiplier,BestHTTP
1486,SecT131Field,SecT131Field,BestHTTP.SecureProtocol.Org.BouncyCastle.Math.EC.Custom.Sec,BestHTTP
1487,SevenZipVolume,SevenZipVolume,Gpm.Common.ThirdParty.SharpCompress.Common.SevenZip,gpm_common
1488,BaseKdfBytesGenerator,BaseKdfBytesGenerator,BestHTTP.SecureProtocol.Org.BouncyCastle.Crypto.Generators,BestHTTP
1489,BaseDigestCalculator,BaseDigestCalculator,BestHTTP.SecureProtocol.Org.BouncyCastle.Cms,BestHTTP
1490,VariantsPropertyDriver,VariantsPropertyDriver,UnityEngine.Localization,Unity.Localization
1491,GoogleAcknowledgePurchaseListener,GoogleAcknowledgePurchaseListener,UnityEngine.Purchasing,Unity.Purchasing.Stores
1492,RecycleResultPop,RecycleResultPop,,Assembly-CSharp
1493,HunterSelectCtrl,HunterSelectCtrl,,Assembly-CSharp
1494,ADCStream,ADCStream,Gpm.Common.ThirdParty.SharpCompress.Compressors.ADC,gpm_common
1495,GuildPop,GuildPop,,Assembly-CSharp
1496,DependencyTreeInitializeOrderSorter,DependencyTreeInitializeOrderSorter,Unity.Services.Core.Internal,Unity.Services.Core.Internal
1497,CarouselDemoController,CarouselDemoController,,Assembly-CSharp
1498,ContentInfo,ContentInfo,BestHTTP.SecureProtocol.Org.BouncyCastle.Asn1.Pkcs,BestHTTP
1499,IFetchStorePromotionVisibilityUseCase,IFetchStorePromotionVisibilityUseCase,UnityEngine.Purchasing.UseCases.Interfaces,Unity.Purchasing
1500,SecP384R1Point,SecP384R1Point,BestHTTP.SecureProtocol.Org.BouncyCastle.Math.EC.Custom.Sec,BestHTTP
1501,TableReference,TableReference,UnityEngine.Localization.Tables,Unity.Localization
1502,GMNamedCurves,GMNamedCurves,BestHTTP.SecureProtocol.Org.BouncyCastle.Asn1.GM,BestHTTP
1503,LevelChangeCheckPop,LevelChangeCheckPop,,Assembly-CSharp
1504,CheckOverflowUtility,CheckOverflowUtility,,Assembly-CSharp
1505,IWritableArchiveEntry,IWritableArchiveEntry,Gpm.Common.ThirdParty.SharpCompress.Archives,gpm_common
1506,DataManager,DataManager,,Assembly-CSharp
1507,LZ4Codec.Safe,LZ4Codec,Gpm.Common.ThirdParty.MessagePack.LZ4,gpm_common
1508,EcmaScriptIdentifier,EcmaScriptIdentifier,JsonFx.Json,Assembly-CSharp
1509,BufferHelper,BufferHelper,BestHTTP.Connections.HTTP2,BestHTTP
1510,PkiArchiveControlBuilder,PkiArchiveControlBuilder,BestHTTP.SecureProtocol.Org.BouncyCastle.Crmf,BestHTTP
1511,BufferedEncoder,BufferedEncoder,BestHTTP.SecureProtocol.Org.BouncyCastle.Utilities.Encoders,BestHTTP
1512,ITimeControl,ITimeControl,UnityEngine.Timeline,Unity.Timeline
1513,SubjectPublicKeyInfo,SubjectPublicKeyInfo,BestHTTP.SecureProtocol.Org.BouncyCastle.Asn1.X509,BestHTTP
1514,BitDecode,BitDecode,Gpm.Common.ThirdParty.SharpCompress.Compressors.Rar.UnpackV1.Decode,gpm_common
1515,TlsNullCipher,TlsNullCipher,BestHTTP.SecureProtocol.Org.BouncyCastle.Crypto.Tls,BestHTTP
1516,TMP_TextElement,TMP_TextElement,TMPro,Unity.TextMeshPro
1517,IFormatter,IFormatter,UnityEngine.Localization.SmartFormat.Core.Extensions,Unity.Localization
1518,RiftNpcPop,RiftNpcPop,,Assembly-CSharp
1519,GZipReader,GZipReader,Gpm.Common.ThirdParty.SharpCompress.Readers.GZip,gpm_common
1520,PlayerProfile,PlayerProfile,GooglePlayGames.BasicApi,Google.Play.Games
1521,jobTraitData,jobTraitData,,Assembly-CSharp
1522,JsonReader,JsonReader,Gpm.Common.ThirdParty.LitJson,gpm_common
1523,SingularLinkHandler,SingularLinkHandler,Singular,SingularSDK
1524,StoreWrapper,StoreWrapper,UnityEngine.Purchasing,Unity.Purchasing
1525,GooglePurchaseConverter,GooglePurchaseConverter,UnityEngine.Purchasing,Unity.Purchasing.Stores
1526,ErrorMessages,ErrorMessages,UnityEngine.Purchasing,Unity.Purchasing
1527,StoreSpecificIds,StoreSpecificIds,UnityEngine.Purchasing,Unity.Purchasing
1528,TMP_ColorGradient,TMP_ColorGradient,TMPro,Unity.TextMeshPro
1529,GameManager,GameManager,,Assembly-CSharp
1530,GooglePlayStoreConnectionUseCase,GooglePlayStoreConnectionUseCase,UnityEngine.Purchasing,Unity.Purchasing
1531,ValueTupleSource,ValueTupleSource,UnityEngine.Localization.SmartFormat.Extensions,Unity.Localization
1532,WebSocketFrameReader,WebSocketFrameReader,BestHTTP.WebSocket.Frames,BestHTTP
1533,Bcj2DecoderStream,Bcj2DecoderStream,Gpm.Common.ThirdParty.SharpCompress.Compressors.LZMA,gpm_common
1534,PlayerPrefLocaleSelector,PlayerPrefLocaleSelector,UnityEngine.Localization.Settings,Unity.Localization
1535,RarCrcBinaryReader,RarCrcBinaryReader,Gpm.Common.ThirdParty.SharpCompress.Common.Rar,gpm_common
1536,TlsEccUtilities,TlsEccUtilities,BestHTTP.SecureProtocol.Org.BouncyCastle.Crypto.Tls,BestHTTP
1537,IDataWriter,IDataWriter,JsonFx.Json,Assembly-CSharp
1538,innerCastleReward,innerCastleReward,,Assembly-CSharp
1539,HTTPResponse,HTTPResponse,BestHTTP,BestHTTP
1540,AppLovinClientFactory,AppLovinClientFactory,GoogleMobileAds.Mediation.AppLovin,GoogleMobileAds.Mediation.AppLovin.Api
1541,AdminWorldBossBoxData,AdminWorldBossBoxData,,Assembly-CSharp
1542,TlsCipher,TlsCipher,BestHTTP.SecureProtocol.Org.BouncyCastle.Crypto.Tls,BestHTTP
1543,worldBossSkillData,worldBossSkillData,,Assembly-CSharp
1544,PkixAttrCertChecker,PkixAttrCertChecker,BestHTTP.SecureProtocol.Org.BouncyCastle.Pkix,BestHTTP
1545,IMonoBehaviorUtil,IMonoBehaviourUtil,Purchasing.Utilities,Unity.Purchasing.Utilities
1546,GpmCompress,GpmCompress,Gpm.Common.Compress,gpm_common
1547,TwofishEngine,TwofishEngine,BestHTTP.SecureProtocol.Org.BouncyCastle.Crypto.Engines,BestHTTP
1548,AbstractTlsEncryptionCredentials,AbstractTlsEncryptionCredentials,BestHTTP.SecureProtocol.Org.BouncyCastle.Crypto.Tls,BestHTTP
1549,GOST3410ParametersGenerator,Gost3410ParametersGenerator,BestHTTP.SecureProtocol.Org.BouncyCastle.Crypto.Generators,BestHTTP
1550,GuildBattleMatchTeamList,GuildBattleMatchTeamList,,Assembly-CSharp
1551,AdminMapData4,AdminMapData4,,Assembly-CSharp
1552,LzBinTree,BinTree,Gpm.Common.ThirdParty.SharpCompress.Compressors.LZMA.LZ,gpm_common
1553,PasswordRecipientInfo,PasswordRecipientInfo,BestHTTP.SecureProtocol.Org.BouncyCastle.Asn1.Cms,BestHTTP
1554,UIFakeStoreDropdown,UIFakeStoreDropdown,UnityEngine.Purchasing,Unity.Purchasing.Stores
1555,Ed448KeyPairGenerator,Ed448KeyPairGenerator,BestHTTP.SecureProtocol.Org.BouncyCastle.Crypto.Generators,BestHTTP
1556,PlayCoreTranslator,PlayCoreTranslator,Google.Play.AssetDelivery.Internal,Google.Play.AssetDelivery
1557,StoreConnectUseCaseFactory,StoreConnectUseCaseFactory,UnityEngine.Purchasing,Unity.Purchasing
1558,ShopPop,ShopPop,,Assembly-CSharp
1559,Chacha20Poly1305,Chacha20Poly1305,BestHTTP.SecureProtocol.Org.BouncyCastle.Crypto.Tls,BestHTTP
1560,PvPLogData,PvPLogData,,Assembly-CSharp
1561,PkixCertPath,PkixCertPath,BestHTTP.SecureProtocol.Org.BouncyCastle.Pkix,BestHTTP
1562,Physics2DRaycaster,Physics2DRaycaster,UnityEngine.EventSystems,UnityEngine.UI
1563,NetscapeRevocationURL,NetscapeRevocationUrl,BestHTTP.SecureProtocol.Org.BouncyCastle.Asn1.Misc,BestHTTP
1564,EditorPropertyDriver,EditorPropertyDriver,UnityEngine.Localization,Unity.Localization
1565,ZTree,ZTree,BestHTTP.Decompression.Zlib,BestHTTP
1566,AdminHonorRewardData,AdminHonorRewardData,,Assembly-CSharp
1567,IAppReceiptUseCase,IAppReceiptUseCase,UnityEngine.Purchasing.UseCases.Interfaces,Unity.Purchasing
1568,GoogleIAPSettings,GoogleIapSettings,UnityEngine.Purchasing,Unity.Purchasing
1569,CertificateRequestMessage,CertificateRequestMessage,BestHTTP.SecureProtocol.Org.BouncyCastle.Crmf,BestHTTP
1570,JPakeRound3Payload,JPakeRound3Payload,BestHTTP.SecureProtocol.Org.BouncyCastle.Crypto.Agreement.JPake,BestHTTP
1571,EAXBlockCipher,EaxBlockCipher,BestHTTP.SecureProtocol.Org.BouncyCastle.Crypto.Modes,BestHTTP
1572,TBSRequest,TbsRequest,BestHTTP.SecureProtocol.Org.BouncyCastle.Asn1.Ocsp,BestHTTP
1573,shinyCostumeBoxTwoData,shinyCostumeBoxTwoData,,Assembly-CSharp
1574,SMIMECapabilitiesAttribute,SmimeCapabilitiesAttribute,BestHTTP.SecureProtocol.Org.BouncyCastle.Asn1.Smime,BestHTTP
1575,PopoDecKeyRespContent,PopoDecKeyRespContent,BestHTTP.SecureProtocol.Org.BouncyCastle.Asn1.Cmp,BestHTTP
1576,ArrowCtrl,ArrowCtrl,,Assembly-CSharp
1577,RiftNpcVillageCtrl,RiftNpcVillageCtrl,,Assembly-CSharp
1578,LocalizeStringEvent,LocalizeStringEvent,UnityEngine.Localization.Components,Unity.Localization
1579,SmartFormatTag,SmartFormatTag,UnityEngine.Localization.Metadata,Unity.Localization
1580,CrmfObjectIdentifiers,CrmfObjectIdentifiers,BestHTTP.SecureProtocol.Org.BouncyCastle.Asn1.Crmf,BestHTTP
1581,SessionManager,SessionManager,Unity.Services.Analytics.Internal,Unity.Services.Analytics
1582,ComposeList,ComposeList,,Assembly-CSharp
1583,GBSparingList,GBSparingList,,Assembly-CSharp
1584,TlsNoCloseNotifyException,TlsNoCloseNotifyException,BestHTTP.SecureProtocol.Org.BouncyCastle.Crypto.Tls,BestHTTP
1585,MonetaryValue,MonetaryValue,BestHTTP.SecureProtocol.Org.BouncyCastle.Asn1.X509.Qualified,BestHTTP
1586,DebugConsole,DebugConsole,Assets.SimpleAndroidNotifications.Helpers,Assembly-CSharp
1587,QuestList,QuestList,,Assembly-CSharp
1588,TlsProtocol,TlsProtocol,BestHTTP.SecureProtocol.Org.BouncyCastle.Crypto.Tls,BestHTTP
1589,ContentRewardItemData,ContentRewardItemData,,Assembly-CSharp
1590,Unpack,Unpack,Gpm.Common.ThirdParty.SharpCompress.Compressors.Rar.UnpackV1,gpm_common
1591,OcspIdentifier,OcspIdentifier,BestHTTP.SecureProtocol.Org.BouncyCastle.Asn1.Esf,BestHTTP
1592,CellController,CellController,,Assembly-CSharp
1593,ReadOnlyHttpResponse,ReadOnlyHttpResponse,Unity.Services.Core.Networking.Internal,Unity.Services.Core.Internal
1594,INativeMessageSender,INativeMessageSender,Gpm.Communicator.Internal,gpm_communicator
1595,XboxCloudSettings,XboxCloudSettings,UnityEngine.Purchasing,Unity.Purchasing.Stores.XboxCloudServices
1596,SettingPop,SettingPop,,Assembly-CSharp
1597,OnDemandTextureLoader,OnDemandTextureLoader,Spine.Unity,spine-unity
1598,ActionScheduler,ActionScheduler,Unity.Services.Core.Scheduler.Internal,Unity.Services.Core.Scheduler
1599,LocalizationGroupOperation,LocalizationGroupOperation,UnityEngine.Localization.Operations,Unity.Localization
1600,TigerDigest,TigerDigest,BestHTTP.SecureProtocol.Org.BouncyCastle.Crypto.Digests,BestHTTP
1601,dropUniqueGear,dropUniqueGear,,Assembly-CSharp
1602,IAsyncDelayer,IAsyncDelayer,UnityEngine.Purchasing,Unity.Purchasing
1603,UnityAdsIdentifier,UnityAdsIdentifier,Unity.Services.Core.Device,Unity.Services.Core.Device
1604,BerApplicationSpecificParser,BerApplicationSpecificParser,BestHTTP.SecureProtocol.Org.BouncyCastle.Asn1,BestHTTP
1605,AdminReviveBuilding,AdminReviveBuildingData,,Assembly-CSharp
1606,Nat160,Nat160,BestHTTP.SecureProtocol.Org.BouncyCastle.Math.Raw,BestHTTP
1607,AdminHunterData,AdminHunterData,,Assembly-CSharp
1608,Curve25519Point,Curve25519Point,BestHTTP.SecureProtocol.Org.BouncyCastle.Math.EC.Custom.Djb,BestHTTP
1609,RipeMD160Digest,RipeMD160Digest,BestHTTP.SecureProtocol.Org.BouncyCastle.Crypto.Digests,BestHTTP
1610,RewindableStream,RewindableStream,Gpm.Common.ThirdParty.SharpCompress.IO,gpm_common
1611,MentCtrl,MentCtrl,,Assembly-CSharp
1612,SignerInfo,SignerInfo,BestHTTP.SecureProtocol.Org.BouncyCastle.Asn1.Pkcs,BestHTTP
1613,OtherHash,OtherHash,BestHTTP.SecureProtocol.Org.BouncyCastle.Asn1.Esf,BestHTTP
1614,InfCodes,InfCodes,BestHTTP.SecureProtocol.Org.BouncyCastle.Utilities.Zlib,BestHTTP
1615,ThreadedRunner,ThreadedRunner,BestHTTP.PlatformSupport.Threading,BestHTTP
1616,DataNotReadyException,DataNotReadyException,UnityEngine.Localization.SmartFormat.Core.Formatting,Unity.Localization
1617,V2Form,V2Form,BestHTTP.SecureProtocol.Org.BouncyCastle.Asn1.X509,BestHTTP
1618,BERTaggedObjectParser,BerTaggedObjectParser,BestHTTP.SecureProtocol.Org.BouncyCastle.Asn1,BestHTTP
1619,FramesAsStreamView,FramesAsStreamView,BestHTTP.Connections.HTTP2,BestHTTP
1620,AndroidNotification,AndroidNotification,Unity.Notifications.Android,Unity.Notifications.Android
1621,BuildSelectCtrl,BuildSelectCtrl,,Assembly-CSharp
1622,RuneCreateList,RuneCreateList,,Assembly-CSharp
1623,RidingPetGearDetailPop,RidingPetGearDetailPop,,Assembly-CSharp
1624,DerUTF8String,DerUtf8String,BestHTTP.SecureProtocol.Org.BouncyCastle.Asn1,BestHTTP
1625,GoogleProductMetadata,GoogleProductMetadata,UnityEngine.Purchasing,Unity.Purchasing
1626,IPackageRegistry,IPackageRegistry,Unity.Services.Core.Internal,Unity.Services.Core.Internal
1627,AppleConfiguration,AppleConfiguration,UnityEngine.Purchasing,Unity.Purchasing
1628,SingularDeferredDeepLinkHandler,SingularDeferredDeepLinkHandler,Singular,SingularSDK
1629,ProductServiceProvider,ProductServiceProvider,UnityEngine.Purchasing,Unity.Purchasing
1630,TlsPeer,TlsPeer,BestHTTP.SecureProtocol.Org.BouncyCastle.Crypto.Tls,BestHTTP
1631,NamingAuthority,NamingAuthority,BestHTTP.SecureProtocol.Org.BouncyCastle.Asn1.IsisMtt.X509,BestHTTP
1632,PasswordRecipientInformation,PasswordRecipientInformation,BestHTTP.SecureProtocol.Org.BouncyCastle.Cms,BestHTTP
1633,VerticalLayoutGroup,VerticalLayoutGroup,UnityEngine.UI,UnityEngine.UI
1634,EditorCoroutineRunner,EditorCoroutineRunner,GoogleSheetsToUnity.ThirdPary,Assembly-CSharp
1635,Targets,Targets,BestHTTP.SecureProtocol.Org.BouncyCastle.Asn1.X509,BestHTTP
1636,ChannelToken,ChannelToken,Unity.Services.Wire.Internal,Unity.Services.Core.Internal
1637,ChaCha7539Engine,ChaCha7539Engine,BestHTTP.SecureProtocol.Org.BouncyCastle.Crypto.Engines,BestHTTP
1638,FallingStarCtrl,FallingStarCtrl,,Assembly-CSharp
1639,Asn1KeyWrapper,Asn1KeyWrapper,BestHTTP.SecureProtocol.Org.BouncyCastle.Crypto.Operators,BestHTTP
1640,TlsSessionImpl,TlsSessionImpl,BestHTTP.SecureProtocol.Org.BouncyCastle.Crypto.Tls,BestHTTP
1641,CMSAuthenticatedDataGenerator,CmsAuthenticatedDataGenerator,BestHTTP.SecureProtocol.Org.BouncyCastle.Cms,BestHTTP
1642,AdminBuildSkinData,AdminBuildSkinData,,Assembly-CSharp
1643,StorageGearRowList,StorageGearRowList,,Assembly-CSharp
1644,AdminExpData,AdminExpData,,Assembly-CSharp
1645,PolicyInformation,PolicyInformation,BestHTTP.SecureProtocol.Org.BouncyCastle.Asn1.X509,BestHTTP
1646,LongPollingTransport,LongPollingTransport,BestHTTP.SignalRCore.Transports,BestHTTP
1647,AssetReference,AssetReference,UnityEngine.AddressableAssets,Unity.Addressables
1648,IServerEnvironmentId,IServerEnvironmentId,Unity.Services.Authentication.Server.Internal,Unity.Services.Core.Internal
1649,DirectoryEntryHeader,DirectoryEntryHeader,Gpm.Common.ThirdParty.SharpCompress.Common.Zip.Headers,gpm_common
1650,SharedTableData,SharedTableData,UnityEngine.Localization.Tables,Unity.Localization
1651,Pkcs1Encoding,Pkcs1Encoding,BestHTTP.SecureProtocol.Org.BouncyCastle.Crypto.Encodings,BestHTTP
1652,DsaSigner,DsaSigner,BestHTTP.SecureProtocol.Org.BouncyCastle.Crypto.Signers,BestHTTP
1653,luxuryShopContents,luxuryShopContents,,Assembly-CSharp
1654,Security,Security,crypto,BestHTTP
1655,TMP_SpriteGlyph,TMP_SpriteGlyph,TMPro,Unity.TextMeshPro
1656,HeaderTable,HeaderTable,BestHTTP.Connections.HTTP2,BestHTTP
1657,Nil,Nil,Gpm.Common.ThirdParty.MessagePack,gpm_common
1658,ADCBase,ADCBase,Gpm.Common.ThirdParty.SharpCompress.Compressors.ADC,gpm_common
1659,Arrays,Arrays,BestHTTP.SecureProtocol.Org.BouncyCastle.Utilities,BestHTTP
1660,DSAParameterGenerationParameters,DsaParameterGenerationParameters,BestHTTP.SecureProtocol.Org.BouncyCastle.Crypto.Parameters,BestHTTP
1661,PkixCertPathBuilderResult,PkixCertPathBuilderResult,BestHTTP.SecureProtocol.Org.BouncyCastle.Pkix,BestHTTP
1662,V2AttributeCertificateInfoGenerator,V2AttributeCertificateInfoGenerator,BestHTTP.SecureProtocol.Org.BouncyCastle.Asn1.X509,BestHTTP
1663,Enums,Enums,BestHTTP.SecureProtocol.Org.BouncyCastle.Utilities,BestHTTP
1664,TlsCredentials,TlsCredentials,BestHTTP.SecureProtocol.Org.BouncyCastle.Crypto.Tls,BestHTTP
1665,ObscuredChar.API,ObscuredChar,CodeStage.AntiCheat.ObscuredTypes,ACTk.Runtime
1666,NewSubHeaderType,NewSubHeaderType,Gpm.Common.ThirdParty.SharpCompress.Common.Rar.Headers,gpm_common
1667,AssetPackLocation,AssetPackLocation,Google.Play.AssetDelivery.Internal,Google.Play.AssetDelivery
1668,help,help,,Assembly-CSharp
1669,SucceedMetGearSelectList,SucceedMetGearSelectList,,Assembly-CSharp
1670,Pangle,Pangle,GoogleMobileAds.Mediation.Pangle.Api,GoogleMobileAds.Mediation.Pangle
1671,SkeletonRenderSeparator,SkeletonRenderSeparator,Spine.Unity,spine-unity
1672,SecP521R1FieldElement,SecP521R1FieldElement,BestHTTP.SecureProtocol.Org.BouncyCastle.Math.EC.Custom.Sec,BestHTTP
1673,RainFallCtrl,RainFallCtrl,,Assembly-CSharp
1674,IWire,IWire,Unity.Services.Wire.Internal,Unity.Services.Core.Internal
1675,BatterySaveDisableUtil,BatterySaveDisableUtil,,Assembly-CSharp
1676,DialogRequest,DialogRequest,UnityEngine.Purchasing,Unity.Purchasing.Stores
1677,ComposeListPop,ComposeListPop,,Assembly-CSharp
1678,TlsServerContext,TlsServerContext,BestHTTP.SecureProtocol.Org.BouncyCastle.Crypto.Tls,BestHTTP
1679,ESSCertID,EssCertID,BestHTTP.SecureProtocol.Org.BouncyCastle.Asn1.Ess,BestHTTP
1680,StoreServiceFactoryManager,StoreServiceFactoryManager,UnityEngine.Purchasing,Unity.Purchasing
1681,AndroidTaskUtils,AndroidTaskUtils,GooglePlayGames.Android,Google.Play.Games
1682,DsaParametersGenerator,DsaParametersGenerator,BestHTTP.SecureProtocol.Org.BouncyCastle.Crypto.Generators,BestHTTP
1683,PollRepContent,PollRepContent,BestHTTP.SecureProtocol.Org.BouncyCastle.Asn1.Cmp,BestHTTP
1684,VMPreparedProgram,VMPreparedProgram,Gpm.Common.ThirdParty.SharpCompress.Compressors.Rar.VM,gpm_common
1685,ISavedGameClient,ISavedGameClient,GooglePlayGames.BasicApi.SavedGame,Google.Play.Games
1686,unpack_hpp,UnpackGlobal,Gpm.Common.ThirdParty.SharpCompress.Compressors.Rar.UnpackV2017,gpm_common
1687,ITimeProvider,ITimeProvider,Unity.Services.Core.Scheduler.Internal,Unity.Services.Core.Scheduler
1688,CoreRegistration,CoreRegistration,Unity.Services.Core.Internal,Unity.Services.Core.Internal
1689,GooglePlayStoreFinishTransactionService,GooglePlayStoreFinishTransactionService,UnityEngine.Purchasing,Unity.Purchasing.Stores
1690,UnityWebRequestOperation,UnityWebRequestOperation,UnityEngine.ResourceManagement.AsyncOperations,Unity.ResourceManager
1691,IDigestCalculator,IDigestCalculator,BestHTTP.SecureProtocol.Org.BouncyCastle.Cms,BestHTTP
1692,UnmodifiableList,UnmodifiableList,BestHTTP.SecureProtocol.Org.BouncyCastle.Utilities.Collections,BestHTTP
1693,Poly1305KeyGenerator,Poly1305KeyGenerator,BestHTTP.SecureProtocol.Org.BouncyCastle.Crypto.Generators,BestHTTP
1694,IAsn1ApplicationSpecificParser,IAsn1ApplicationSpecificParser,BestHTTP.SecureProtocol.Org.BouncyCastle.Asn1,BestHTTP
1695,GOST3410Parameters,Gost3410Parameters,BestHTTP.SecureProtocol.Org.BouncyCastle.Crypto.Parameters,BestHTTP
1696,EncryptedKey,EncryptedKey,BestHTTP.SecureProtocol.Org.BouncyCastle.Asn1.Crmf,BestHTTP
1697,CommonTransactionEventHelper,CommonTransactionEventHelper,UnityEngine.Purchasing,Unity.Purchasing.Stores
1698,LocalizeImgSetter,LocalizeImgSetter,,Assembly-CSharp
1699,ArchiveEncoding,ArchiveEncoding,Gpm.Common.ThirdParty.SharpCompress.Common,gpm_common
1700,MissingComponent,MissingComponent,Unity.Services.Core.Internal,Unity.Services.Core.Internal
1701,BuffList,BuffList,,Assembly-CSharp
1702,ISISMTTObjectIdentifiers,IsisMttObjectIdentifiers,BestHTTP.SecureProtocol.Org.BouncyCastle.Asn1.IsisMtt,BestHTTP
1703,PlayCoreConstants,PlayCoreConstants,Google.Play.Core.Internal,Google.Play.Core
1704,hunterNameM,hunterNameM,,Assembly-CSharp
1705,TlsAgreementCredentials,TlsAgreementCredentials,BestHTTP.SecureProtocol.Org.BouncyCastle.Crypto.Tls,BestHTTP
1706,SecP160K1Point,SecP160K1Point,BestHTTP.SecureProtocol.Org.BouncyCastle.Math.EC.Custom.Sec,BestHTTP
1707,TMP_FontFeatureTable,TMP_FontFeatureTable,TMPro,Unity.TextMeshPro
1708,ExchangeList,ExchangeList,,Assembly-CSharp
1709,ObscuredVector2Int.API,ObscuredVector2Int,CodeStage.AntiCheat.ObscuredTypes,ACTk.Runtime
1710,MultipleDisplayUtilities,MultipleDisplayUtilities,UnityEngine.UI,UnityEngine.UI
1711,PBKDF2Params,Pbkdf2Params,BestHTTP.SecureProtocol.Org.BouncyCastle.Asn1.Pkcs,BestHTTP
1712,Hex,Hex,BestHTTP.SecureProtocol.Org.BouncyCastle.Utilities.Encoders,BestHTTP
1713,TimeStampedDataParser,TimeStampedDataParser,BestHTTP.SecureProtocol.Org.BouncyCastle.Asn1.Cms,BestHTTP
1714,ReviveHunterInfoRowList,ReviveHunterInfoRowList,,Assembly-CSharp
1715,RevocationValues,RevocationValues,BestHTTP.SecureProtocol.Org.BouncyCastle.Asn1.Esf,BestHTTP
1716,WebSocketTransport,WebSocketTransport,BestHTTP.SignalR.Transports,BestHTTP
1717,LifecycleNotifier,LifecycleNotifier,UnityEngine.Purchasing,Unity.Purchasing.Stores
1718,CmsContentEncryptorBuilder,CmsContentEncryptorBuilder,BestHTTP.SecureProtocol.Org.BouncyCastle.Operators,BestHTTP
1719,DistDecode,DistDecode,Gpm.Common.ThirdParty.SharpCompress.Compressors.Rar.UnpackV1.Decode,gpm_common
1720,honorReward,honorReward,,Assembly-CSharp
1721,Text,Text,UnityEngine.UI,UnityEngine.UI
1722,GearConvertCubePop,GearConvertCubePop,,Assembly-CSharp
1723,HTTPMultiPartForm,HTTPMultiPartForm,BestHTTP.Forms,BestHTTP
1724,IndefiniteLengthInputStream,IndefiniteLengthInputStream,BestHTTP.SecureProtocol.Org.BouncyCastle.Asn1,BestHTTP
1725,RiftLevList,RiftLevList,,Assembly-CSharp
1726,ReviewPlayServiceTaskManager,ReviewPlayServicesTaskManager,Google.Play.Review.Internal,Google.Play.Review
1727,GoogleProductTypeEnum,GoogleProductTypeEnum,UnityEngine.Purchasing.Models,Unity.Purchasing.Stores
1728,PatternList,PatternList,,Assembly-CSharp
1729,ITelemetryMetricsInstanceWrapper,ITelemetryMetricsInstanceWrapper,UnityEngine.Purchasing.Telemetry,Unity.Purchasing
1730,StandardClassLibraryFormatter,ByteArrayFormatter,Gpm.Common.ThirdParty.MessagePack.Formatters,gpm_common
1731,expData,expData,,Assembly-CSharp
1732,Ed25519PrivateKeyParameters,Ed25519PrivateKeyParameters,BestHTTP.SecureProtocol.Org.BouncyCastle.Crypto.Parameters,BestHTTP
1733,GearLimitBreakThroughPop,GearLimitBreakThroughPop,,Assembly-CSharp
1734,SavedGameMetadataUpdate,SavedGameMetadataUpdate,GooglePlayGames.BasicApi.SavedGame,Google.Play.Games
1735,XTEAEngine,XteaEngine,BestHTTP.SecureProtocol.Org.BouncyCastle.Crypto.Engines,BestHTTP
1736,ObscuredFileWriteResult,ObscuredFileWriteResult,CodeStage.AntiCheat.Storage,ACTk.Runtime
1737,Asn1OctetString,Asn1OctetString,BestHTTP.SecureProtocol.Org.BouncyCastle.Asn1,BestHTTP
1738,ElGamalKeyGenerationParameters,ElGamalKeyGenerationParameters,BestHTTP.SecureProtocol.Org.BouncyCastle.Crypto.Parameters,BestHTTP
1739,PurchaseServiceDependencyInjector,PurchaseServiceDependencyInjector,UnityEngine.Purchasing,Unity.Purchasing
1740,ACTkByte8,ACTkByte8,CodeStage.AntiCheat.Common,ACTk.Runtime
1741,IPurchaseReceipt,IPurchaseReceipt,UnityEngine.Purchasing.Security,Unity.Purchasing.SecurityCore
1742,JSON,Json,BestHTTP.JSON,BestHTTP
1743,HKDFBytesGenerator,HkdfBytesGenerator,BestHTTP.SecureProtocol.Org.BouncyCastle.Crypto.Generators,BestHTTP
1744,traderInfomation,traderInfomation,,Assembly-CSharp
1745,IGoogleOrderInfo,IGoogleOrderInfo,UnityEngine.Purchasing,Unity.Purchasing
1746,SunShafts,SunShafts,UnityStandardAssets.ImageEffects,Assembly-CSharp-firstpass
1747,OaepEncoding,OaepEncoding,BestHTTP.SecureProtocol.Org.BouncyCastle.Crypto.Encodings,BestHTTP
1748,Miscellaneous,Miscellaneous,Gpm.Common.Util,gpm_common
1749,StorageInfo,StorageInfo,,Assembly-CSharp
1750,SubToastMsgCtrl,SubToastMsgCtrl,,Assembly-CSharp
1751,WorldBossRewardList,WorldBossRewardList,,Assembly-CSharp
1752,PemHeader,PemHeader,BestHTTP.SecureProtocol.Org.BouncyCastle.Utilities.IO.Pem,BestHTTP
1753,FormatItem,FormatItem,UnityEngine.Localization.SmartFormat.Core.Parsing,Unity.Localization
1754,HelpList,HelpList,,Assembly-CSharp
1755,GoogleReceiptEncoder,GoogleReceiptEncoder,UnityEngine.Purchasing.Utils,Unity.Purchasing.Stores
1756,IAnalyticsUserId,IAnalyticsUserId,Unity.Services.Core.Analytics.Internal,Unity.Services.Core.Internal
1757,SMIMEAttributes,SmimeAttributes,BestHTTP.SecureProtocol.Org.BouncyCastle.Asn1.Smime,BestHTTP
1758,IUnityAdsClient,IUnityAdsClient,GoogleMobileAds.Mediation.UnityAds.Common,GoogleMobileAds.Mediation.UnityAds.Common
1759,IMaskable,IMaskable,UnityEngine.UI,UnityEngine.UI
1760,X962Parameters,X962Parameters,BestHTTP.SecureProtocol.Org.BouncyCastle.Asn1.X9,BestHTTP
1761,Navigation,Navigation,UnityEngine.UI,UnityEngine.UI
1762,AdminHelpData,AdminHelpData,,Assembly-CSharp
1763,SubjectDirectoryAttributes,SubjectDirectoryAttributes,BestHTTP.SecureProtocol.Org.BouncyCastle.Asn1.X509,BestHTTP
1764,StreamingZipHeaderFactory,StreamingZipHeaderFactory,Gpm.Common.ThirdParty.SharpCompress.Common.Zip,gpm_common
1765,X509SignatureUtil,X509SignatureUtilities,BestHTTP.SecureProtocol.Org.BouncyCastle.X509,BestHTTP
1766,TlsDsaSigner,TlsDsaSigner,BestHTTP.SecureProtocol.Org.BouncyCastle.Crypto.Tls,BestHTTP
1767,CMSCompressedDataParser,CmsCompressedDataParser,BestHTTP.SecureProtocol.Org.BouncyCastle.Cms,BestHTTP
1768,ExecuteEvents,ExecuteEvents,UnityEngine.EventSystems,UnityEngine.UI
1769,SubjectKeyIdentifier,SubjectKeyIdentifier,BestHTTP.SecureProtocol.Org.BouncyCastle.Asn1.X509,BestHTTP
1770,UpdateCatalogsOperation,UpdateCatalogsOperation,UnityEngine.AddressableAssets,Unity.Addressables
1771,reviveProperty,reviveProperty,,Assembly-CSharp
1772,EventTable,EventTable,BestHTTP.SocketIO.Events,BestHTTP
1773,Curve25519,Curve25519,BestHTTP.SecureProtocol.Org.BouncyCastle.Math.EC.Custom.Djb,BestHTTP
1774,fallenRanchStageData,fallenRanchStageData,,Assembly-CSharp
1775,KeyTransRecipientInfoGenerator,KeyTransRecipientInfoGenerator,BestHTTP.SecureProtocol.Org.BouncyCastle.Cms,BestHTTP
1776,IQueryProductDetailsService,IQueryProductDetailsService,UnityEngine.Purchasing.Interfaces,Unity.Purchasing
1777,ObscuredVector2Int.Raw,ObscuredVector2Int,CodeStage.AntiCheat.ObscuredTypes,ACTk.Runtime
1778,AbstractTlsPeer,AbstractTlsPeer,BestHTTP.SecureProtocol.Org.BouncyCastle.Crypto.Tls,BestHTTP
1779,HandshakeType,HandshakeType,BestHTTP.SecureProtocol.Org.BouncyCastle.Crypto.Tls,BestHTTP
1780,Entitlement,Entitlement,UnityEngine.Purchasing,Unity.Purchasing
1781,IUnityThreadUtils,IUnityThreadUtils,Unity.Services.Core.Threading.Internal,Unity.Services.Core.Internal
1782,TarArchiveEntry,TarArchiveEntry,Gpm.Common.ThirdParty.SharpCompress.Archives.Tar,gpm_common
1783,TMP_SpriteAnimator,TMP_SpriteAnimator,TMPro,Unity.TextMeshPro
1784,PlayCoreOnFailureListener,PlayCoreOnFailureListener,Google.Play.Core.Internal,Google.Play.Core
1785,ParametersWithSBox,ParametersWithSBox,BestHTTP.SecureProtocol.Org.BouncyCastle.Crypto.Parameters,BestHTTP
1786,SocialManager,SocialManager,,Assembly-CSharp
1787,MemoryConfigurationLoader,MemoryConfigurationLoader,Unity.Services.Core.Configuration,Unity.Services.Core.Configuration
1788,chiefSkillData,chiefSkillData,,Assembly-CSharp
1789,ObscuredVector2.Raw,ObscuredVector2,CodeStage.AntiCheat.ObscuredTypes,ACTk.Runtime
1790,AttributeCertificateInfo,AttributeCertificateInfo,BestHTTP.SecureProtocol.Org.BouncyCastle.Asn1.X509,BestHTTP
1791,BitInput.getbits_cpp,BitInput,Gpm.Common.ThirdParty.SharpCompress.Compressors.Rar.UnpackV2017,gpm_common
1792,LegacyTlsClient,LegacyTlsClient,BestHTTP.SecureProtocol.Org.BouncyCastle.Crypto.Tls,BestHTTP
1793,TimeLimitRetryPolicy,TimeLimitRetryPolicy,UnityEngine.Purchasing,Unity.Purchasing
1794,RSABlindingParameters,RsaBlindingParameters,BestHTTP.SecureProtocol.Org.BouncyCastle.Crypto.Parameters,BestHTTP
1795,AudioVariables,AudioVariables,Gpm.Common.ThirdParty.SharpCompress.Compressors.Rar.UnpackV1.Decode,gpm_common
1796,ObscuredLong.Editor,ObscuredLong,CodeStage.AntiCheat.ObscuredTypes,ACTk.Runtime
1797,Antialiasing,Antialiasing,UnityStandardAssets.ImageEffects,Assembly-CSharp-firstpass
1798,SeekableZipFilePart,SeekableZipFilePart,Gpm.Common.ThirdParty.SharpCompress.Common.Zip,gpm_common
1799,AdminEvilSpeachData,AdminEvilSpeachData,,Assembly-CSharp
1800,gearArmor,gearArmor,,Assembly-CSharp
1801,SHA1Wrapper,SHA1Wrapper,CodeStage.AntiCheat.Genuine.CodeHash,ACTk.Runtime
1802,NotiPop,NotiPop,,Assembly-CSharp
1803,GearCreateList,GearCreateList,,Assembly-CSharp
1804,CoreLogger,CoreLogger,Unity.Services.Core.Internal,Unity.Services.Core.Internal
1805,IServiceComponent,IServiceComponent,Unity.Services.Core.Internal,Unity.Services.Core.Internal
1806,SortHunterThumbList,SortHunterThumbList,,Assembly-CSharp
1807,ChaChaEngine,ChaChaEngine,BestHTTP.SecureProtocol.Org.BouncyCastle.Crypto.Engines,BestHTTP
1808,GOST3411Digest,Gost3411Digest,BestHTTP.SecureProtocol.Org.BouncyCastle.Crypto.Digests,BestHTTP
1809,HistoryPop,HistoryPop,,Assembly-CSharp
1810,SM2KeyExchangePublicParameters,SM2KeyExchangePublicParameters,BestHTTP.SecureProtocol.Org.BouncyCastle.Crypto.Parameters,BestHTTP
1811,AndroidWebView,AndroidWebView,Gpm.WebView.Internal,gpm_webview
1812,ComposeMetList,ComposeMetList,,Assembly-CSharp
1813,AttributeTypeAndValue,AttributeTypeAndValue,BestHTTP.SecureProtocol.Org.BouncyCastle.Asn1.Crmf,BestHTTP
1814,ExtractionOptions,ExtractionOptions,Gpm.Common.ThirdParty.SharpCompress.Common,gpm_common
1815,ObscuredPrefs.LegacyApi,ObscuredPrefs,CodeStage.AntiCheat.Storage,ACTk.Runtime
1816,achieveData,achieveData,,Assembly-CSharp
1817,TMP_CoroutineTween,ITweenValue,TMPro,Unity.TextMeshPro
1818,JsonIgnoreAttribute,JsonIgnoreAttribute,JsonFx.Json,Assembly-CSharp
1819,CMSStreamException,CmsStreamException,BestHTTP.SecureProtocol.Org.BouncyCastle.Cms,BestHTTP
1820,met,met,,Assembly-CSharp
1821,PaddedBufferedBlockCipher,PaddedBufferedBlockCipher,BestHTTP.SecureProtocol.Org.BouncyCastle.Crypto.Paddings,BestHTTP
1822,AttributeTypeAndValue,AttributeTypeAndValue,BestHTTP.SecureProtocol.Org.BouncyCastle.Asn1.X500,BestHTTP
1823,TimelineClip,TimelineClip,UnityEngine.Timeline,Unity.Timeline
1824,PrefUtility,PrefUtility,,Assembly-CSharp
1825,build,build,,Assembly-CSharp
1826,AdminRiftRaidRewardData,AdminRiftRaidRewardData,,Assembly-CSharp
1827,AreaCheckDistanceEffectCtrl,AreaCheckDistanceEffectCtrl,,Assembly-CSharp
1828,X9FieldID,X9FieldID,BestHTTP.SecureProtocol.Org.BouncyCastle.Asn1.X9,BestHTTP
1829,IGoogleLastKnownProductService,IGoogleLastKnownProductService,UnityEngine.Purchasing.Interfaces,Unity.Purchasing.Stores
1830,ClipCaps,TimelineClipCapsExtensions,UnityEngine.Timeline,Unity.Timeline
1831,SevenZipEntry,SevenZipEntry,Gpm.Common.ThirdParty.SharpCompress.Common.SevenZip,gpm_common
1832,IPropertyCollector,IPropertyCollector,UnityEngine.Timeline,Unity.Timeline
1833,IStringProperty,IStringProperty,UnityEngine.Localization.PropertyVariants.TrackedProperties,Unity.Localization
1834,DsaValidationParameters,DsaValidationParameters,BestHTTP.SecureProtocol.Org.BouncyCastle.Crypto.Parameters,BestHTTP
1835,ElGamalPublicKeyParameters,ElGamalPublicKeyParameters,BestHTTP.SecureProtocol.Org.BouncyCastle.Crypto.Parameters,BestHTTP
1836,DSAParameter,DsaParameter,BestHTTP.SecureProtocol.Org.BouncyCastle.Asn1.X509,BestHTTP
1837,CMSUtils,CmsUtilities,BestHTTP.SecureProtocol.Org.BouncyCastle.Cms,BestHTTP
1838,WorldBossHunterCtrl,WorldBossHunterCtrl,,Assembly-CSharp
1839,gearRingData,gearRingData,,Assembly-CSharp
1840,CscaMasterList,CscaMasterList,BestHTTP.SecureProtocol.Org.BouncyCastle.Asn1.Icao,BestHTTP
1841,HelperClasses,ITransport,BestHTTP.SignalRCore,BestHTTP
1842,JsonMemberAttribute,JsonMemberAttribute,JsonFx.Json,Assembly-CSharp
1843,GOST3410Signer,Gost3410Signer,BestHTTP.SecureProtocol.Org.BouncyCastle.Crypto.Signers,BestHTTP
1844,LinkedCertificate,LinkedCertificate,BestHTTP.SecureProtocol.Org.BouncyCastle.Asn1.BC,BestHTTP
1845,TelemetryDiagnosticNames,TelemetryDiagnosticNames,UnityEngine.Purchasing.Telemetry,Unity.Purchasing
1846,HashAlgorithm,HashAlgorithm,BestHTTP.SecureProtocol.Org.BouncyCastle.Crypto.Tls,BestHTTP
1847,SecT283FieldElement,SecT283FieldElement,BestHTTP.SecureProtocol.Org.BouncyCastle.Math.EC.Custom.Sec,BestHTTP
1848,metData,metData,,Assembly-CSharp
1849,Slider,Slider,UnityEngine.UI,UnityEngine.UI
1850,DatagramTransport,DatagramTransport,BestHTTP.SecureProtocol.Org.BouncyCastle.Crypto.Tls,BestHTTP
1851,Clipping,Clipping,UnityEngine.UI,UnityEngine.UI
1852,DHParameter,DHParameter,BestHTTP.SecureProtocol.Org.BouncyCastle.Asn1.Pkcs,BestHTTP
1853,SrtpProtectionProfile,SrtpProtectionProfile,BestHTTP.SecureProtocol.Org.BouncyCastle.Crypto.Tls,BestHTTP
1854,Nat,Nat,BestHTTP.SecureProtocol.Org.BouncyCastle.Math.Raw,BestHTTP
1855,ECMqvWithKdfBasicAgreement,ECMqvWithKdfBasicAgreement,BestHTTP.SecureProtocol.Org.BouncyCastle.Crypto.Agreement,BestHTTP
1856,JsonSpecifiedPropertyAttribute,JsonSpecifiedPropertyAttribute,JsonFx.Json,Assembly-CSharp
1857,PvPHunterCtrl,PvPHunterCtrl,,Assembly-CSharp
1858,HttpOptions,HttpOptions,Unity.Services.Core.Networking.Internal,Unity.Services.Core.Internal
1859,IJSonEncoder,IJsonEncoder,BestHTTP.SocketIO.JsonEncoders,BestHTTP
1860,ValidityPreCompInfo,ValidityPreCompInfo,BestHTTP.SecureProtocol.Org.BouncyCastle.Math.EC.Multiplier,BestHTTP
1861,SimpleCatalogProvider,SimpleCatalogProvider,UnityEngine.Purchasing,Unity.Purchasing
1862,propertyData,propertyData,,Assembly-CSharp
1863,UpdateAvailabilityTranslator,UpdateAvailabilityTranslator,Google.Play.AssetDelivery.Internal,Google.Play.AssetDelivery
1864,TarReader,TarReader,Gpm.Common.ThirdParty.SharpCompress.Readers.Tar,gpm_common
1865,PolicyMappings,PolicyMappings,BestHTTP.SecureProtocol.Org.BouncyCastle.Asn1.X509,BestHTTP
1866,AdminPatternSpeach,AdminPatternSpeach,,Assembly-CSharp
1867,X9ECParameters,X9ECParameters,BestHTTP.SecureProtocol.Org.BouncyCastle.Asn1.X9,BestHTTP
1868,TlsContext,TlsContext,BestHTTP.SecureProtocol.Org.BouncyCastle.Crypto.Tls,BestHTTP
1869,RewardItemData,RewardItemData,,Assembly-CSharp
1870,SM2Signer,SM2Signer,BestHTTP.SecureProtocol.Org.BouncyCastle.Crypto.Signers,BestHTTP
1871,ParametersWithIV,ParametersWithIV,BestHTTP.SecureProtocol.Org.BouncyCastle.Crypto.Parameters,BestHTTP
1872,ZipReader,ZipReader,Gpm.Common.ThirdParty.SharpCompress.Readers.Zip,gpm_common
1873,SignaturePolicyId,SignaturePolicyId,BestHTTP.SecureProtocol.Org.BouncyCastle.Asn1.Esf,BestHTTP
1874,GpmWebViewStyle,GpmWebViewStyle,Gpm.WebView,gpm_webview
1875,ExchangeRowList,ExchangeRowList,,Assembly-CSharp
1876,EventSystemSetting,EventSystemSetting,,Assembly-CSharp
1877,TMP_UpdateManager,TMP_UpdateManager,TMPro,Unity.TextMeshPro
1878,DefaultJSonEncoder,DefaultJSonEncoder,BestHTTP.SocketIO.JsonEncoders,BestHTTP
1879,RequestPop,RequestPop,,Assembly-CSharp
1880,SeekableFilePart,SeekableFilePart,Gpm.Common.ThirdParty.SharpCompress.Archives.Rar,gpm_common
1881,DistinctProductsCartValidator,DistinctProductsCartValidator,UnityEngine.Purchasing,Unity.Purchasing
1882,MQVuserKeyingMaterial,MQVuserKeyingMaterial,BestHTTP.SecureProtocol.Org.BouncyCastle.Asn1.Cms.Ecc,BestHTTP
1883,TlsStreamCipher,TlsStreamCipher,BestHTTP.SecureProtocol.Org.BouncyCastle.Crypto.Tls,BestHTTP
1884,LZ4Codec.Safe32.Dirty,LZ4Codec,Gpm.Common.ThirdParty.MessagePack.LZ4,gpm_common
1885,RequestEvents,RequestEventInfo,BestHTTP.Core,BestHTTP
1886,StencilMaterial,StencilMaterial,UnityEngine.UI,UnityEngine.UI
1887,SearchPropertyList,SearchPropertyList,,Assembly-CSharp
1888,GameObjectLocalizer,GameObjectLocalizer,UnityEngine.Localization.PropertyVariants,Unity.Localization
1889,LevelChangePop,LevelChangePop,,Assembly-CSharp
1890,SafeBag,SafeBag,BestHTTP.SecureProtocol.Org.BouncyCastle.Asn1.Pkcs,BestHTTP
1891,UnityObjectProperty,UnityObjectProperty,UnityEngine.Localization.PropertyVariants.TrackedProperties,Unity.Localization
1892,GraphicRegistry,GraphicRegistry,UnityEngine.UI,UnityEngine.UI
1893,OCSPReqGenerator,OcspReqGenerator,BestHTTP.SecureProtocol.Org.BouncyCastle.Ocsp,BestHTTP
1894,SecT193R1Point,SecT193R1Point,BestHTTP.SecureProtocol.Org.BouncyCastle.Math.EC.Custom.Sec,BestHTTP
1895,CheckEntitlementUseCase,CheckEntitlementUseCase,UnityEngine.Purchasing,Unity.Purchasing
1896,Ed25519ctxSigner,Ed25519ctxSigner,BestHTTP.SecureProtocol.Org.BouncyCastle.Crypto.Signers,BestHTTP
1897,magiccubeData,magiccubeData,,Assembly-CSharp
1898,X509V3CertificateGenerator,X509V3CertificateGenerator,BestHTTP.SecureProtocol.Org.BouncyCastle.X509,BestHTTP
1899,ClipUpgrade,TimelineClip,UnityEngine.Timeline,Unity.Timeline
1900,demonSkill,demonSkill,,Assembly-CSharp
1901,RunesSelectPop,RunesSelectPop,,Assembly-CSharp
1902,demon,demon,,Assembly-CSharp
1903,RetryRequest,RetryRequest,UnityEngine.Purchasing,Unity.Purchasing
1904,PlaceholderClient,PlaceholderClient,GoogleMobileAds.Mediation.UnityAds.Common,GoogleMobileAds.Mediation.UnityAds.Common
1905,RarHeaderFactory,RarHeaderFactory,Gpm.Common.ThirdParty.SharpCompress.Common.Rar.Headers,gpm_common
1906,SubscriptionInfo,SubscriptionInfo,UnityEngine.Purchasing,Unity.Purchasing
1907,VMPreparedCommand,VMPreparedCommand,Gpm.Common.ThirdParty.SharpCompress.Compressors.Rar.VM,gpm_common
1908,X448Field,X448Field,BestHTTP.SecureProtocol.Org.BouncyCastle.Math.EC.Rfc7748,BestHTTP
1909,PkcsIOException,PkcsIOException,BestHTTP.SecureProtocol.Org.BouncyCastle.Pkcs,BestHTTP
1910,RosstandartObjectIdentifiers,RosstandartObjectIdentifiers,BestHTTP.SecureProtocol.Org.BouncyCastle.Asn1.Rosstandart,BestHTTP
1911,MapData,MapData,,Assembly-CSharp
1912,IAsymmetricBlockCipher,IAsymmetricBlockCipher,BestHTTP.SecureProtocol.Org.BouncyCastle.Crypto,BestHTTP
1913,HelpUrls,HelpUrls,Unity.AI.Navigation,Unity.AI.Navigation
1914,TMP_TextParsingUtilities,TMP_TextParsingUtilities,TMPro,Unity.TextMeshPro
1915,AdminRidingPetSkillData,AdminRidingPetSkillData,,Assembly-CSharp
1916,WTauNafPreCompInfo,WTauNafPreCompInfo,BestHTTP.SecureProtocol.Org.BouncyCastle.Math.EC.Multiplier,BestHTTP
1917,GpmWebViewMessage,GpmWebViewMessage,Gpm.WebView,gpm_webview
1918,IPurchaseUseCase,IPurchaseUseCase,UnityEngine.Purchasing,Unity.Purchasing
1919,IProductCache,IProductCache,UnityEngine.Purchasing.Extension,Unity.Purchasing
1920,Rfc3280CertPathUtilities,Rfc3280CertPathUtilities,BestHTTP.SecureProtocol.Org.BouncyCastle.Pkix,BestHTTP
1921,PlayAssetPackDownloadInfo,PlayAssetPackDownloadInfo,Google.Play.AssetDelivery,Google.Play.AssetDelivery
1922,HashGeneratorResult,HashGeneratorResult,CodeStage.AntiCheat.Genuine.CodeHash,ACTk.Runtime
1923,ProfilerMarkerExtensions,ProfilerMarkerExtension,Unity.Profiling,Unity.Profiling.Core
1924,DtlsHandshakeRetransmit,DtlsHandshakeRetransmit,BestHTTP.SecureProtocol.Org.BouncyCastle.Crypto.Tls,BestHTTP
1925,FrameDataStructs,CatalogFrameData,UnityEngine.ResourceManagement.Profiling,Unity.ResourceManager
1926,Timer,Timer,BestHTTP.Extensions,BestHTTP
1927,FieldNpcData,FieldNpcData,,Assembly-CSharp
1928,RangeCoder,Encoder,Gpm.Common.ThirdParty.SharpCompress.Compressors.LZMA.RangeCoder,gpm_common
1929,HPACKEncoder,HPACKEncoder,BestHTTP.Connections.HTTP2,BestHTTP
1930,Match,Match,Gpm.Common.ThirdParty.SharpCompress.Compressors.Deflate64,gpm_common
1931,ScrollConvertPop,ScrollConvertPop,,Assembly-CSharp
1932,X509Certificate,X509Certificate,BestHTTP.SecureProtocol.Org.BouncyCastle.X509,BestHTTP
1933,ECLookupTable,ECLookupTable,BestHTTP.SecureProtocol.Org.BouncyCastle.Math.EC,BestHTTP
1934,Store,Store,UnityEngine.Purchasing.Extension,Unity.Purchasing
1935,ObscuredPrefs,ObscuredPrefs,CodeStage.AntiCheat.Storage,ACTk.Runtime
1936,IGooglePlayStoreChangeSubscriptionService,IGooglePlayStoreChangeSubscriptionService,UnityEngine.Purchasing,Unity.Purchasing.Stores
1937,JsonWriterSettings,JsonWriterSettings,JsonFx.Json,Assembly-CSharp
1938,PEMParser,PemParser,BestHTTP.SecureProtocol.Org.BouncyCastle.X509,BestHTTP
1939,TimeSpanUtility,TimeSpanUtility,UnityEngine.Localization.SmartFormat.Utilities,Unity.Localization
1940,ResponseBytes,ResponseBytes,BestHTTP.SecureProtocol.Org.BouncyCastle.Asn1.Ocsp,BestHTTP
1941,AbstractTlsSignerCredentials,AbstractTlsSignerCredentials,BestHTTP.SecureProtocol.Org.BouncyCastle.Crypto.Tls,BestHTTP
1942,WhirlpoolDigest,WhirlpoolDigest,BestHTTP.SecureProtocol.Org.BouncyCastle.Crypto.Digests,BestHTTP
1943,VMPCEngine,VmpcEngine,BestHTTP.SecureProtocol.Org.BouncyCastle.Crypto.Engines,BestHTTP
1944,TrackColorAttribute,TrackColorAttribute,UnityEngine.Timeline,Unity.Timeline
1945,DefaultVerifierResult,DefaultVerifierResult,BestHTTP.SecureProtocol.Org.BouncyCastle.Crypto.Operators,BestHTTP
1946,BaseInputStream,BaseInputStream,BestHTTP.SecureProtocol.Org.BouncyCastle.Utilities.IO,BestHTTP
1947,HeartbeatManager,HeartbeatManager,BestHTTP.Extensions,BestHTTP
1948,adventureNpcAbilityData,adventureNpcAbilityData,,Assembly-CSharp
1949,SetPromotionalPurchaseInterceptorCallbackUseCase,SetPromotionalPurchaseInterceptorCallbackUseCase,UnityEngine.Purchasing.UseCases,Unity.Purchasing
1950,PrimitiveFormatter,Int16Formatter,Gpm.Common.ThirdParty.MessagePack.Formatters,gpm_common
1951,ContentInfo,ContentInfo,BestHTTP.SecureProtocol.Org.BouncyCastle.Asn1.Cms,BestHTTP
1952,UserMailData,UserMailData,,Assembly-CSharp
1953,SkeletonGraphicCustomMaterials,SkeletonGraphicCustomMaterials,Spine.Unity,spine-unity
1954,missionData,missionData,,Assembly-CSharp
1955,AuthEnvelopedData,AuthEnvelopedData,BestHTTP.SecureProtocol.Org.BouncyCastle.Asn1.Cms,BestHTTP
1956,TokenShopPop,TokenShopPop,,Assembly-CSharp
1957,DarknessPrinceSkillCtrl,DarknessPrinceSkillCtrl,,Assembly-CSharp
1958,AttributeCertificate,AttributeCertificate,BestHTTP.SecureProtocol.Org.BouncyCastle.Asn1.X509,BestHTTP
1959,SoundCtrl,SoundCtrl,,Assembly-CSharp
1960,MessagePackCode,MessagePackCode,Gpm.Common.ThirdParty.MessagePack,gpm_common
1961,UnityUtil,UnityUtil,UnityEngine.Purchasing.Extension,Unity.Purchasing.Utilities
1962,BtnCtrl,BtnCtrl,,Assembly-CSharp
1963,Attribute,AttributeX509,BestHTTP.SecureProtocol.Org.BouncyCastle.Asn1.X509,BestHTTP
1964,BERSequenceParser,BerSequenceParser,BestHTTP.SecureProtocol.Org.BouncyCastle.Asn1,BestHTTP
1965,TrackedRectTransform,TrackedRectTransform,UnityEngine.Localization.PropertyVariants.TrackedObjects,Unity.Localization
1966,ObscuredFileReadResult,ObscuredFileReadResult,CodeStage.AntiCheat.Storage,ACTk.Runtime
1967,ObscuredBigInteger.API,ObscuredBigInteger,CodeStage.AntiCheat.ObscuredTypes,ACTk.Runtime
1968,TMP_MaterialManager,TMP_MaterialManager,TMPro,Unity.TextMeshPro
1969,ScaleYNegateXPointMap,ScaleYNegateXPointMap,BestHTTP.SecureProtocol.Org.BouncyCastle.Math.EC,BestHTTP
1970,Check,Check,BestHTTP.SecureProtocol.Org.BouncyCastle.Crypto,BestHTTP
1971,AppleTransactionSubscriptionInfo,AppleTransactionSubscriptionInfo,UnityEngine.Purchasing,Unity.Purchasing
1972,GpmWebViewRequest,GpmWebViewRequest,Gpm.WebView,gpm_webview
1973,RidingPetGachaRowList,RidingPetGachaRowList,,Assembly-CSharp
1974,AnimationReferenceAsset,AnimationReferenceAsset,Spine.Unity,spine-unity
1975,VirtualBundledAssetProvider,VirtualBundledAssetProvider,UnityEngine.ResourceManagement.ResourceProviders.Simulation,Unity.ResourceManager
1976,RelicCollectionSelectPop,RelicCollectionSelectPop,,Assembly-CSharp
1977,EncryptedData,EncryptedData,BestHTTP.SecureProtocol.Org.BouncyCastle.Asn1.Pkcs,BestHTTP
1978,DistributionPoint,DistributionPoint,BestHTTP.SecureProtocol.Org.BouncyCastle.Asn1.X509,BestHTTP
1979,GearChaosCubeList,GearChaosCubeList,,Assembly-CSharp
1980,AndroidHelperFragment,AndroidHelperFragment,GooglePlayGames.Android,Google.Play.Games
1981,KeySpecificInfo,KeySpecificInfo,BestHTTP.SecureProtocol.Org.BouncyCastle.Asn1.X9,BestHTTP
1982,TlsBlockCipher,TlsBlockCipher,BestHTTP.SecureProtocol.Org.BouncyCastle.Crypto.Tls,BestHTTP
1983,HeartbeatMode,HeartbeatMode,BestHTTP.SecureProtocol.Org.BouncyCastle.Crypto.Tls,BestHTTP
1984,NavMeshLink,NavMeshLink,Unity.AI.Navigation,Unity.AI.Navigation
1985,RidingPetGearList,RidingPetGearList,,Assembly-CSharp
1986,IRefreshAppReceiptUseCase,IRefreshAppReceiptUseCase,UnityEngine.Purchasing.UseCases.Interfaces,Unity.Purchasing
1987,ScreenOverlay,ScreenOverlay,UnityStandardAssets.ImageEffects,Assembly-CSharp-firstpass
1988,AndroidNotificationChannel,AndroidNotificationChannel,Unity.Notifications.Android,Unity.Notifications.Android
1989,DefaultTlsSrpGroupVerifier,DefaultTlsSrpGroupVerifier,BestHTTP.SecureProtocol.Org.BouncyCastle.Crypto.Tls,BestHTTP
1990,IGoogleBillingResult,IGoogleBillingResult,UnityEngine.Purchasing.Models,Unity.Purchasing
1991,ProtocolEvents,ProtocolEventInfo,BestHTTP.Core,BestHTTP
1992,ProductMetList,ProductMetList,,Assembly-CSharp
1993,ProductFetchRequest,ProductFetchRequest,UnityEngine.Purchasing,Unity.Purchasing
1994,SmartFormatPools,FormatCachePool,UnityEngine.Localization.SmartFormat,Unity.Localization
1995,SystemLanguageConverter,SystemLanguageConverter,UnityEngine.Localization,Unity.Localization
1996,Streams,Streams,BestHTTP.SecureProtocol.Org.BouncyCastle.Utilities.IO,BestHTTP
1997,TlsServerContextImpl,TlsServerContextImpl,BestHTTP.SecureProtocol.Org.BouncyCastle.Crypto.Tls,BestHTTP
1998,PollingTransport,PollingTransport,BestHTTP.SignalR.Transports,BestHTTP
1999,CommentHeader,CommentHeader,Gpm.Common.ThirdParty.SharpCompress.Common.Rar.Headers,gpm_common
2000,LocalizedString,LocalizedString,UnityEngine.Localization,Unity.Localization
2001,GenericPolynomialExtensionField,GenericPolynomialExtensionField,BestHTTP.SecureProtocol.Org.BouncyCastle.Math.Field,BestHTTP
2002,ECKeyParameters,ECKeyParameters,BestHTTP.SecureProtocol.Org.BouncyCastle.Crypto.Parameters,BestHTTP
2003,RuntimeClip,RuntimeClip,UnityEngine.Timeline,Unity.Timeline
2004,GPGSIds,GPGSIds,,Assembly-CSharp
2005,GZipFilePart,GZipFilePart,Gpm.Common.ThirdParty.SharpCompress.Common.GZip,gpm_common
2006,ActivateBasedOnFlipDirection,ActivateBasedOnFlipDirection,Spine.Unity,spine-unity
2007,DHStandardGroups,DHStandardGroups,BestHTTP.SecureProtocol.Org.BouncyCastle.Crypto.Agreement,BestHTTP
2008,AdminLuxuryShopContentsData,AdminLuxuryShopContentsData,,Assembly-CSharp
2009,ECGOST3410Parameters,ECGost3410Parameters,BestHTTP.SecureProtocol.Org.BouncyCastle.Crypto.Parameters,BestHTTP
2010,ComponentsList,ComponentsList,,Assembly-CSharp
2011,RuntimeClipBase,RuntimeClipBase,UnityEngine.Timeline,Unity.Timeline
2012,IAsn1Choice,IAsn1Choice,BestHTTP.SecureProtocol.Org.BouncyCastle.Asn1,BestHTTP
2013,GeneratorUtilities,GeneratorUtilities,BestHTTP.SecureProtocol.Org.BouncyCastle.Security,BestHTTP
2014,Sha512tDigest,Sha512tDigest,BestHTTP.SecureProtocol.Org.BouncyCastle.Crypto.Digests,BestHTTP
2015,ExcludeEntryFromExport,ExcludeEntryFromExport,UnityEngine.Localization.Metadata,Unity.Localization
2016,CRLNumber,CrlNumber,BestHTTP.SecureProtocol.Org.BouncyCastle.Asn1.X509,BestHTTP
2017,IInitialize,IInitialize,UnityEngine.Localization.Settings,Unity.Localization
2018,Skin,Skin,Spine,spine-csharp
2019,IJsonSerializer,IJsonSerializer,Unity.Services.Core.Internal.Serialization,Unity.Services.Core.Internal
2020,HunterSelectPop,HunterSelectPop,,Assembly-CSharp
2021,RC532Engine,RC532Engine,BestHTTP.SecureProtocol.Org.BouncyCastle.Crypto.Engines,BestHTTP
2022,WriterOptions,WriterOptions,Gpm.Common.ThirdParty.SharpCompress.Writers,gpm_common
2023,SocketManager,SocketManager,BestHTTP.SocketIO,BestHTTP
2024,AdminMagicCubeData,AdminMagicCubeData,,Assembly-CSharp
2025,BZip2Stream,BZip2Stream,Gpm.Common.ThirdParty.SharpCompress.Compressors.BZip2,gpm_common
2026,IKeyGenerator,IKeyGenerator,UnityEngine.Localization.Tables,Unity.Localization
2027,ZOutputStream,ZOutputStream,BestHTTP.SecureProtocol.Org.BouncyCastle.Utilities.Zlib,BestHTTP
2028,BaseMeshEffect,BaseMeshEffect,UnityEngine.UI,UnityEngine.UI
2029,RC5Parameters,RC5Parameters,BestHTTP.SecureProtocol.Org.BouncyCastle.Crypto.Parameters,BestHTTP
2030,ClippingAttachment,ClippingAttachment,Spine,spine-csharp
2031,NonMemoableDigest,NonMemoableDigest,BestHTTP.SecureProtocol.Org.BouncyCastle.Crypto.Digests,BestHTTP
2032,OfbBlockCipher,OfbBlockCipher,BestHTTP.SecureProtocol.Org.BouncyCastle.Crypto.Modes,BestHTTP
2033,DeviceIdHolder,DeviceIdHolder,CodeStage.AntiCheat.Storage,ACTk.Runtime
2034,TMP_FontAsset,TMP_FontAsset,TMPro,Unity.TextMeshPro
2035,PurchaseServiceFactoryManager,PurchaseServiceFactoryManager,UnityEngine.Purchasing,Unity.Purchasing
2036,IStreamCalculator,IStreamCalculator,BestHTTP.SecureProtocol.Org.BouncyCastle.Crypto,BestHTTP
2037,GooglePlayRestoreTransactionUseCase,GooglePlayRestoreTransactionUseCase,UnityEngine.Purchasing,Unity.Purchasing
2038,MultiCraftGearRowList,MultiCraftGearRowList,,Assembly-CSharp
2039,DerBoolean,DerBoolean,BestHTTP.SecureProtocol.Org.BouncyCastle.Asn1,BestHTTP
2040,NaccacheSternKeyPairGenerator,NaccacheSternKeyPairGenerator,BestHTTP.SecureProtocol.Org.BouncyCastle.Crypto.Generators,BestHTTP
2041,BiometricData,BiometricData,BestHTTP.SecureProtocol.Org.BouncyCastle.Asn1.X509.Qualified,BestHTTP
2042,hunterNameMData,hunterNameMData,,Assembly-CSharp
2043,SceneProvider,SceneProvider,UnityEngine.ResourceManagement.ResourceProviders,Unity.ResourceManager
2044,OtherCertID,OtherCertID,BestHTTP.SecureProtocol.Org.BouncyCastle.Asn1.Ess,BestHTTP
2045,RequestData,RequestData,,Assembly-CSharp
2046,StoreKitSelector,StoreKitSelector,Purchasing.Utilities,Unity.Purchasing.Utilities
2047,SecT131FieldElement,SecT131FieldElement,BestHTTP.SecureProtocol.Org.BouncyCastle.Math.EC.Custom.Sec,BestHTTP
2048,ChiefTextViewCtrl,ChiefTextViewCtrl,,Assembly-CSharp
2049,SM2P256V1FieldElement,SM2P256V1FieldElement,BestHTTP.SecureProtocol.Org.BouncyCastle.Math.EC.Custom.GM,BestHTTP
2050,EdgeDetection,EdgeDetection,UnityStandardAssets.ImageEffects,Assembly-CSharp-firstpass
2051,IGooglePlayStoreExtendedPurchaseService,IGooglePlayStoreExtendedPurchaseService,UnityEngine.Purchasing,Unity.Purchasing
2052,HashSet,HashSet,BestHTTP.SecureProtocol.Org.BouncyCastle.Utilities.Collections,BestHTTP
2053,ZlibBaseStream,ZlibBaseStream,Gpm.Common.ThirdParty.SharpCompress.Compressors.Deflate,gpm_common
2054,VillTaxPop,VillTaxPop,,Assembly-CSharp
2055,AirShipNpcCtrl,AirShipNpcCtrl,,Assembly-CSharp
2056,gearBootsData,gearBootsData,,Assembly-CSharp
2057,BufferedAeadBlockCipher,BufferedAeadBlockCipher,BestHTTP.SecureProtocol.Org.BouncyCastle.Crypto,BestHTTP
2058,EncryptedContentInfo,EncryptedContentInfo,BestHTTP.SecureProtocol.Org.BouncyCastle.Asn1.Cms,BestHTTP
2059,IdentityManager,IdentityManager,Unity.Services.Analytics.Internal,Unity.Services.Analytics
2060,CorePackageInitializer,CorePackageInitializer,Unity.Services.Core.Registration,Unity.Services.Core.Registration
2061,ProductFetchFailureDescription,ProductFetchFailureDescription,UnityEngine.Purchasing,Unity.Purchasing
2062,TimelinePlayable_Animation,TimelinePlayable,UnityEngine.Timeline,Unity.Timeline
2063,BuildingData,BuildingData,,Assembly-CSharp
2064,BuildHashes,BuildHashes,CodeStage.AntiCheat.Genuine.CodeHash,ACTk.Runtime
2065,AnalyticsOptionsExtensions,AnalyticsOptionsExtensions,Unity.Services.Core.Analytics,Unity.Services.Core.Analytics
2066,WrapperUtilities,WrapperUtilities,BestHTTP.SecureProtocol.Org.BouncyCastle.Security,BestHTTP
2067,tradeWagon,tradeWagon,,Assembly-CSharp
2068,IClearAppleTransactionLogsUseCase,IClearAppleTransactionLogsUseCase,UnityEngine.Purchasing.UseCases.Interfaces,Unity.Purchasing
2069,BuildSkinSelectPop,BuildSkinSelectPop,,Assembly-CSharp
2070,ChiefCostumePop,ChiefCostumePop,,Assembly-CSharp
2071,LocalizedAsset.databinding,LocalizedAssetBase,UnityEngine.Localization,Unity.Localization
2072,XmlDataWriter,XmlDataWriter,JsonFx.Xml,Assembly-CSharp
2073,PpmdStream,PpmdStream,Gpm.Common.ThirdParty.SharpCompress.Compressors.PPMd,gpm_common
2074,DigestInputBuffer,DigestInputBuffer,BestHTTP.SecureProtocol.Org.BouncyCastle.Crypto.Tls,BestHTTP
2075,Poly1305,Poly1305,BestHTTP.SecureProtocol.Org.BouncyCastle.Crypto.Macs,BestHTTP
2076,Spreadsheet,GSTU_Search,GoogleSheetsToUnity,Assembly-CSharp
2077,gearBelt,gearBelt,,Assembly-CSharp
2078,RarNode,RarNode,Gpm.Common.ThirdParty.SharpCompress.Compressors.PPMd.H,gpm_common
2079,PurchaseService,PurchaseService,UnityEngine.Purchasing,Unity.Purchasing
2080,NTTObjectIdentifiers,NttObjectIdentifiers,BestHTTP.SecureProtocol.Org.BouncyCastle.Asn1.Ntt,BestHTTP
2081,DistributionPointName,DistributionPointName,BestHTTP.SecureProtocol.Org.BouncyCastle.Asn1.X509,BestHTTP
2082,MicrosoftObjectIdentifiers,MicrosoftObjectIdentifiers,BestHTTP.SecureProtocol.Org.BouncyCastle.Asn1.Microsoft,BestHTTP
2083,EnumerableProxy,EnumerableProxy,BestHTTP.SecureProtocol.Org.BouncyCastle.Utilities.Collections,BestHTTP
2084,CMSEnvelopedGenerator,CmsEnvelopedGenerator,BestHTTP.SecureProtocol.Org.BouncyCastle.Cms,BestHTTP
2085,JsonSerializer,JsonSerializer,CodeStage.AntiCheat.Storage,ACTk.Runtime
2086,IMacFactory,IMacFactory,BestHTTP.SecureProtocol.Org.BouncyCastle.Crypto,BestHTTP
2087,ITelemetryDiagnostics,ITelemetryDiagnostics,UnityEngine.Purchasing.Telemetry,Unity.Purchasing
2088,CountingWritableSubStream,CountingWritableSubStream,Gpm.Common.ThirdParty.SharpCompress.IO,gpm_common
2089,ILocalesProvider,ILocalesProvider,UnityEngine.Localization.Settings,Unity.Localization
2090,EnumerableExtensions,EnumerableExtensions,UnityEngine.Purchasing,Unity.Purchasing.Utilities
2091,EngineEmitter,EngineEmitter,UnityEngine.ResourceManagement.Profiling,Unity.ResourceManager
2092,DynamicResourceLocators,DynamicResourceLocator,UnityEngine.AddressableAssets,Unity.Addressables
2093,State,State,Gpm.Common.ThirdParty.SharpCompress.Compressors.PPMd.H,gpm_common
2094,AnimationPreviewUpdateCallback,AnimationPreviewUpdateCallback,UnityEngine.Timeline,Unity.Timeline
2095,ISAACEngine,IsaacEngine,BestHTTP.SecureProtocol.Org.BouncyCastle.Crypto.Engines,BestHTTP
2096,NotifyCollectionChangedEventArgs,NotifyCollectionChangedEventArgs,PlatformSupport.Collections.Specialized,BestHTTP
2097,StaticTree,StaticTree,BestHTTP.SecureProtocol.Org.BouncyCastle.Utilities.Zlib,BestHTTP
2098,TelemetryMetricsInstanceWrapper,TelemetryMetricsInstanceWrapper,UnityEngine.Purchasing.Telemetry,Unity.Purchasing
2099,PotionDisplayList,PotionDisplayList,,Assembly-CSharp
2100,SecP384R1Curve,SecP384R1Curve,BestHTTP.SecureProtocol.Org.BouncyCastle.Math.EC.Custom.Sec,BestHTTP
2101,MgfParameters,MgfParameters,BestHTTP.SecureProtocol.Org.BouncyCastle.Crypto.Parameters,BestHTTP
2102,PointerEventData,PointerEventData,UnityEngine.EventSystems,UnityEngine.UI
2103,EnvironmentsOptionsExtensions,EnvironmentsOptionsExtensions,Unity.Services.Core.Environments,Unity.Services.Core.Environments
2104,LzmaStream,LzmaStream,Gpm.Common.ThirdParty.SharpCompress.Compressors.LZMA,gpm_common
2105,RidingPetGachaList,RidingPetGachaList,,Assembly-CSharp
2106,ScreenSpaceAmbientObscurance,ScreenSpaceAmbientObscurance,UnityStandardAssets.ImageEffects,Assembly-CSharp-firstpass
2107,CMSSignedDataStreamGenerator,CmsSignedDataStreamGenerator,BestHTTP.SecureProtocol.Org.BouncyCastle.Cms,BestHTTP
2108,JavaBridge,JavaBridge,UnityEngine.Purchasing,Unity.Purchasing
2109,ZipFileEntry,ZipFileEntry,Gpm.Common.ThirdParty.SharpCompress.Common.Zip.Headers,gpm_common
2110,KEKRecipientInfoGenerator,KekRecipientInfoGenerator,BestHTTP.SecureProtocol.Org.BouncyCastle.Cms,BestHTTP
2111,TSPException,TspException,BestHTTP.SecureProtocol.Org.BouncyCastle.Tsp,BestHTTP
2112,OCSPException,OcspException,BestHTTP.SecureProtocol.Org.BouncyCastle.Ocsp,BestHTTP
2113,GooglePurchaseStateEnum,GooglePurchaseStateEnum,UnityEngine.Purchasing.Models,Unity.Purchasing.Stores
2114,Rdn,Rdn,BestHTTP.SecureProtocol.Org.BouncyCastle.Asn1.X500,BestHTTP
2115,GetAppleProductMetadataExtension,GetAppleProductMetadataExtension,UnityEngine.Purchasing,Unity.Purchasing
2116,ArrayPool,BufferPool,Gpm.Common.ThirdParty.MessagePack.Internal,gpm_common
2117,X25519Field,X25519Field,BestHTTP.SecureProtocol.Org.BouncyCastle.Math.EC.Rfc7748,BestHTTP
2118,SECObjectIdentifiers,SecObjectIdentifiers,BestHTTP.SecureProtocol.Org.BouncyCastle.Asn1.Sec,BestHTTP
2119,GlobalFog,GlobalFog,UnityStandardAssets.ImageEffects,Assembly-CSharp-firstpass
2120,RuntimeElement,RuntimeElement,UnityEngine.Timeline,Unity.Timeline
2121,LazyDERSet,LazyDerSet,BestHTTP.SecureProtocol.Org.BouncyCastle.Asn1,BestHTTP
2122,EventSystem,EventSystem,UnityEngine.EventSystems,UnityEngine.UI
2123,DrivenPropertyManagerBridge,DrivenPropertyManagerBridge,UnityEngine.Localization.Bridge,Unity.InternalAPIEngineBridge.013
2124,ObscuredBigInteger.Raw,SerializableBigInteger,CodeStage.AntiCheat.ObscuredTypes,ACTk.Runtime
2125,Utils,Utils,Gpm.Common.ThirdParty.SharpCompress.Compressors.LZMA.Utilites,gpm_common
2126,IGooglePlayConfiguration,IGooglePlayConfiguration,UnityEngine.Purchasing,Unity.Purchasing
2127,ECPrivateKeyStructure,ECPrivateKeyStructure,BestHTTP.SecureProtocol.Org.BouncyCastle.Asn1.Sec,BestHTTP
2128,CRLDistPoint,CrlDistPoint,BestHTTP.SecureProtocol.Org.BouncyCastle.Asn1.X509,BestHTTP
2129,LowDistDecode,LowDistDecode,Gpm.Common.ThirdParty.SharpCompress.Compressors.Rar.UnpackV1.Decode,gpm_common
2130,IEnhancedScrollerDelegate,IEnhancedScrollerDelegate,EnhancedUI.EnhancedScroller,EnhancedScroller_asmdef
2131,ByteArrayComparer,ByteArrayComparer,Gpm.Common.ThirdParty.MessagePack.Internal,gpm_common
2132,PkixNameConstraintValidatorException,PkixNameConstraintValidatorException,BestHTTP.SecureProtocol.Org.BouncyCastle.Pkix,BestHTTP
2133,RaidHunterCtrl,RaidHunterCtrl,,Assembly-CSharp
2134,TMPro_ExtensionMethods,TMPro_ExtensionMethods,TMPro,Unity.TextMeshPro
2135,SupplementalDataEntry,SupplementalDataEntry,BestHTTP.SecureProtocol.Org.BouncyCastle.Crypto.Tls,BestHTTP
2136,EventData,EventData,Spine,spine-csharp
2137,CMSCompressedDataGenerator,CmsCompressedDataGenerator,BestHTTP.SecureProtocol.Org.BouncyCastle.Cms,BestHTTP
2138,SecurityUtilityException,SecurityUtilityException,BestHTTP.SecureProtocol.Org.BouncyCastle.Security,BestHTTP
2139,Atlas,Atlas,Spine,spine-csharp
2140,ISimulateAskToBuyUseCase,ISimulateAskToBuyUseCase,UnityEngine.Purchasing.UseCases.Interfaces,Unity.Purchasing
2141,OutputWindow,OutputWindow,Gpm.Common.ThirdParty.SharpCompress.Compressors.Deflate64,gpm_common
2142,SkeinDigest,SkeinDigest,BestHTTP.SecureProtocol.Org.BouncyCastle.Crypto.Digests,BestHTTP
2143,FontFeatureCommonGSUB,SingleSubstitutionRecord,TMPro,Unity.TextMeshPro
2144,AdminUnitCreateData,AdminUnitCreateData,,Assembly-CSharp
2145,SemanticsInformation,SemanticsInformation,BestHTTP.SecureProtocol.Org.BouncyCastle.Asn1.X509.Qualified,BestHTTP
2146,ScrollingFillAnimator,ScrollingFillAnimator,Google.Play.Common.LoadingScreen,Google.Play.Common
2147,TelemetryDiagnosticsInstanceWrapper,TelemetryDiagnosticsInstanceWrapper,UnityEngine.Purchasing.Telemetry,Unity.Purchasing
2148,PkixCertPathValidatorUtilities,PkixCertPathValidatorUtilities,BestHTTP.SecureProtocol.Org.BouncyCastle.Pkix,BestHTTP
2149,TaskAsyncOperation,TaskAsyncOperation,Unity.Services.Core.Internal,Unity.Services.Core.Internal
2150,X9ECPoint,X9ECPoint,BestHTTP.SecureProtocol.Org.BouncyCastle.Asn1.X9,BestHTTP
2151,DHBasicAgreement,DHBasicAgreement,BestHTTP.SecureProtocol.Org.BouncyCastle.Crypto.Agreement,BestHTTP
2152,ITelemetryMetricEvent,ITelemetryMetricEvent,UnityEngine.Purchasing.Telemetry,Unity.Purchasing
2153,AtlasAssetBase,AtlasAssetBase,Spine.Unity,spine-unity
2154,DerApplicationSpecific,DerApplicationSpecific,BestHTTP.SecureProtocol.Org.BouncyCastle.Asn1,BestHTTP
2155,ChiefCostumeThumbUIFormFactor,ChiefCostumeThumbUIFormFactor,,Assembly-CSharp
2156,DERSequenceParser,DerSequenceParser,BestHTTP.SecureProtocol.Org.BouncyCastle.Asn1,BestHTTP
2157,IFetchPurchasesUseCase,IFetchPurchasesUseCase,UnityEngine.Purchasing,Unity.Purchasing
2158,CompleteCertificateRefs,CompleteCertificateRefs,BestHTTP.SecureProtocol.Org.BouncyCastle.Asn1.Esf,BestHTTP
2159,HMacDsaKCalculator,HMacDsaKCalculator,BestHTTP.SecureProtocol.Org.BouncyCastle.Crypto.Signers,BestHTTP
2160,gearGlove,gearGlove,,Assembly-CSharp
2161,SMIMECapability,SmimeCapability,BestHTTP.SecureProtocol.Org.BouncyCastle.Asn1.Smime,BestHTTP
2162,PkixCrlUtilities,PkixCrlUtilities,BestHTTP.SecureProtocol.Org.BouncyCastle.Pkix,BestHTTP
2163,KDFCounterParameters,KdfCounterParameters,BestHTTP.SecureProtocol.Org.BouncyCastle.Crypto.Parameters,BestHTTP
2164,MetricizedAppleStoreImpl,MetricizedAppleStoreImpl,UnityEngine.Purchasing,Unity.Purchasing.Stores
2165,KISAObjectIdentifiers,KisaObjectIdentifiers,BestHTTP.SecureProtocol.Org.BouncyCastle.Asn1.Kisa,BestHTTP
2166,PendingOrder,PendingOrder,UnityEngine.Purchasing,Unity.Purchasing
2167,DigestRandomGenerator,DigestRandomGenerator,BestHTTP.SecureProtocol.Org.BouncyCastle.Crypto.Prng,BestHTTP
2168,BuildSkinCreatePop,BuildSkinCreatePop,,Assembly-CSharp
2169,SkeletonDataModifierAsset,SkeletonDataModifierAsset,Spine.Unity,spine-unity
2170,IControl,IControl,BestHTTP.SecureProtocol.Org.BouncyCastle.Crmf,BestHTTP
2171,CrlValidatedID,CrlValidatedID,BestHTTP.SecureProtocol.Org.BouncyCastle.Asn1.Esf,BestHTTP
2172,JsonException,JsonException,Gpm.Common.ThirdParty.LitJson,gpm_common
2173,IAnalyticsStandardEventComponent,IAnalyticsStandardEventComponent,Unity.Services.Core.Analytics.Internal,Unity.Services.Core.Internal
2174,TMP_InputValidator,TMP_InputValidator,TMPro,Unity.TextMeshPro
2175,TimelineClipExtensions,TimelineClipExtensions,UnityEngine.Timeline,Unity.Timeline
2176,TrackedTMP,TrackedTmpDropdown,UnityEngine.Localization.PropertyVariants.TrackedObjects,Unity.Localization
2177,InfTree,InfTree,BestHTTP.SecureProtocol.Org.BouncyCastle.Utilities.Zlib,BestHTTP
2178,HellModePop,HellModePop,,Assembly-CSharp
2179,NavMeshSurface,NavMeshSurface,Unity.AI.Navigation,Unity.AI.Navigation
2180,adventureData,adventureData,,Assembly-CSharp
2181,PanelRaycaster,PanelRaycaster,UnityEngine.UIElements,UnityEngine.UI
2182,PreCompInfo,PreCompInfo,BestHTTP.SecureProtocol.Org.BouncyCastle.Math.EC.Multiplier,BestHTTP
2183,Selectable,Selectable,UnityEngine.UI,UnityEngine.UI
2184,EventAttendPop,EventAttendPop,,Assembly-CSharp
2185,ScaleXNegateYPointMap,ScaleXNegateYPointMap,BestHTTP.SecureProtocol.Org.BouncyCastle.Math.EC,BestHTTP
2186,AcquisitionSourceEvent,AcquisitionSourceEvent,Unity.Services.Analytics,Unity.Services.Analytics
2187,UnityWebRequestUtils,UnityWebRequestUtils,Unity.Services.Core.Internal,Unity.Services.Core.Internal
2188,SigIObjectIdentifiers,SigIObjectIdentifiers,BestHTTP.SecureProtocol.Org.BouncyCastle.Asn1.X509.SigI,BestHTTP
2189,AdventureNpcPop,AdventureNpcPop,,Assembly-CSharp
2190,TlsServer,TlsServer,BestHTTP.SecureProtocol.Org.BouncyCastle.Crypto.Tls,BestHTTP
2191,ECNRSigner,ECNRSigner,BestHTTP.SecureProtocol.Org.BouncyCastle.Crypto.Signers,BestHTTP
2192,evilSpeachData,evilSpeachData,,Assembly-CSharp
2193,AddressablesImpl,AddressablesImpl,UnityEngine.AddressableAssets,Unity.Addressables
2194,TypeCoercionUtility,TypeCoercionUtility,JsonFx.Json,Assembly-CSharp
2195,TMP_Dropdown,TMP_Dropdown,TMPro,Unity.TextMeshPro
2196,DtlsRecordLayer,DtlsRecordLayer,BestHTTP.SecureProtocol.Org.BouncyCastle.Crypto.Tls,BestHTTP
2197,CodelessIAPButton,CodelessIAPButton,UnityEngine.Purchasing,Unity.Purchasing.Codeless
2198,ECDHWithKdfBasicAgreement,ECDHWithKdfBasicAgreement,BestHTTP.SecureProtocol.Org.BouncyCastle.Crypto.Agreement,BestHTTP
2199,RijndaelEngine,RijndaelEngine,Gpm.Common.ThirdParty.SharpCompress.Crypto,gpm_common
2200,MaskUtilities,MaskUtilities,UnityEngine.UI,UnityEngine.UI
2201,CoroutineTween,ITweenValue,UnityEngine.UI.CoroutineTween,UnityEngine.UI
2202,WebViewImplementation,WebViewImplementation,Gpm.WebView.Internal,gpm_webview
2203,IesParameters,IesParameters,BestHTTP.SecureProtocol.Org.BouncyCastle.Crypto.Parameters,BestHTTP
2204,X923Padding,X923Padding,BestHTTP.SecureProtocol.Org.BouncyCastle.Crypto.Paddings,BestHTTP
2205,Orders,Orders,UnityEngine.Purchasing,Unity.Purchasing
2206,UnityServicesInternal,UnityServicesInternal,Unity.Services.Core.Internal,Unity.Services.Core.Internal
2207,Pointer,Pointer,Gpm.Common.ThirdParty.SharpCompress.Compressors.PPMd.I1,gpm_common
2208,BZip2Constants,BZip2Constants,Gpm.Common.ThirdParty.SharpCompress.Compressors.BZip2,gpm_common
2209,SM2P256V1Point,SM2P256V1Point,BestHTTP.SecureProtocol.Org.BouncyCastle.Math.EC.Custom.GM,BestHTTP
2210,GoogleSheetsToUnityConfig,GoogleSheetsToUnityConfig,GoogleSheetsToUnity,Assembly-CSharp
2211,CMSTypedStream,CmsTypedStream,BestHTTP.SecureProtocol.Org.BouncyCastle.Cms,BestHTTP
2212,IesEngine,IesEngine,BestHTTP.SecureProtocol.Org.BouncyCastle.Crypto.Engines,BestHTTP
2213,ElGamalKeyParameters,ElGamalKeyParameters,BestHTTP.SecureProtocol.Org.BouncyCastle.Crypto.Parameters,BestHTTP
2214,BillingProgramAvailabilityListener,BillingProgramAvailabilityListener,UnityEngine.Purchasing,Unity.Purchasing.Stores
2215,CertificateEncodingException,CertificateEncodingException,BestHTTP.SecureProtocol.Org.BouncyCastle.Security.Certificates,BestHTTP
2216,CMSAttributeTableGenerator,CmsAttributeTableGenerator,BestHTTP.SecureProtocol.Org.BouncyCastle.Cms,BestHTTP
2217,RC2CBCParameter,RC2CbcParameter,BestHTTP.SecureProtocol.Org.BouncyCastle.Asn1.Pkcs,BestHTTP
2218,HTTPFormBase,HTTPFormBase,BestHTTP.Forms,BestHTTP
2219,ObscuredVector2Int,ObscuredVector2Int,CodeStage.AntiCheat.ObscuredTypes,ACTk.Runtime
2220,IPolynomialExtensionField,IPolynomialExtensionField,BestHTTP.SecureProtocol.Org.BouncyCastle.Math.Field,BestHTTP
2221,GpmIndicatorData,GpmIndicatorData,Gpm.Common.Indicator,gpm_common
2222,IProductServiceExtension,IProductServiceExtension,UnityEngine.Purchasing,Unity.Purchasing
2223,RecycleMetRowList,RecycleMetRowList,,Assembly-CSharp
2224,HolyCtrl,HolyCtrl,,Assembly-CSharp
2225,ObscuredFileCrypto,ObscuredFileCrypto,CodeStage.AntiCheat.Storage,ACTk.Runtime
2226,MarkingBinaryReader,MarkingBinaryReader,Gpm.Common.ThirdParty.SharpCompress.IO,gpm_common
2227,inAppRewardData,inAppRewardData,,Assembly-CSharp
2228,Zlib,ZlibException,BestHTTP.Decompression.Zlib,BestHTTP
2229,DtlsReplayWindow,DtlsReplayWindow,BestHTTP.SecureProtocol.Org.BouncyCastle.Crypto.Tls,BestHTTP
2230,AssetLabelReference,AssetLabelReference,UnityEngine.AddressableAssets,Unity.Addressables
2231,PlayGamesHelperObject,PlayGamesHelperObject,GooglePlayGames.OurUtils,Google.Play.Games
2232,ExtensionType,ExtensionType,BestHTTP.SecureProtocol.Org.BouncyCastle.Crypto.Tls,BestHTTP
2233,AndroidWorker,AndroidWorker,CodeStage.AntiCheat.Genuine.CodeHash,ACTk.Runtime
2234,RFC3394WrapEngine,Rfc3394WrapEngine,BestHTTP.SecureProtocol.Org.BouncyCastle.Crypto.Engines,BestHTTP
2235,CMSAuthEnvelopedData,CmsAuthEnvelopedData,BestHTTP.SecureProtocol.Org.BouncyCastle.Cms,BestHTTP
2236,ECMqvBasicAgreement,ECMqvBasicAgreement,BestHTTP.SecureProtocol.Org.BouncyCastle.Crypto.Agreement,BestHTTP
2237,IEvent,IEvent,GooglePlayGames.BasicApi.Events,Google.Play.Games
2238,BasicRankRewardList,BasicRankRewardList,,Assembly-CSharp
2239,MessagePackBinary,MessagePackBinary,Gpm.Common.ThirdParty.MessagePack,gpm_common
2240,IStorePurchaseFetchCallback,IStorePurchaseFetchCallback,UnityEngine.Purchasing,Unity.Purchasing
2241,AttachmentRegionExtensions,AttachmentRegionExtensions,Spine.Unity.AttachmentTools,spine-unity
2242,StandardResolver,StandardResolver,Gpm.Common.ThirdParty.MessagePack.Resolvers,gpm_common
2243,NumUtils,NumUtils,CodeStage.AntiCheat.Utils,ACTk.Runtime
2244,RarVolume,RarVolume,Gpm.Common.ThirdParty.SharpCompress.Common.Rar,gpm_common
2245,TarEntry,TarEntry,Gpm.Common.ThirdParty.SharpCompress.Common.Tar,gpm_common
2246,PlayAssetDelivery,PlayAssetDelivery,Google.Play.AssetDelivery,Google.Play.AssetDelivery
2247,NativeMessage,NativeMessage,Gpm.WebView.Internal,gpm_webview
2248,ExtractionException,ExtractionException,Gpm.Common.ThirdParty.SharpCompress.Common,gpm_common
2249,RepDecode,RepDecode,Gpm.Common.ThirdParty.SharpCompress.Compressors.Rar.UnpackV1.Decode,gpm_common
2250,OtherSigningCertificate,OtherSigningCertificate,BestHTTP.SecureProtocol.Org.BouncyCastle.Asn1.Ess,BestHTTP
2251,SecT239Field,SecT239Field,BestHTTP.SecureProtocol.Org.BouncyCastle.Math.EC.Custom.Sec,BestHTTP
2252,Sha1Digest,Sha1Digest,BestHTTP.SecureProtocol.Org.BouncyCastle.Crypto.Digests,BestHTTP
2253,UIGradient,UIGradient,,Assembly-CSharp
2254,LocalizedAsset,LocalizedAudioClip,UnityEngine.Localization,Unity.Localization
2255,ChiefBlessingPop,ChiefBlessingPop,,Assembly-CSharp
2256,PrimeField,PrimeField,BestHTTP.SecureProtocol.Org.BouncyCastle.Math.Field,BestHTTP
2257,BlowfishEngine,BlowfishEngine,BestHTTP.SecureProtocol.Org.BouncyCastle.Crypto.Engines,BestHTTP
2258,BasicEntropySourceProvider,BasicEntropySourceProvider,BestHTTP.SecureProtocol.Org.BouncyCastle.Crypto.Prng,BestHTTP
2259,CertificateUrl,CertificateUrl,BestHTTP.SecureProtocol.Org.BouncyCastle.Crypto.Tls,BestHTTP
2260,SkeletonUtility,SkeletonUtility,Spine.Unity,spine-unity
2261,X9Curve,X9Curve,BestHTTP.SecureProtocol.Org.BouncyCastle.Asn1.X9,BestHTTP
2262,EvilData,EvilData,,Assembly-CSharp
2263,GoogleExtensions,GoogleExtensions,UnityEngine.Purchasing,Unity.Purchasing
2264,Smart,Smart,UnityEngine.Localization.SmartFormat,Unity.Localization
2265,JPakeRound1Payload,JPakeRound1Payload,BestHTTP.SecureProtocol.Org.BouncyCastle.Crypto.Agreement.JPake,BestHTTP
2266,BlurOptimized,BlurOptimized,UnityStandardAssets.ImageEffects,Assembly-CSharp-firstpass
2267,Bloom,Bloom,UnityStandardAssets.ImageEffects,Assembly-CSharp-firstpass
2268,ConfirmOrderRequest,ConfirmOrderRequest,UnityEngine.Purchasing,Unity.Purchasing
2269,X509StoreFactory,X509StoreFactory,BestHTTP.SecureProtocol.Org.BouncyCastle.X509.Store,BestHTTP
2270,DamageManager,DamageManager,,Assembly-CSharp
2271,FileReference,FileReference,UnityEngine.Purchasing,Unity.Purchasing.Utilities
2272,SubscriptionManager,SubscriptionManager,UnityEngine.Purchasing,Unity.Purchasing.Stores
2273,WaitForSpineTrackEntryEnd,WaitForSpineTrackEntryEnd,Spine.Unity,spine-unity
2274,VMPCRandomGenerator,VmpcRandomGenerator,BestHTTP.SecureProtocol.Org.BouncyCastle.Crypto.Prng,BestHTTP
2275,NpcCtrl,NpcCtrl,,Assembly-CSharp
2276,IGooglePlayChangeSubscriptionUseCase,IGooglePlayChangeSubscriptionUseCase,UnityEngine.Purchasing,Unity.Purchasing
2277,Attribute,Attribute,BestHTTP.SecureProtocol.Org.BouncyCastle.Asn1.Cms,BestHTTP
2278,InstanceProvider,InstanceProvider,UnityEngine.ResourceManagement.ResourceProviders,Unity.ResourceManager
2279,AppEventsDispatcher,AppEventsDispatcher,CodeStage.AntiCheat.Utils,ACTk.Runtime
2280,TimelinePlayable,TimelinePlayable,UnityEngine.Timeline,Unity.Timeline
2281,Invocation,Completion,BestHTTP.SignalRCore.Messages,BestHTTP
2282,MetricizedGooglePlayStoreService,MetricizedGooglePlayStoreService,UnityEngine.Purchasing,Unity.Purchasing.Stores
2283,EffectMultiAnimCtrl,EffectMultiAnimCtrl,,Assembly-CSharp
2284,CAST5CBCParameters,Cast5CbcParameters,BestHTTP.SecureProtocol.Org.BouncyCastle.Asn1.Misc,BestHTTP
2285,MultilanguageImplementation,MultilanguageImplementation,Gpm.Common.Multilanguage.Internal,gpm_common
2286,Pkcs12ParametersGenerator,Pkcs12ParametersGenerator,BestHTTP.SecureProtocol.Org.BouncyCastle.Crypto.Generators,BestHTTP
2287,ObscuredVector3Int,ObscuredVector3Int,CodeStage.AntiCheat.ObscuredTypes,ACTk.Runtime
2288,ACTkByte16,ACTkByte16,CodeStage.AntiCheat.Common,ACTk.Runtime
2289,X509CertPairParser,X509CertPairParser,BestHTTP.SecureProtocol.Org.BouncyCastle.X509,BestHTTP
2290,MetrialCtrl,MetrialCtrl,,Assembly-CSharp
2291,RangeCoderBitTree,BitTreeEncoder,Gpm.Common.ThirdParty.SharpCompress.Compressors.LZMA.RangeCoder,gpm_common
2292,XZReadOnlyStream,XZReadOnlyStream,Gpm.Common.ThirdParty.SharpCompress.Compressors.Xz,gpm_common
2293,AnalyticsForgetter,AnalyticsForgetter,Unity.Services.Analytics.Internal,Unity.Services.Analytics
2294,UnityServicesInitializer,UnityServicesInitializer,Unity.Services.Core.Internal,Unity.Services.Core.Internal
2295,IContinuePromotionalPurchasesUseCase,IContinuePromotionalPurchasesUseCase,UnityEngine.Purchasing.UseCases.Interfaces,Unity.Purchasing
2296,About,About,JsonFx,Assembly-CSharp
2297,JPakePrimeOrderGroup,JPakePrimeOrderGroup,BestHTTP.SecureProtocol.Org.BouncyCastle.Crypto.Agreement.JPake,BestHTTP
2298,SevenZipArchive,SevenZipArchive,Gpm.Common.ThirdParty.SharpCompress.Archives.SevenZip,gpm_common
2299,JobChangeList,JobChangeList,,Assembly-CSharp
2300,IInitializablePackage,IInitializablePackage,Unity.Services.Core.Internal,Unity.Services.Core.Internal
2301,DirectoryEndHeader,DirectoryEndHeader,Gpm.Common.ThirdParty.SharpCompress.Common.Zip.Headers,gpm_common
2302,GooglePlayStoreFetchPurchasesService,GooglePlayStoreFetchPurchasesService,UnityEngine.Purchasing,Unity.Purchasing.Stores
2303,LocalizedMonoBehaviour,LocalizedMonoBehaviour,UnityEngine.Localization.Components,Unity.Localization
2304,ISO10126d2Padding,ISO10126d2Padding,BestHTTP.SecureProtocol.Org.BouncyCastle.Crypto.Paddings,BestHTTP
2305,ResourceManagerRuntimeData,ResourceManagerRuntimeData,UnityEngine.AddressableAssets.Initialization,Unity.Addressables
2306,DsaKeyPairGenerator,DsaKeyPairGenerator,BestHTTP.SecureProtocol.Org.BouncyCastle.Crypto.Generators,BestHTTP
2307,FilteringData,FilteringData,CodeStage.AntiCheat.Genuine.CodeHash,ACTk.Runtime
2308,CertReqMessages,CertReqMessages,BestHTTP.SecureProtocol.Org.BouncyCastle.Asn1.Crmf,BestHTTP
2309,CharacterList,CharacterList,,Assembly-CSharp
2310,FoodData,FoodData,,Assembly-CSharp
2311,IDEACBCPar,IdeaCbcPar,BestHTTP.SecureProtocol.Org.BouncyCastle.Asn1.Misc,BestHTTP
2312,RarReaderEntry,RarReaderEntry,Gpm.Common.ThirdParty.SharpCompress.Readers.Rar,gpm_common
2313,SecP521R1Field,SecP521R1Field,BestHTTP.SecureProtocol.Org.BouncyCastle.Math.EC.Custom.Sec,BestHTTP
2314,ObscuredDecimal.Editor,ObscuredDecimal,CodeStage.AntiCheat.ObscuredTypes,ACTk.Runtime
2315,IProductService,IProductService,UnityEngine.Purchasing,Unity.Purchasing
2316,ReasonsMask,ReasonsMask,BestHTTP.SecureProtocol.Org.BouncyCastle.Pkix,BestHTTP
2317,Misc,Misc,UnityEngine.UI,UnityEngine.UI
2318,DiskCache,DiskCache,Unity.Services.Analytics.Internal,Unity.Services.Analytics
2319,RenameAttribute,RenameAttribute,Beebyte.Obfuscator,Assembly-CSharp-firstpass
2320,LayoutUtility,LayoutUtility,UnityEngine.UI,UnityEngine.UI
2321,PlayableTrack,PlayableTrack,UnityEngine.Timeline,Unity.Timeline
2322,IGooglePlayChangeSubscriptionCallback,IGooglePlayChangeSubscriptionCallback,UnityEngine.Purchasing,Unity.Purchasing
2323,PasturePop,PasturePop,,Assembly-CSharp
2324,AtlasSpriteProvider,AtlasSpriteProvider,UnityEngine.ResourceManagement.ResourceProviders,Unity.ResourceManager
2325,ColorBlock,ColorBlock,UnityEngine.UI,UnityEngine.UI
2326,X509NameTokenizer,X509NameTokenizer,BestHTTP.SecureProtocol.Org.BouncyCastle.Asn1.X509,BestHTTP
2327,PurchaseCache,PurchaseCache,UnityEngine.Purchasing.Extension,Unity.Purchasing
2328,SubAllocator,SubAllocator,Gpm.Common.ThirdParty.SharpCompress.Compressors.PPMd.H,gpm_common
2329,IOnboardingSectionAnalyticsProvider,IOnboardingSectionAnalyticsProvider,Unity.Multiplayer.Center.Common.Analytics,Unity.Multiplayer.Center.Common
2330,KeyValuePairList,KeyValuePairList,BestHTTP.Extensions,BestHTTP
2331,IGooglePlayStore,IGooglePlayStore,UnityEngine.Purchasing,Unity.Purchasing
2332,MessageImprint,MessageImprint,BestHTTP.SecureProtocol.Org.BouncyCastle.Asn1.Tsp,BestHTTP
2333,HunterSortDropUtility,HunterSortDropUtility,,Assembly-CSharp
2334,AdminItemData,AdminItemData,,Assembly-CSharp
2335,ChatPop,ChatPop,,Assembly-CSharp
2336,IReset,IReset,UnityEngine.Localization.Settings,Unity.Localization
2337,ObscuredInt.API,ObscuredInt,CodeStage.AntiCheat.ObscuredTypes,ACTk.Runtime
2338,CipherKeyGenerator,CipherKeyGenerator,BestHTTP.SecureProtocol.Org.BouncyCastle.Crypto,BestHTTP
2339,IGooglePurchaseBuilder,IGooglePurchaseBuilder,UnityEngine.Purchasing.Interfaces,Unity.Purchasing.Stores
2340,IThreadUtils,IThreadUtils,Uniject,Unity.Purchasing.Utilities
2341,DepthOfFieldDeprecated,DepthOfFieldDeprecated,UnityStandardAssets.ImageEffects,Assembly-CSharp-firstpass
2342,CompositeResolver,CompositeResolver,Gpm.Common.ThirdParty.MessagePack.Resolvers,gpm_common
2343,IProjectConfiguration,IProjectConfiguration,Unity.Services.Core.Configuration.Internal,Unity.Services.Core.Internal
2344,AppleReceiptExtensions,AppleReceiptExtensions,UnityEngine.Purchasing,Unity.Purchasing.Stores
2345,IapCoreInitializeCallback,IapCoreInitializeCallback,UnityEngine.Purchasing.Registration,Unity.Purchasing.Stores
2346,RuneTradePop,RuneTradePop,,Assembly-CSharp
2347,GetProductDetailsUseCase,GetProductDetailsUseCase,UnityEngine.Purchasing.UseCases,Unity.Purchasing
2348,ConfigurationCollectionHelper,ConfigurationCollectionHelper,Unity.Services.Core.Configuration,Unity.Services.Core.Configuration
2349,OCSPObjectIdentifiers,OcspObjectIdentifiers,BestHTTP.SecureProtocol.Org.BouncyCastle.Asn1.Ocsp,BestHTTP
2350,TlsSigner,TlsSigner,BestHTTP.SecureProtocol.Org.BouncyCastle.Crypto.Tls,BestHTTP
2351,SucceedPropertyDropUitlity,SucceedPropertyDropUitlity,,Assembly-CSharp
2352,GearSuccessionPop,GearSuccessionPop,,Assembly-CSharp
2353,skill,skill,,Assembly-CSharp
2354,TMP_SpriteAsset,TMP_SpriteAsset,TMPro,Unity.TextMeshPro
2355,JsonDataWriter,JsonDataWriter,JsonFx.Json,Assembly-CSharp
2356,Product,Product,UnityEngine.Purchasing,Unity.Purchasing
2357,SucceedPropertyDisplayList,SucceedPropertyDisplayList,,Assembly-CSharp
2358,RiftData,RiftData,,Assembly-CSharp
2359,TarVolume,TarVolume,Gpm.Common.ThirdParty.SharpCompress.Common.Tar,gpm_common
2360,riftRaidReward,riftRaidReward,,Assembly-CSharp
2361,TweakableBlockCipherParameters,TweakableBlockCipherParameters,BestHTTP.SecureProtocol.Org.BouncyCastle.Crypto.Parameters,BestHTTP
2362,IPasswordProvider,IPasswordProvider,Gpm.Common.ThirdParty.SharpCompress.Compressors.LZMA.Utilites,gpm_common
2363,SkillStudyList,SkillStudyList,,Assembly-CSharp
2364,shopData,shopData,,Assembly-CSharp
2365,X509KeyUsage,X509KeyUsage,BestHTTP.SecureProtocol.Org.BouncyCastle.X509,BestHTTP
2366,Unpack.unpack_cpp,Unpack,Gpm.Common.ThirdParty.SharpCompress.Compressors.Rar.UnpackV2017,gpm_common
2367,villSkin,villSkin,,Assembly-CSharp
2368,GZipVolume,GZipVolume,Gpm.Common.ThirdParty.SharpCompress.Common.GZip,gpm_common
2369,DateTimeUtilities,DateTimeUtilities,BestHTTP.SecureProtocol.Org.BouncyCastle.Utilities.Date,BestHTTP
2370,HTTPManager,HTTPManager,BestHTTP,BestHTTP
2371,HunterRaidDropUtility,HunterRaidDropUtility,,Assembly-CSharp
2372,ToastMsgCtrl,ToastMsgCtrl,,Assembly-CSharp
2373,PkixAttrCertPathValidator,PkixAttrCertPathValidator,BestHTTP.SecureProtocol.Org.BouncyCastle.Pkix,BestHTTP
2374,PlayAssetDeliveryInternal,PlayAssetDeliveryInternal,Google.Play.AssetDelivery.Internal,Google.Play.AssetDelivery
2375,CbcBlockCipherMac,CbcBlockCipherMac,BestHTTP.SecureProtocol.Org.BouncyCastle.Crypto.Macs,BestHTTP
2376,IMeshModifier,IMeshModifier,UnityEngine.UI,UnityEngine.UI
2377,RSABlindedEngine,RsaBlindedEngine,BestHTTP.SecureProtocol.Org.BouncyCastle.Crypto.Engines,BestHTTP
2378,IStoreServiceFactory,IStoreServiceFactory,UnityEngine.Purchasing,Unity.Purchasing
2379,ObscuredSByte,ObscuredSByte,CodeStage.AntiCheat.ObscuredTypes,ACTk.Runtime
2380,PresentCodeRedemptionSheetUseCase,PresentCodeRedemptionSheetUseCase,UnityEngine.Purchasing.UseCases,Unity.Purchasing
2381,DERGenerator,DerGenerator,BestHTTP.SecureProtocol.Org.BouncyCastle.Asn1,BestHTTP
2382,GeneralDigest,GeneralDigest,BestHTTP.SecureProtocol.Org.BouncyCastle.Crypto.Digests,BestHTTP
2383,ICipher,ICipher,BestHTTP.SecureProtocol.Org.BouncyCastle.Crypto,BestHTTP
2384,SignHeader,SignHeader,Gpm.Common.ThirdParty.SharpCompress.Common.Rar.Headers,gpm_common
2385,InvalidCartException,InvalidCartException,UnityEngine.Purchasing,Unity.Purchasing
2386,IPreloadRequired,IPreloadRequired,UnityEngine.Localization,Unity.Localization
2387,AspectRatioFitter,AspectRatioFitter,UnityEngine.UI,UnityEngine.UI
2388,BuildManager,BuildManager,,Assembly-CSharp
2389,AppleStorefront,AppleStorefront,UnityEngine.Purchasing,Unity.Purchasing
2390,X509Attribute,X509Attribute,BestHTTP.SecureProtocol.Org.BouncyCastle.X509,BestHTTP
2391,OIWObjectIdentifiers,OiwObjectIdentifiers,BestHTTP.SecureProtocol.Org.BouncyCastle.Asn1.Oiw,BestHTTP
2392,AssetBundleProvider,AssetBundleProvider,UnityEngine.ResourceManagement.ResourceProviders,Unity.ResourceManager
2393,PlatformUtilities,PlatformUtilities,UnityEngine.ResourceManagement.Util,Unity.ResourceManager
2394,Asn1Object,Asn1Object,BestHTTP.SecureProtocol.Org.BouncyCastle.Asn1,BestHTTP
2395,MessagePackSerializer.Json,MessagePackSerializer,Gpm.Common.ThirdParty.MessagePack,gpm_common
2396,hunterSpeach,hunterSpeach,,Assembly-CSharp
2397,DefaultSignatureResult,DefaultSignatureResult,BestHTTP.SecureProtocol.Org.BouncyCastle.Crypto.Operators,BestHTTP
2398,AppInstallationSource,AppInstallationSource,CodeStage.AntiCheat.Genuine.Android,ACTk.Runtime
2399,FastAction,FastAction,TMPro,Unity.TextMeshPro
2400,UnityThreadUtils,UnityThreadUtils,Unity.Services.Core,Unity.Services.Core
2401,GearUIFormFactor,GearUIFormFactor,,Assembly-CSharp
2402,SubStringFormatter,SubStringFormatter,UnityEngine.Localization.SmartFormat.Extensions,Unity.Localization
2403,HTTPRange,HTTPRange,BestHTTP,BestHTTP
2404,SettingTile,SettingTile,,Assembly-CSharp
2405,HTTPRequestAsyncExtensions,HTTPRequestAsyncExtensions,BestHTTP,BestHTTP
2406,IPolynomial,IPolynomial,BestHTTP.SecureProtocol.Org.BouncyCastle.Math.Field,BestHTTP
2407,Connection,Connection,BestHTTP.SignalR,BestHTTP
2408,GoogleLastKnownProductService,GoogleLastKnownProductService,UnityEngine.Purchasing,Unity.Purchasing.Stores
2409,ProfileChattingList,ProfileChattingList,,Assembly-CSharp
2410,TMP_TextElement_Legacy,TMP_TextElement_Legacy,TMPro,Unity.TextMeshPro
2411,Iso9796d2Signer,Iso9796d2Signer,BestHTTP.SecureProtocol.Org.BouncyCastle.Crypto.Signers,BestHTTP
2412,ObscuredFile,ObscuredFile,CodeStage.AntiCheat.Storage,ACTk.Runtime
2413,IReadOnlyProductCache,IReadOnlyProductCache,UnityEngine.Purchasing.Extension,Unity.Purchasing
2414,X509ObjectIdentifiers,X509ObjectIdentifiers,BestHTTP.SecureProtocol.Org.BouncyCastle.Asn1.X509,BestHTTP
2415,MiniJSON,Json,UnityEngine.Purchasing.MiniJSON,Unity.Purchasing.Utilities
2416,TransactionLog,TransactionLog,UnityEngine.Purchasing,Unity.Purchasing.Utilities
2417,ErrorMsgContent,ErrorMsgContent,BestHTTP.SecureProtocol.Org.BouncyCastle.Asn1.Cmp,BestHTTP
2418,IAnalyticsAdapter,IAnalyticsAdapter,UnityEngine.Purchasing,Unity.Purchasing
2419,AbstractTlsAgreementCredentials,AbstractTlsAgreementCredentials,BestHTTP.SecureProtocol.Org.BouncyCastle.Crypto.Tls,BestHTTP
2420,IDataReader,IDataReader,JsonFx.Json,Assembly-CSharp
2421,TraderUserData,TraderUserData,,Assembly-CSharp
2422,InvalidCipherTextException,InvalidCipherTextException,BestHTTP.SecureProtocol.Org.BouncyCastle.Crypto,BestHTTP
2423,ItemToastMsgCtrl,ItemToastMsgCtrl,,Assembly-CSharp
2424,BCJFilter,BCJFilter,Gpm.Common.ThirdParty.SharpCompress.Compressors.Filters,gpm_common
2425,OriginatorId,OriginatorID,BestHTTP.SecureProtocol.Org.BouncyCastle.Cms,BestHTTP
2426,ActivityResult,ActivityResult,Google.Play.Core.Internal,Google.Play.Core
2427,CmpCertificate,CmpCertificate,BestHTTP.SecureProtocol.Org.BouncyCastle.Asn1.Cmp,BestHTTP
2428,BCObjectIdentifiers,BCObjectIdentifiers,BestHTTP.SecureProtocol.Org.BouncyCastle.Asn1.BC,BestHTTP
2429,SignaturePolicyIdentifier,SignaturePolicyIdentifier,BestHTTP.SecureProtocol.Org.BouncyCastle.Asn1.Esf,BestHTTP
2430,CommitmentTypeIndication,CommitmentTypeIndication,BestHTTP.SecureProtocol.Org.BouncyCastle.Asn1.Esf,BestHTTP
2431,Utility,Utility,Gpm.Common.ThirdParty.SharpCompress,gpm_common
2432,limitBreakData,limitBreakData,,Assembly-CSharp
2433,IapException,IapException,UnityEngine.Purchasing,Unity.Purchasing
2434,RidingPetGearRowList,RidingPetGearRowList,,Assembly-CSharp
2435,OCBBlockCipher,OcbBlockCipher,BestHTTP.SecureProtocol.Org.BouncyCastle.Crypto.Modes,BestHTTP
2436,ManagedCorutine,ManagedCoroutine,Gpm.Common,gpm_common
2437,AppInfo,AppInfo,UnityEngine.Localization.Platform.Android,Unity.Localization
2438,TlsCloseable,TlsCloseable,BestHTTP.SecureProtocol.Org.BouncyCastle.Crypto.Tls,BestHTTP
2439,NoekeonEngine,NoekeonEngine,BestHTTP.SecureProtocol.Org.BouncyCastle.Crypto.Engines,BestHTTP
2440,TrackedUGUI,TrackedUGuiGraphic,UnityEngine.Localization.PropertyVariants.TrackedObjects,Unity.Localization
2441,ImageEffects,ImageEffects,UnityStandardAssets.ImageEffects,Assembly-CSharp-firstpass
2442,ICurvesOwner,ICurvesOwner,UnityEngine.Timeline,Unity.Timeline
2443,Marker,Marker,UnityEngine.Timeline,Unity.Timeline
2444,AnswerData,AnswerData,Unity.Multiplayer.Center.Common,Unity.Multiplayer.Center.Common
2445,DetailConsumList,DetailConsumList,,Assembly-CSharp
2446,StorageSpecialItemList,StorageSpecialItemList,,Assembly-CSharp
2447,MessagePackSerializer,MessagePackSerializer,Gpm.Common.ThirdParty.MessagePack,gpm_common
2448,NotificationCenter,NotificationCenter,Unity.Notifications,Unity.Notifications.Unified
2449,MacStream,MacStream,BestHTTP.SecureProtocol.Org.BouncyCastle.Crypto.IO,BestHTTP
2450,IX509Extension,IX509Extension,BestHTTP.SecureProtocol.Org.BouncyCastle.X509,BestHTTP
2451,HTTP2FrameHelper,HTTP2FrameHelper,BestHTTP.Connections.HTTP2,BestHTTP
2452,PanelEventHandler,PanelEventHandler,UnityEngine.UIElements,UnityEngine.UI
2453,BaseOutputStream,BaseOutputStream,BestHTTP.SecureProtocol.Org.BouncyCastle.Utilities.IO,BestHTTP
2454,ArchiveHeader,ArchiveHeader,Gpm.Common.ThirdParty.SharpCompress.Common.Rar.Headers,gpm_common
2455,JPakeParticipant,JPakeParticipant,BestHTTP.SecureProtocol.Org.BouncyCastle.Crypto.Agreement.JPake,BestHTTP
2456,GridLayoutGroup,GridLayoutGroup,UnityEngine.UI,UnityEngine.UI
2457,VersionCheck,VersionCheck,UnityEngine.Purchasing,Unity.Purchasing.Utilities
2458,SecT113R2Curve,SecT113R2Curve,BestHTTP.SecureProtocol.Org.BouncyCastle.Math.EC.Custom.Sec,BestHTTP
2459,FlagUtility,FlagUtility,Gpm.Common.ThirdParty.SharpCompress.Common,gpm_common
2460,AdminAdventureNpcAbilityData,AdminAdventureNpcAbilityData,,Assembly-CSharp
2461,RIdingPetData,RidingPetData,,Assembly-CSharp
2462,ProgressExtensionMethods,ProgressExtensionMethods,CodeStage.AntiCheat.Utils,ACTk.Runtime
2463,CheckCatalogsOperation,CheckCatalogsOperation,UnityEngine.AddressableAssets,Unity.Addressables
2464,RespData,RespData,BestHTTP.SecureProtocol.Org.BouncyCastle.Ocsp,BestHTTP
2465,riftNpcData,riftNpcData,,Assembly-CSharp
2466,ServicesInitializationException,ServicesInitializationException,Unity.Services.Core,Unity.Services.Core
2467,IAPSecurityException,IAPSecurityException,UnityEngine.Purchasing.Security,Unity.Purchasing.SecurityCore
2468,X25519Agreement,X25519Agreement,BestHTTP.SecureProtocol.Org.BouncyCastle.Crypto.Agreement,BestHTTP
2469,CMSEnvelopedHelper,CmsEnvelopedHelper,BestHTTP.SecureProtocol.Org.BouncyCastle.Cms,BestHTTP
2470,AudioTrack,AudioTrack,UnityEngine.Timeline,Unity.Timeline
2471,WorldBossHunterList,WorldBossHunterList,,Assembly-CSharp
2472,EditorSkeletonPlayer,EditorSkeletonPlayer,Spine.Unity,spine-unity
2473,GooglePurchasesResponseListener,GooglePurchasesResponseListener,UnityEngine.Purchasing,Unity.Purchasing.Stores
2474,ChattingList,ChattingList,,Assembly-CSharp
2475,DeflateStream,DeflateStream,BestHTTP.Decompression.Zlib,BestHTTP
2476,MarkHeader,MarkHeader,Gpm.Common.ThirdParty.SharpCompress.Common.Rar.Headers,gpm_common
2477,StringBuilderPool,StringBuilderPool,UnityEngine.Localization,Unity.Localization
2478,CrlIdentifier,CrlIdentifier,BestHTTP.SecureProtocol.Org.BouncyCastle.Asn1.Esf,BestHTTP
2479,GlobalVariablesSource.deprecated,GlobalVariablesSource,UnityEngine.Localization.SmartFormat.Extensions,Unity.Localization
2480,magiccube,magiccube,,Assembly-CSharp
2481,CertChainType,CertChainType,BestHTTP.SecureProtocol.Org.BouncyCastle.Crypto.Tls,BestHTTP
2482,DamageTesterData,DamageTesterData,,Assembly-CSharp
2483,DiscreteTime,DiscreteTime,UnityEngine.Timeline,Unity.Timeline
2484,SkeletonBounds,SkeletonBounds,Spine,spine-csharp
2485,SecP384R1FieldElement,SecP384R1FieldElement,BestHTTP.SecureProtocol.Org.BouncyCastle.Math.EC.Custom.Sec,BestHTTP
2486,AVHeader,AvHeader,Gpm.Common.ThirdParty.SharpCompress.Common.Rar.Headers,gpm_common
2487,SubscriptionChangeRequest,SubscriptionChangeRequest,UnityEngine.Purchasing,Unity.Purchasing
2488,TransactionEvent,TransactionEvent,Unity.Services.Analytics,Unity.Services.Analytics
2489,XZIndex,XZIndex,Gpm.Common.ThirdParty.SharpCompress.Compressors.Xz,gpm_common
2490,TlsStream,TlsStream,BestHTTP.SecureProtocol.Org.BouncyCastle.Crypto.Tls,BestHTTP
2491,LZ4MessagePackSerializer.JSON,LZ4MessagePackSerializer,Gpm.Common.ThirdParty.MessagePack,gpm_common
2492,FieldBossPop,FieldBossPop,,Assembly-CSharp
2493,LoadingPop,LoadingPop,,Assembly-CSharp
2494,AlgorithmIdentifier,AlgorithmIdentifier,BestHTTP.SecureProtocol.Org.BouncyCastle.Asn1.X509,BestHTTP
2495,IssuerAndSerialNumber,IssuerAndSerialNumber,BestHTTP.SecureProtocol.Org.BouncyCastle.Asn1.Cms,BestHTTP
2496,IDSA,IDsa,BestHTTP.SecureProtocol.Org.BouncyCastle.Crypto,BestHTTP
2497,SecT131R2Point,SecT131R2Point,BestHTTP.SecureProtocol.Org.BouncyCastle.Math.EC.Custom.Sec,BestHTTP
2498,IANAObjectIdentifiers,IanaObjectIdentifiers,BestHTTP.SecureProtocol.Org.BouncyCastle.Asn1.Iana,BestHTTP
2499,ColorCorrectionLookup,ColorCorrectionLookup,UnityStandardAssets.ImageEffects,Assembly-CSharp-firstpass
2500,MacAppStore,MacAppStore,UnityEngine.Purchasing,Unity.Purchasing
2501,GooglePlayStoreService,GooglePlayStoreService,UnityEngine.Purchasing,Unity.Purchasing.Stores
2502,HunterManager,HunterManager,,Assembly-CSharp
2503,ChaosOptionChangePop,ChaosOptionChangePop,,Assembly-CSharp
2504,SpinSplashCtrl,SpinSplashCtrl,,Assembly-CSharp
2505,NewNoticeList,NewNoticeList,,Assembly-CSharp
2506,TarWriterOptions,TarWriterOptions,Gpm.Common.ThirdParty.SharpCompress.Writers.Tar,gpm_common
2507,CommonErrorCodes,CommonErrorCodes,Unity.Services.Core,Unity.Services.Core
2508,DerOctetString,DerOctetString,BestHTTP.SecureProtocol.Org.BouncyCastle.Asn1,BestHTTP
2509,shinyCostumeBoxTwo,shinyCostumeBoxTwo,,Assembly-CSharp
2510,BasicConstraints,BasicConstraints,BestHTTP.SecureProtocol.Org.BouncyCastle.Asn1.X509,BestHTTP
2511,IStoreManagerFactoryInjectionPoint,IStoreManagerFactoryInjectionPoint,UnityEngine.Purchasing,Unity.Purchasing
2512,MailPopV3,MailPopV3,,Assembly-CSharp
2513,RecipientId,RecipientID,BestHTTP.SecureProtocol.Org.BouncyCastle.Cms,BestHTTP
2514,PvPHonorRewardPop,PvPHonorRewardPop,,Assembly-CSharp
2515,ProductDetailsResponseListener,ProductDetailsResponseListener,UnityEngine.Purchasing,Unity.Purchasing.Stores
2516,Unpack50,Unpack,Gpm.Common.ThirdParty.SharpCompress.Compressors.Rar.UnpackV1,gpm_common
2517,Asn1TaggedObject,Asn1TaggedObject,BestHTTP.SecureProtocol.Org.BouncyCastle.Asn1,BestHTTP
2518,gearSkill,gearSkill,,Assembly-CSharp
2519,ZStream,ZStream,BestHTTP.SecureProtocol.Org.BouncyCastle.Utilities.Zlib,BestHTTP
2520,AttendPop,AttendPop,,Assembly-CSharp
2521,GooglePlayReceipt,GooglePlayReceipt,UnityEngine.Purchasing.Security,Unity.Purchasing.SecurityCore
2522,PpmState,PpmState,Gpm.Common.ThirdParty.SharpCompress.Compressors.PPMd.I1,gpm_common
2523,worldBossBox,worldBossBox,,Assembly-CSharp
2524,TelemetryMetricEvent,TelemetryMetricEvent,UnityEngine.Purchasing.Telemetry,Unity.Purchasing
2525,gearGloveData,gearGloveData,,Assembly-CSharp
2526,MultiVolumeRarReader,MultiVolumeRarReader,Gpm.Common.ThirdParty.SharpCompress.Readers.Rar,gpm_common
2527,LeaderboardScoreData,LeaderboardScoreData,GooglePlayGames.BasicApi,Google.Play.Games
2528,DeferredOrder,DeferredOrder,UnityEngine.Purchasing,Unity.Purchasing
2529,ThreadSafeRandom,ThreadSafeRandom,CodeStage.AntiCheat.Utils,ACTk.Runtime
2530,XmlSource,XmlSource,UnityEngine.Localization.SmartFormat.Extensions,Unity.Localization
2531,EventDataReferenceAsset,EventDataReferenceAsset,Spine.Unity,spine-unity
2532,Cast5Engine,Cast5Engine,BestHTTP.SecureProtocol.Org.BouncyCastle.Crypto.Engines,BestHTTP
2533,ProductCache,ProductCache,UnityEngine.Purchasing.Extension,Unity.Purchasing
2534,CMSEnvelopedData,CmsEnvelopedData,BestHTTP.SecureProtocol.Org.BouncyCastle.Cms,BestHTTP
2535,XZStream,XZStream,Gpm.Common.ThirdParty.SharpCompress.Compressors.Xz,gpm_common
2536,SecT233FieldElement,SecT233FieldElement,BestHTTP.SecureProtocol.Org.BouncyCastle.Math.EC.Custom.Sec,BestHTTP
2537,HuntingSelectPop,HuntingSelectPop,,Assembly-CSharp
2538,RidingPetInfoRowList,RidingPetInfoRowList,,Assembly-CSharp
2539,NightmareCtrl,NightmareCtrl,,Assembly-CSharp
2540,Ssl3Mac,Ssl3Mac,BestHTTP.SecureProtocol.Org.BouncyCastle.Crypto.Tls,BestHTTP
2541,AdminChiefCostumeData,AdminChiefCostumeData,,Assembly-CSharp
2542,CertifiedKeyPair,CertifiedKeyPair,BestHTTP.SecureProtocol.Org.BouncyCastle.Asn1.Cmp,BestHTTP
2543,Zip64DirectoryEndHeader,Zip64DirectoryEndHeader,Gpm.Common.ThirdParty.SharpCompress.Common.Zip.Headers,gpm_common
2544,IAsn1String,IAsn1String,BestHTTP.SecureProtocol.Org.BouncyCastle.Asn1,BestHTTP
2545,ReasonFlags,ReasonFlags,BestHTTP.SecureProtocol.Org.BouncyCastle.Asn1.X509,BestHTTP
2546,JSONStore,JsonStore,UnityEngine.Purchasing,Unity.Purchasing.Stores
2547,IntervalTree,IInterval,UnityEngine.Timeline,Unity.Timeline
2548,IAPListener,IAPListener,UnityEngine.Purchasing,Unity.Purchasing.Codeless
2549,X509V2AttributeCertificate,X509V2AttributeCertificate,BestHTTP.SecureProtocol.Org.BouncyCastle.X509,BestHTTP
2550,ECPrivateKeyParameters,ECPrivateKeyParameters,BestHTTP.SecureProtocol.Org.BouncyCastle.Crypto.Parameters,BestHTTP
2551,GeneralName,GeneralName,BestHTTP.SecureProtocol.Org.BouncyCastle.Asn1.X509,BestHTTP
2552,FallenPastureHunterCtrl,FallenPastureHunterCtrl,,Assembly-CSharp
2553,JsonMockWrapper,JsonMockWrapper,Gpm.Common.ThirdParty.LitJson,gpm_common
2554,RsaKeyParameters,RsaKeyParameters,BestHTTP.SecureProtocol.Org.BouncyCastle.Crypto.Parameters,BestHTTP
2555,Pkcs8Generator,Pkcs8Generator,BestHTTP.SecureProtocol.Org.BouncyCastle.OpenSsl,BestHTTP
2556,BuildSkinTypeList,BuildSkinTypeList,,Assembly-CSharp
2557,MaxFragmentLength,MaxFragmentLength,BestHTTP.SecureProtocol.Org.BouncyCastle.Crypto.Tls,BestHTTP
2558,runeCraftData,runeCraftData,,Assembly-CSharp
2559,IBlockResult,IBlockResult,BestHTTP.SecureProtocol.Org.BouncyCastle.Crypto,BestHTTP
2560,demonTeam,demonTeam,,Assembly-CSharp
2561,Parser,Parser,UnityEngine.Localization.SmartFormat.Core.Parsing,Unity.Localization
2562,IGooglePlayStoreCheckEntitlementService,IGooglePlayStoreCheckEntitlementService,UnityEngine.Purchasing.Interfaces,Unity.Purchasing.Stores
2563,ResourceLocationMap,ResourceLocationMap,UnityEngine.AddressableAssets.ResourceLocators,Unity.Addressables
2564,SecP192R1Curve,SecP192R1Curve,BestHTTP.SecureProtocol.Org.BouncyCastle.Math.EC.Custom.Sec,BestHTTP
2565,SerializationSettings,SerializationSettings,CodeStage.AntiCheat.Storage,ACTk.Runtime
2566,PopoSigningKeyInput,PopoSigningKeyInput,BestHTTP.SecureProtocol.Org.BouncyCastle.Asn1.Crmf,BestHTTP
2567,IStoreService,IStoreService,UnityEngine.Purchasing,Unity.Purchasing
2568,UniversalSDK,UniversalSDK,Universal.UniversalSDK,Assembly-CSharp
2569,DependencyTree,DependencyTree,Unity.Services.Core.Internal,Unity.Services.Core.Internal
2570,Packet,Packet,BestHTTP.SocketIO,BestHTTP
2571,buildSkinData,buildSkinData,,Assembly-CSharp
2572,Toggle,Toggle,UnityEngine.UI,UnityEngine.UI
2573,productData,productData,,Assembly-CSharp
2574,IIOService,IIOService,BestHTTP.PlatformSupport.FileSystem,BestHTTP
2575,SimpleBigDecimal,SimpleBigDecimal,BestHTTP.SecureProtocol.Org.BouncyCastle.Math.EC.Abc,BestHTTP
2576,ItemData,ItemData,,Assembly-CSharp
2577,LoggerExtensions,LoggerExtensions,UnityEngine.Purchasing,Unity.Purchasing.Utilities
2578,NameConstraints,NameConstraints,BestHTTP.SecureProtocol.Org.BouncyCastle.Asn1.X509,BestHTTP
2579,TMP_CharacterInfo,TMP_CharacterInfo,TMPro,Unity.TextMeshPro
2580,ISource,ISource,UnityEngine.Localization.SmartFormat.Core.Extensions,Unity.Localization
2581,ConnectionHelper,ConnectionHelper,BestHTTP.Connections,BestHTTP
2582,DefaultSource,DefaultSource,UnityEngine.Localization.SmartFormat.Extensions,Unity.Localization
2583,UniqueOptionModifyPop,UniqueOptionModifyPop,,Assembly-CSharp
2584,AttributeTable,AttributeTable,BestHTTP.SecureProtocol.Org.BouncyCastle.Asn1.Cms,BestHTTP
2585,GuildBattleHunterList,GuildBattleHunterList,,Assembly-CSharp
2586,IPlayGamesClient,IPlayGamesClient,GooglePlayGames.BasicApi,Google.Play.Games
2587,ObscuredQuaternion.Raw,ObscuredQuaternion,CodeStage.AntiCheat.ObscuredTypes,ACTk.Runtime
2588,honorRewardData,honorRewardData,,Assembly-CSharp
2589,SeekableZipHeaderFactory,SeekableZipHeaderFactory,Gpm.Common.ThirdParty.SharpCompress.Common.Zip,gpm_common
2590,SrpTlsServer,SrpTlsServer,BestHTTP.SecureProtocol.Org.BouncyCastle.Crypto.Tls,BestHTTP
2591,SingleResp,SingleResp,BestHTTP.SecureProtocol.Org.BouncyCastle.Ocsp,BestHTTP
2592,quest,quest,,Assembly-CSharp
2593,Pkcs10CertificationRequestDelaySigned,Pkcs10CertificationRequestDelaySigned,BestHTTP.SecureProtocol.Org.BouncyCastle.Pkcs,BestHTTP
2594,NoiseAndGrain,NoiseAndGrain,UnityStandardAssets.ImageEffects,Assembly-CSharp-firstpass
2595,BossModeCancelPop,BossModeCancelPop,,Assembly-CSharp
2596,ZipHeader,ZipHeader,Gpm.Common.ThirdParty.SharpCompress.Common.Zip.Headers,gpm_common
2597,AssetReferenceUIRestriction,AssetReferenceUIRestriction,UnityEngine,Unity.Addressables
2598,InflaterManaged,InflaterManaged,Gpm.Common.ThirdParty.SharpCompress.Compressors.Deflate64,gpm_common
2599,TlsFatalAlertReceived,TlsFatalAlertReceived,BestHTTP.SecureProtocol.Org.BouncyCastle.Crypto.Tls,BestHTTP
2600,RangeCoderBit,BitEncoder,Gpm.Common.ThirdParty.SharpCompress.Compressors.LZMA.RangeCoder,gpm_common
2601,BaseEventData,BaseEventData,UnityEngine.EventSystems,UnityEngine.UI
2602,NativeRequest,NativeRequest,Gpm.WebView.Internal,gpm_webview
2603,PpmContext,Model,Gpm.Common.ThirdParty.SharpCompress.Compressors.PPMd.I1,gpm_common
2604,MaxBytesExceededException,MaxBytesExceededException,BestHTTP.SecureProtocol.Org.BouncyCastle.Crypto,BestHTTP
2605,ExternalUserIdProperty,ExternalUserIdProperty,Unity.Services.Core,Unity.Services.Core
2606,SplitHeader,SplitHeader,Gpm.Common.ThirdParty.SharpCompress.Common.Zip.Headers,gpm_common
2607,IGraphicEnabledDisabled,IGraphicEnabledDisabled,UnityEngine.UI,UnityEngine.UI
2608,FiniteFields,FiniteFields,BestHTTP.SecureProtocol.Org.BouncyCastle.Math.Field,BestHTTP
2609,EndoUtilities,EndoUtilities,BestHTTP.SecureProtocol.Org.BouncyCastle.Math.EC.Endo,BestHTTP
2610,DerIA5String,DerIA5String,BestHTTP.SecureProtocol.Org.BouncyCastle.Asn1,BestHTTP
2611,TarHeader,TarHeader,Gpm.Common.ThirdParty.SharpCompress.Common.Tar.Headers,gpm_common
2612,SCVPReqRes,ScvpReqRes,BestHTTP.SecureProtocol.Org.BouncyCastle.Asn1.Cms,BestHTTP
2613,ZipWritableArchiveEntry,ZipWritableArchiveEntry,Gpm.Common.ThirdParty.SharpCompress.Archives.Zip,gpm_common
2614,ServicesCreationException,ServicesCreationException,Unity.Services.Core,Unity.Services.Core
2615,DERExternal,DerExternal,BestHTTP.SecureProtocol.Org.BouncyCastle.Asn1,BestHTTP
2616,DarknessPrinceMenuPop,DarknessPrinceMenuPop,,Assembly-CSharp
2617,CertStatus,CertStatus,BestHTTP.SecureProtocol.Org.BouncyCastle.Asn1.Cmp,BestHTTP
2618,AttributeCertificateHolder,AttributeCertificateHolder,BestHTTP.SecureProtocol.Org.BouncyCastle.X509,BestHTTP
2619,GooglePurchaseBuilder,GooglePurchaseBuilder,UnityEngine.Purchasing.Utils,Unity.Purchasing.Stores
2620,IGooglePlayStoreSetObfuscatedIdUseCase,IGooglePlayStoreSetObfuscatedIdUseCase,UnityEngine.Purchasing,Unity.Purchasing
2621,NewSessionTicket,NewSessionTicket,BestHTTP.SecureProtocol.Org.BouncyCastle.Crypto.Tls,BestHTTP
2622,AndroidMessageSender,AndroidMessageSender,Gpm.Communicator.Internal.Android,gpm_communicator
2623,AnalyticsService,AnalyticsService,Unity.Services.Analytics,Unity.Services.Analytics
2624,ICipherParameters,ICipherParameters,Gpm.Common.ThirdParty.SharpCompress.Crypto,gpm_common
2625,SEEDWrapEngine,SeedWrapEngine,BestHTTP.SecureProtocol.Org.BouncyCastle.Crypto.Engines,BestHTTP
2626,DynamicGenericResolver,DynamicGenericResolver,Gpm.Common.ThirdParty.MessagePack.Resolvers,gpm_common
2627,AdvertisingResult,AdvertisingResult,GooglePlayGames.BasicApi.Nearby,Google.Play.Games
2628,BlockFilter,BlockFilter,Gpm.Common.ThirdParty.SharpCompress.Compressors.Xz.Filters,gpm_common
2629,RevokedStatus,RevokedStatus,BestHTTP.SecureProtocol.Org.BouncyCastle.Ocsp,BestHTTP
2630,SMIMEEncryptionKeyPreferenceAttribute,SmimeEncryptionKeyPreferenceAttribute,BestHTTP.SecureProtocol.Org.BouncyCastle.Asn1.Smime,BestHTTP
2631,TnepresEngine,TnepresEngine,BestHTTP.SecureProtocol.Org.BouncyCastle.Crypto.Engines,BestHTTP
2632,DropGearData,DropGearData,,Assembly-CSharp
2633,ASN1SequenceParser,Asn1SequenceParser,BestHTTP.SecureProtocol.Org.BouncyCastle.Asn1,BestHTTP
2634,AdminGrowUpData,AdminGrowUpData,,Assembly-CSharp
2635,ProcurationSyntax,ProcurationSyntax,BestHTTP.SecureProtocol.Org.BouncyCastle.Asn1.IsisMtt.X509,BestHTTP
2636,XmlDataReader,XmlDataReader,JsonFx.Xml,Assembly-CSharp
2637,Attributes,Attributes,Singular,SingularSDK
2638,ChangeCipherSpec,ChangeCipherSpec,BestHTTP.SecureProtocol.Org.BouncyCastle.Crypto.Tls,BestHTTP
2639,TeeOutputStream,TeeOutputStream,BestHTTP.SecureProtocol.Org.BouncyCastle.Utilities.IO,BestHTTP
2640,StringUtils,StringUtils,CodeStage.AntiCheat.Utils,ACTk.Runtime
2641,CertificateExpiredException,CertificateExpiredException,BestHTTP.SecureProtocol.Org.BouncyCastle.Security.Certificates,BestHTTP
2642,SecT193Field,SecT193Field,BestHTTP.SecureProtocol.Org.BouncyCastle.Math.EC.Custom.Sec,BestHTTP
2643,CertBag,CertBag,BestHTTP.SecureProtocol.Org.BouncyCastle.Asn1.Pkcs,BestHTTP
2644,CMSAttributeTableGenerationException,CmsAttributeTableGenerationException,BestHTTP.SecureProtocol.Org.BouncyCastle.Cms,BestHTTP
2645,ICipherBuilderWithKey,ICipherBuilderWithKey,BestHTTP.SecureProtocol.Org.BouncyCastle.Crypto,BestHTTP
2646,BillingClientBase,BillingClientBase,UnityEngine.Purchasing.GoogleBilling.Models,Unity.Purchasing.Stores
2647,ByteArrayStringHashTable,ByteArrayStringHashTable,Gpm.Common.ThirdParty.MessagePack.Internal,gpm_common
2648,MailListV3,MailListV3,,Assembly-CSharp
2649,TextMeshPro,TextMeshPro,TMPro,Unity.TextMeshPro
2650,HostManager,HostManager,BestHTTP.Core,BestHTTP
2651,CamelliaLightEngine,CamelliaLightEngine,BestHTTP.SecureProtocol.Org.BouncyCastle.Crypto.Engines,BestHTTP
2652,PPMContext,PpmContext,Gpm.Common.ThirdParty.SharpCompress.Compressors.PPMd.H,gpm_common
2653,SkeletonMecanimRootMotion,SkeletonMecanimRootMotion,Spine.Unity,spine-unity
2654,StandardPurchasingModule,StandardPurchasingModule,UnityEngine.Purchasing,Unity.Purchasing
2655,GooglePlayStorePurchaseService,GooglePlayStorePurchaseService,UnityEngine.Purchasing,Unity.Purchasing.Stores
2656,ProofOfPossessionSigningKeyBuilder,ProofOfPossessionSigningKeyBuilder,BestHTTP.SecureProtocol.Org.BouncyCastle.Crmf,BestHTTP
2657,DataReaderProvider,DataReaderProvider,JsonFx.Json,Assembly-CSharp
2658,SlangNode,SlangNode,,Assembly-CSharp
2659,PastureMapPop,PastureMapPop,,Assembly-CSharp
2660,JsonProductDescriptionsDeserializer,JsonProductDescriptionsDeserializer,Stores.Util,Unity.Purchasing
2661,RandomUtils,RandomUtils,CodeStage.AntiCheat.Utils,ACTk.Runtime
2662,CustomEvent,CustomEvent,Unity.Services.Analytics,Unity.Services.Analytics
2663,DamageTestHunterCtrl,DamageTestHunterCtrl,,Assembly-CSharp
2664,ExternalBillingProgramClient,ExternalBillingProgramClient,UnityEngine.Purchasing.GoogleBilling.Models,Unity.Purchasing.Stores
2665,TlsClient,TlsClient,BestHTTP.SecureProtocol.Org.BouncyCastle.Crypto.Tls,BestHTTP
2666,SecT409Field,SecT409Field,BestHTTP.SecureProtocol.Org.BouncyCastle.Math.EC.Custom.Sec,BestHTTP
2667,TMP_Sprite,TMP_Sprite,TMPro,Unity.TextMeshPro
2668,NearbyConnectionConfiguration,NearbyConnectionConfiguration,GooglePlayGames.BasicApi.Nearby,Google.Play.Games
2669,IConfirmOrderUseCase,IConfirmOrderUseCase,UnityEngine.Purchasing,Unity.Purchasing
2670,OtherKeyAttribute,OtherKeyAttribute,BestHTTP.SecureProtocol.Org.BouncyCastle.Asn1.Cms,BestHTTP
2671,DropGearTouchCtrl,DropGearTouchCtrl,,Assembly-CSharp
2672,PathAttachment,PathAttachment,Spine,spine-csharp
2673,OldCustomConverter,OldCustomConverter,,Assembly-CSharp
2674,TMPro_EventManager,TMPro_EventManager,TMPro,Unity.TextMeshPro
2675,AssetTable,AssetTable,UnityEngine.Localization.Tables,Unity.Localization
2676,DigestStream,DigestStream,BestHTTP.SecureProtocol.Org.BouncyCastle.Crypto.IO,BestHTTP
2677,Popup,Popup,Assets.SimpleAndroidNotifications.Helpers,Assembly-CSharp
2678,DerUTCTime,DerUtcTime,BestHTTP.SecureProtocol.Org.BouncyCastle.Asn1,BestHTTP
2679,MaskableGraphic,MaskableGraphic,UnityEngine.UI,UnityEngine.UI
2680,SecT163K1Curve,SecT163K1Curve,BestHTTP.SecureProtocol.Org.BouncyCastle.Math.EC.Custom.Sec,BestHTTP
2681,inAppReward,inAppReward,,Assembly-CSharp
2682,MoleTimeRewardNpcCtrl,MoleTimeRewardNpcCtrl,,Assembly-CSharp
2683,AdventureEvilCtrl,AdventureEvilCtrl,,Assembly-CSharp
2684,ESSCertIDv2,EssCertIDv2,BestHTTP.SecureProtocol.Org.BouncyCastle.Asn1.Ess,BestHTTP
2685,IGooglePurchaseConverter,IGooglePurchaseConverter,UnityEngine.Purchasing,Unity.Purchasing.Stores
2686,StatusData,StatusData,,Assembly-CSharp
2687,AppleStoreImpl,AppleStoreImpl,UnityEngine.Purchasing,Unity.Purchasing.Stores
2688,GpmMessagePackMapper,GpmMessagePackMapper,Gpm.Common.Util,gpm_common
2689,CameraMotionBlur,CameraMotionBlur,UnityStandardAssets.ImageEffects,Assembly-CSharp-firstpass
2690,SingularConversionValueUpdatedHandler,SingularConversionValueUpdatedHandler,Singular,SingularSDK
2691,villSkinData,villSkinData,,Assembly-CSharp
2692,IBaseCatalogProvider,IBaseCatalogProvider,UnityEngine.Purchasing.Extension,Unity.Purchasing
2693,ShopInputPop,ShopInputPop,,Assembly-CSharp
2694,UseSrtpData,UseSrtpData,BestHTTP.SecureProtocol.Org.BouncyCastle.Crypto.Tls,BestHTTP
2695,KeyException,KeyException,BestHTTP.SecureProtocol.Org.BouncyCastle.Security,BestHTTP
2696,DHKeyGeneratorHelper,DHKeyGeneratorHelper,BestHTTP.SecureProtocol.Org.BouncyCastle.Crypto.Generators,BestHTTP
2697,InvalidKeyException,InvalidKeyException,BestHTTP.SecureProtocol.Org.BouncyCastle.Security,BestHTTP
2698,RecipientInfoGenerator,RecipientInfoGenerator,BestHTTP.SecureProtocol.Org.BouncyCastle.Cms,BestHTTP
2699,ChocoLog,ChocoLog,,Assembly-CSharp
2700,ObscuredVector3.Editor,ObscuredVector3,CodeStage.AntiCheat.ObscuredTypes,ACTk.Runtime
2701,IPKMacPrimitivesProvider,IPKMacPrimitivesProvider,BestHTTP.SecureProtocol.Org.BouncyCastle.Crmf,BestHTTP
2702,SM2Engine,SM2Engine,BestHTTP.SecureProtocol.Org.BouncyCastle.Crypto.Engines,BestHTTP
2703,PopoDecKeyChallContent,PopoDecKeyChallContent,BestHTTP.SecureProtocol.Org.BouncyCastle.Asn1.Cmp,BestHTTP
2704,DateTimeObject,DateTimeObject,BestHTTP.SecureProtocol.Org.BouncyCastle.Utilities.Date,BestHTTP
2705,IProtocol,IProtocol,BestHTTP.Core,BestHTTP
2706,DemoController,DemoController,BitBenderGames,Assembly-CSharp
2707,IGooglePlayGetGooglePurchaseUseCase,IGooglePlayGetGooglePurchaseUseCase,UnityEngine.Purchasing,Unity.Purchasing
2708,consumData,consumData,,Assembly-CSharp
2709,IDsaExt,IDsaExt,BestHTTP.SecureProtocol.Org.BouncyCastle.Crypto,BestHTTP
2710,GZipWriter,GZipWriter,Gpm.Common.ThirdParty.SharpCompress.Writers.GZip,gpm_common
2711,ECNamedCurveTable,ECNamedCurveTable,BestHTTP.SecureProtocol.Org.BouncyCastle.Asn1.X9,BestHTTP
2712,IStoreFactory,IStoreFactory,UnityEngine.Purchasing,Unity.Purchasing
2713,CertificateRequestMessageBuilder,CertificateRequestMessageBuilder,BestHTTP.SecureProtocol.Org.BouncyCastle.Crmf,BestHTTP
2714,StdGenerator,ICommonData,Unity.Services.Analytics.Data,Unity.Services.Analytics
2715,InAppRewardComponentsList,InAppRewardComponentsList,,Assembly-CSharp
2716,X509Crl,X509Crl,BestHTTP.SecureProtocol.Org.BouncyCastle.X509,BestHTTP
2717,MultilanguageLoader,MultilanguageLoader,Gpm.Common.Multilanguage.Internal,gpm_common
2718,TargetPosition,TargetPosition,,Assembly-CSharp
2719,Message,Message,BestHTTP.ServerSentEvents,BestHTTP
2720,LaunchingRequest,LaunchingRequest,Gpm.Common.Indicator.Internal,gpm_common
2721,MemoryOutputStream,MemoryOutputStream,BestHTTP.SecureProtocol.Org.BouncyCastle.Utilities.IO,BestHTTP
2722,GpmWebRequest,GpmWebRequest,Gpm.Common,gpm_common
2723,SecT409R1Point,SecT409R1Point,BestHTTP.SecureProtocol.Org.BouncyCastle.Math.EC.Custom.Sec,BestHTTP
2724,ResponseData,ResponseData,BestHTTP.SecureProtocol.Org.BouncyCastle.Asn1.Ocsp,BestHTTP
2725,IapTelemetryException,IapTelemetryException,UnityEngine.Purchasing.Telemetry,Unity.Purchasing
2726,newRaid,newRaid,,Assembly-CSharp
2727,IPurchaseCache,IPurchaseCache,UnityEngine.Purchasing.Extension,Unity.Purchasing
2728,ridingPetGearBoxData,ridingPetGearBoxData,,Assembly-CSharp
2729,GearCreateResultPop,GearCreateResultPop,,Assembly-CSharp
2730,RaidData,RaidData,,Assembly-CSharp
2731,JsonWriter,JsonWriter,Gpm.Common.ThirdParty.LitJson,gpm_common
2732,DerUniversalString,DerUniversalString,BestHTTP.SecureProtocol.Org.BouncyCastle.Asn1,BestHTTP
2733,CRC,Crc,Gpm.Common.ThirdParty.SharpCompress.Compressors.LZMA,gpm_common
2734,ClearAppleTransactionLogsUseCase,ClearAppleTransactionLogsUseCase,UnityEngine.Purchasing.UseCases.Interfaces,Unity.Purchasing
2735,Ed25519KeyGenerationParameters,Ed25519KeyGenerationParameters,BestHTTP.SecureProtocol.Org.BouncyCastle.Crypto.Parameters,BestHTTP
2736,DummyNearbyConnectionClient,DummyNearbyConnectionClient,GooglePlayGames.BasicApi.Nearby,Google.Play.Games
2737,ECCurveType,ECCurveType,BestHTTP.SecureProtocol.Org.BouncyCastle.Crypto.Tls,BestHTTP
2738,InfiniteRuntimeClip,InfiniteRuntimeClip,UnityEngine.Timeline,Unity.Timeline
2739,UnityThreadUtils,UnityThreadUtils,Uniject,Unity.Purchasing.Utilities
2740,AnalyticsServiceWrapper,AnalyticsServiceWrapper,UnityEngine.Purchasing,Unity.Purchasing.Stores
2741,MistilteinCtrl,MistilteinCtrl,,Assembly-CSharp
2742,ISignatureFactory,ISignatureFactory,BestHTTP.SecureProtocol.Org.BouncyCastle.Crypto,BestHTTP
2743,IEnvironments,IEnvironments,Unity.Services.Core.Environments.Internal,Unity.Services.Core.Internal
2744,SpreadsheetManager,SpreadsheetManager,GoogleSheetsToUnity,Assembly-CSharp
2745,IWriterExtensions,IWriterExtensions,Gpm.Common.ThirdParty.SharpCompress.Writers,gpm_common
2746,ContentsRewardItemList,ContentsRewardItemList,,Assembly-CSharp
2747,X448PrivateKeyParameters,X448PrivateKeyParameters,BestHTTP.SecureProtocol.Org.BouncyCastle.Crypto.Parameters,BestHTTP
2748,DERSequenceGenerator,DerSequenceGenerator,BestHTTP.SecureProtocol.Org.BouncyCastle.Asn1,BestHTTP
2749,ParameterUtilities,ParameterUtilities,BestHTTP.SecureProtocol.Org.BouncyCastle.Security,BestHTTP
2750,EnhancedScroller,EnhancedScroller,EnhancedUI.EnhancedScroller,EnhancedScroller_asmdef
2751,ridingPetGearOptionData,ridingPetGearOptionData,,Assembly-CSharp
2752,RevAnnContent,RevAnnContent,BestHTTP.SecureProtocol.Org.BouncyCastle.Asn1.Cmp,BestHTTP
2753,IUpdateReceiver,IUpdateReceiver,UnityEngine.ResourceManagement,Unity.ResourceManager
2754,DetailedLocalizationTable,TableEntry,UnityEngine.Localization.Tables,Unity.Localization
2755,FakeStore,FakeStore,UnityEngine.Purchasing,Unity.Purchasing.Stores
2756,AndroidJavaObjectExtensions,AndroidJavaObjectExtensions,UnityEngine.Purchasing.Models,Unity.Purchasing
2757,PackageRegistry,PackageRegistry,Unity.Services.Core.Internal,Unity.Services.Core.Internal
2758,ReversedWindowGenerator,ReversedWindowGenerator,BestHTTP.SecureProtocol.Org.BouncyCastle.Crypto.Prng,BestHTTP
2759,ECNamedDomainParameters,ECNamedDomainParameters,BestHTTP.SecureProtocol.Org.BouncyCastle.Crypto.Parameters,BestHTTP
2760,FlattenAction,FlattenAction,Universal.UniversalSDK,Assembly-CSharp
2761,IGetProductDetailsUseCase,IGetProductDetailsUseCase,UnityEngine.Purchasing.UseCases.Interfaces,Unity.Purchasing
2762,MacData,MacData,BestHTTP.SecureProtocol.Org.BouncyCastle.Asn1.Pkcs,BestHTTP
2763,GpmJsonMapper,GpmJsonMapper,Gpm.Common.Util,gpm_common
2764,JsonSkipAttribute,JsonSkipAttribute,Gpm.Common.ThirdParty.LitJson,gpm_common
2765,gearSetProperty,gearSetProperty,,Assembly-CSharp
2766,evilData,evilData,,Assembly-CSharp
2767,HelpListPop,HelpListPop,,Assembly-CSharp
2768,BillingClientStateListener,BillingClientStateListener,UnityEngine.Purchasing,Unity.Purchasing.Stores
2769,UnityServicesBuilder,UnityServicesBuilder,Unity.Services.Core,Unity.Services.Core
2770,ParametersWithRandom,ParametersWithRandom,BestHTTP.SecureProtocol.Org.BouncyCastle.Crypto.Parameters,BestHTTP
2771,IStoreConnectUseCase,IStoreConnectUseCase,UnityEngine.Purchasing,Unity.Purchasing
2772,RidingPetGearRecycleList,RidingPetGearRecycleList,,Assembly-CSharp
2773,TimeStampTokenGenerator,TimeStampTokenGenerator,BestHTTP.SecureProtocol.Org.BouncyCastle.Tsp,BestHTTP
2774,IExtensionProvider,IExtensionProvider,UnityEngine.Purchasing,Unity.Purchasing
2775,IVerifierFactoryProvider,IVerifierFactoryProvider,BestHTTP.SecureProtocol.Org.BouncyCastle.Crypto,BestHTTP
2776,SecT571FieldElement,SecT571FieldElement,BestHTTP.SecureProtocol.Org.BouncyCastle.Math.EC.Custom.Sec,BestHTTP
2777,AtlasAttachmentLoader,AtlasAttachmentLoader,Spine,spine-csharp
2778,IGooglePurchasesUpdatedListener,IGooglePurchasesUpdatedListener,UnityEngine.Purchasing.Interfaces,Unity.Purchasing.Stores
2779,buffData,buffData,,Assembly-CSharp
2780,BlizzardCtrl,BlizzardCtrl,,Assembly-CSharp
2781,PlayRequestRepository,PlayRequestRepository,Google.Play.AssetDelivery.Internal,Google.Play.AssetDelivery
2782,EndpointDetails,EndpointDetails,GooglePlayGames.BasicApi.Nearby,Google.Play.Games
2783,IComponentRegistry,IComponentRegistry,Unity.Services.Core.Internal,Unity.Services.Core.Internal
2784,ISelectorInfo,ISelectorInfo,UnityEngine.Localization.SmartFormat.Core.Extensions,Unity.Localization
2785,IBillingClient,IBillingClient,UnityEngine.Purchasing.GoogleBilling.Interfaces,Unity.Purchasing
2786,TlsDHVerifier,TlsDHVerifier,BestHTTP.SecureProtocol.Org.BouncyCastle.Crypto.Tls,BestHTTP
2787,IPresentCodeRedemptionSheetUseCase,IPresentCodeRedemptionSheetUseCase,UnityEngine.Purchasing.UseCases.Interfaces,Unity.Purchasing
2788,ScaleXPointMap,ScaleXPointMap,BestHTTP.SecureProtocol.Org.BouncyCastle.Math.EC,BestHTTP
2789,ProductTypeExtensions,ProductTypeExtensions,UnityEngine.Purchasing,Unity.Purchasing
2790,EncryptionAlgorithm,EncryptionAlgorithm,BestHTTP.SecureProtocol.Org.BouncyCastle.Crypto.Tls,BestHTTP
2791,RC2Engine,RC2Engine,BestHTTP.SecureProtocol.Org.BouncyCastle.Crypto.Engines,BestHTTP
2792,JsonReader,JsonReader,JsonFx.Json,Assembly-CSharp
2793,HTTPProxy,HTTPProxy,BestHTTP,BestHTTP
2794,ReviveBuildingCtrl,ReviveBuildingCtrl,,Assembly-CSharp
2795,IWrapper,IWrapper,BestHTTP.SecureProtocol.Org.BouncyCastle.Crypto,BestHTTP
2796,ConfirmOrderUseCase,ConfirmOrderUseCase,UnityEngine.Purchasing,Unity.Purchasing
2797,IX509Selector,IX509Selector,BestHTTP.SecureProtocol.Org.BouncyCastle.X509.Store,BestHTTP
2798,IExtractionListener,IExtractionListener,Gpm.Common.ThirdParty.SharpCompress.Common,gpm_common
2799,TimeStampResp,TimeStampResp,BestHTTP.SecureProtocol.Org.BouncyCastle.Asn1.Tsp,BestHTTP
2800,TransformConstraintData,TransformConstraintData,Spine,spine-csharp
2801,DisplayText,DisplayText,BestHTTP.SecureProtocol.Org.BouncyCastle.Asn1.X509,BestHTTP
2802,InvateHunterList,InvateHunterList,,Assembly-CSharp
2803,ICart,ICart,UnityEngine.Purchasing,Unity.Purchasing
2804,PKCS5Scheme2UTF8PBEKey,Pkcs5Scheme2Utf8PbeKey,BestHTTP.SecureProtocol.Org.BouncyCastle.Cms,BestHTTP
2805,HunterGrowUpPropertyPop,HunterGrowUpPropertyPop,,Assembly-CSharp
2806,ClipperRegistry,ClipperRegistry,UnityEngine.UI,UnityEngine.UI
2807,PublicKeyAndChallenge,PublicKeyAndChallenge,BestHTTP.SecureProtocol.Org.BouncyCastle.Asn1.Mozilla,BestHTTP
2808,GOST3410KeyPairGenerator,Gost3410KeyPairGenerator,BestHTTP.SecureProtocol.Org.BouncyCastle.Crypto.Generators,BestHTTP
2809,AppleRestoreTransactionsUseCase,AppleRestoreTransactionsUseCase,UnityEngine.Purchasing.UseCases,Unity.Purchasing
2810,DefaultTlsDHVerifier,DefaultTlsDHVerifier,BestHTTP.SecureProtocol.Org.BouncyCastle.Crypto.Tls,BestHTTP
2811,HttpRequestExtensions,HttpRequestExtensions,Unity.Services.Core.Networking.Internal,Unity.Services.Core.Internal
2812,ComatMeteorCtrl,ComatMeteorCtrl,,Assembly-CSharp
2813,NISTNamedCurves,NistNamedCurves,BestHTTP.SecureProtocol.Org.BouncyCastle.Asn1.Nist,BestHTTP
2814,StorageSpecialItemRowList,StorageSpecialItemRowList,,Assembly-CSharp
2815,RecipientEncryptedKey,RecipientEncryptedKey,BestHTTP.SecureProtocol.Org.BouncyCastle.Asn1.Cms,BestHTTP
2816,ResourceLocationBase,ResourceLocationBase,UnityEngine.ResourceManagement.ResourceLocations,Unity.ResourceManager
2817,CoreDiagnostics,CoreDiagnostics,Unity.Services.Core.Internal,Unity.Services.Core.Internal
2818,LocalesProvider,LocalesProvider,UnityEngine.Localization.Settings,Unity.Localization
2819,ExternalBillingProgramClientInternal,ExternalBillingProgramClientInternal,UnityEngine.Purchasing.GoogleBilling.Models,Unity.Purchasing.Stores
2820,FollowLocationRigidbody,FollowLocationRigidbody,Spine.Unity,spine-unity
2821,RarArchiveEntryFactory,RarArchiveEntryFactory,Gpm.Common.ThirdParty.SharpCompress.Archives.Rar,gpm_common
2822,GoogleQueryPurchasesUseCase,GoogleQueryPurchasesUseCase,UnityEngine.Purchasing,Unity.Purchasing.Stores
2823,EmptyEnumerable,EmptyEnumerable,BestHTTP.SecureProtocol.Org.BouncyCastle.Utilities.Collections,BestHTTP
2824,IMetadata,IMetadata,UnityEngine.Localization.Metadata,Unity.Localization
2825,X25519PrivateKeyParameters,X25519PrivateKeyParameters,BestHTTP.SecureProtocol.Org.BouncyCastle.Crypto.Parameters,BestHTTP
2826,PlayGamesLeaderboard,PlayGamesLeaderboard,GooglePlayGames,Google.Play.Games
2827,InvalidParameterException,InvalidParameterException,BestHTTP.SecureProtocol.Org.BouncyCastle.Security,BestHTTP
2828,BerNull,BerNull,BestHTTP.SecureProtocol.Org.BouncyCastle.Asn1,BestHTTP
2829,OtherRevVals,OtherRevVals,BestHTTP.SecureProtocol.Org.BouncyCastle.Asn1.Esf,BestHTTP
2830,ShopData,ShopData,,Assembly-CSharp
2831,VMStandardFilterSignature,VMStandardFilterSignature,Gpm.Common.ThirdParty.SharpCompress.Compressors.Rar.VM,gpm_common
2832,PKIMessage,PkiMessage,BestHTTP.SecureProtocol.Org.BouncyCastle.Asn1.Cmp,BestHTTP
2833,ListeningStream,ListeningStream,Gpm.Common.ThirdParty.SharpCompress.IO,gpm_common
2834,BasicGcmExponentiator,BasicGcmExponentiator,BestHTTP.SecureProtocol.Org.BouncyCastle.Crypto.Modes.Gcm,BestHTTP
2835,SepiaTone,SepiaTone,UnityStandardAssets.ImageEffects,Assembly-CSharp-firstpass
2836,LocalizationSettings,LocalizationSettings,UnityEngine.Localization.Settings,Unity.Localization
2837,XElementFormatter,XElementFormatter,UnityEngine.Localization.SmartFormat.Extensions,Unity.Localization
2838,AdminAdventureData,AdminAdventureData,,Assembly-CSharp
2839,TeleTrusTNamedCurves,TeleTrusTNamedCurves,BestHTTP.SecureProtocol.Org.BouncyCastle.Asn1.TeleTrust,BestHTTP
2840,newRaidData,newRaidData,,Assembly-CSharp
2841,TargetInformation,TargetInformation,BestHTTP.SecureProtocol.Org.BouncyCastle.Asn1.X509,BestHTTP
2842,TlsPskKeyExchange,TlsPskKeyExchange,BestHTTP.SecureProtocol.Org.BouncyCastle.Crypto.Tls,BestHTTP
2843,ServerMessages,KeepAliveMessage,BestHTTP.SignalR.Messages,BestHTTP
2844,Blake2bDigest,Blake2bDigest,BestHTTP.SecureProtocol.Org.BouncyCastle.Crypto.Digests,BestHTTP
2845,RidingPetGachaPop,RidingPetGachaPop,,Assembly-CSharp
2846,DeviceVolume,DeviceVolumeProvider,Unity.Services.Analytics.Platform,Unity.Services.Analytics
2847,Buffer,IBuffer,Unity.Services.Analytics.Internal,Unity.Services.Analytics
2848,ServicesInitializationEvents,ServicesInitializationEvents,Unity.Services.Core.Components,Unity.Services.Core.Components
2849,GOST28147Mac,Gost28147Mac,BestHTTP.SecureProtocol.Org.BouncyCastle.Crypto.Macs,BestHTTP
2850,AndroidRoutines,AndroidRoutines,CodeStage.AntiCheat.Utils,ACTk.Runtime
2851,IWriter,IWriter,Gpm.Common.ThirdParty.SharpCompress.Writers,gpm_common
2852,ObscuredString.API,ObscuredString,CodeStage.AntiCheat.ObscuredTypes,ACTk.Runtime
2853,IMetrics,IMetrics,Unity.Services.Core.Telemetry.Internal,Unity.Services.Core.Internal
2854,IAPSettings,IapSettings,UnityEngine.Purchasing,Unity.Purchasing
2855,BoneFollower,BoneFollower,Spine.Unity,spine-unity
2856,Quads,Quads,UnityStandardAssets.ImageEffects,Assembly-CSharp-firstpass
2857,BuildInfo,BuildInfo,,Assembly-CSharp
2858,SerializationUtilities,SerializationUtilities,UnityEngine.AddressableAssets.Utility,Unity.Addressables
2859,RSABlindingEngine,RsaBlindingEngine,BestHTTP.SecureProtocol.Org.BouncyCastle.Crypto.Engines,BestHTTP
2860,RelicCollectionList,RelicCollectionList,,Assembly-CSharp
2861,TiltShift,TiltShift,UnityStandardAssets.ImageEffects,Assembly-CSharp-firstpass
2862,UnityThreadUtilsInternal,UnityThreadUtilsInternal,Unity.Services.Core.Threading.Internal,Unity.Services.Core.Threading
2863,patternSpeachData,patternSpeachData,,Assembly-CSharp
2864,AdminUnitData,AdminUnitData,,Assembly-CSharp
2865,BundledAssetProvider,BundledAssetProvider,UnityEngine.ResourceManagement.ResourceProviders,Unity.ResourceManager
2866,AccessDescription,AccessDescription,BestHTTP.SecureProtocol.Org.BouncyCastle.Asn1.X509,BestHTTP
2867,PBEParameter,PbeParameter,BestHTTP.SecureProtocol.Org.BouncyCastle.Asn1.Pkcs,BestHTTP
2868,HitEffectCtrl,HitEffectCtrl,,Assembly-CSharp
2869,LootBoxController,LootBoxController,,Assembly-CSharp
2870,SdkVersion,SdkVersion,Unity.Services.Analytics,Unity.Services.Analytics
2871,BuildUtilities,BuildUtilities,Spine.Unity,spine-unity
2872,npcSpeach,npcSpeach,,Assembly-CSharp
2873,IGooglePlayStoreFinishTransactionService,IGooglePlayStoreFinishTransactionService,UnityEngine.Purchasing,Unity.Purchasing.Stores
2874,ObscuredCheatingDetector,ObscuredCheatingDetector,CodeStage.AntiCheat.Detectors,ACTk.Runtime
2875,SecP256K1Curve,SecP256K1Curve,BestHTTP.SecureProtocol.Org.BouncyCastle.Math.EC.Custom.Sec,BestHTTP
2876,TSTInfo,TstInfo,BestHTTP.SecureProtocol.Org.BouncyCastle.Asn1.Tsp,BestHTTP
2877,SmokeBoomCtrl,SmokeBoomCtrl,,Assembly-CSharp
2878,AsymmetricKeyParameter,AsymmetricKeyParameter,BestHTTP.SecureProtocol.Org.BouncyCastle.Crypto,BestHTTP
2879,ICertificateVerifyer,ICertificateVerifyer,BestHTTP.SecureProtocol.Org.BouncyCastle.Crypto.Tls,BestHTTP
2880,Logger,CommunicatorLogger,Gpm.Communicator.Internal.Log,gpm_communicator
2881,TrackedMonoBehaviourObject,TrackedMonoBehaviourObject,UnityEngine.Localization.PropertyVariants.TrackedObjects,Unity.Localization
2882,PrfAlgorithm,PrfAlgorithm,BestHTTP.SecureProtocol.Org.BouncyCastle.Crypto.Tls,BestHTTP
2883,ISigner,ISigner,BestHTTP.SecureProtocol.Org.BouncyCastle.Crypto,BestHTTP
2884,PkcsException,PkcsException,BestHTTP.SecureProtocol.Org.BouncyCastle.Pkcs,BestHTTP
2885,SingularDeviceAttributionCallbackHandler,SingularDeviceAttributionCallbackHandler,Singular,SingularSDK
2886,GoogleFetchProductException,GoogleFetchProductException,UnityEngine.Purchasing.Exceptions,Unity.Purchasing
2887,ISetPromotionalPurchaseInterceptorCallbackUseCase,ISetPromotionalPurchaseInterceptorCallbackUseCase,UnityEngine.Purchasing.UseCases.Interfaces,Unity.Purchasing
2888,TimeStampRequest,TimeStampRequest,BestHTTP.SecureProtocol.Org.BouncyCastle.Tsp,BestHTTP
2889,AnimationOutputWeightProcessor,AnimationOutputWeightProcessor,UnityEngine.Timeline,Unity.Timeline
2890,XZBlock,XZBlock,Gpm.Common.ThirdParty.SharpCompress.Compressors.Xz,gpm_common
2891,QuestPop,QuestPop,,Assembly-CSharp
2892,PhoenixCtrl,PhoenixCtrl,,Assembly-CSharp
2893,AdminVillSkinData,AdminVillSkinData,,Assembly-CSharp
2894,RijndaelEngine,RijndaelEngine,BestHTTP.SecureProtocol.Org.BouncyCastle.Crypto.Engines,BestHTTP
2895,IRawAgreement,IRawAgreement,BestHTTP.SecureProtocol.Org.BouncyCastle.Crypto,BestHTTP
2896,BasicOCSPRespGenerator,BasicOcspRespGenerator,BestHTTP.SecureProtocol.Org.BouncyCastle.Ocsp,BestHTTP
2897,FontFeatureCommonGPOS,GlyphAnchorPoint,TMPro,Unity.TextMeshPro
2898,HexTranslator,HexTranslator,BestHTTP.SecureProtocol.Org.BouncyCastle.Utilities.Encoders,BestHTTP
2899,X931Signer,X931Signer,BestHTTP.SecureProtocol.Org.BouncyCastle.Crypto.Signers,BestHTTP
2900,SecT571R1Point,SecT571R1Point,BestHTTP.SecureProtocol.Org.BouncyCastle.Math.EC.Custom.Sec,BestHTTP
2901,traderInfomationData,traderInfomationData,,Assembly-CSharp
2902,FragmentedWindow.unpack50frag_cpp,FragmentedWindow,Gpm.Common.ThirdParty.SharpCompress.Compressors.Rar.UnpackV2017,gpm_common
2903,BitInput,BitInput,Gpm.Common.ThirdParty.SharpCompress.Compressors.Rar.VM,gpm_common
2904,IEntropySourceProvider,IEntropySourceProvider,BestHTTP.SecureProtocol.Org.BouncyCastle.Crypto,BestHTTP
2905,PreserveTags,PreserveTags,UnityEngine.Localization.Pseudo,Unity.Localization
2906,IsMatchFormatter,IsMatchFormatter,UnityEngine.Localization.SmartFormat.Extensions,Unity.Localization
2907,ObscuredBool.Editor,ObscuredBool,CodeStage.AntiCheat.ObscuredTypes,ACTk.Runtime
2908,fallenRanchStage,fallenRanchStage,,Assembly-CSharp
2909,ElGamalParameter,ElGamalParameter,BestHTTP.SecureProtocol.Org.BouncyCastle.Asn1.Oiw,BestHTTP
2910,AndroidSavedGameClient,AndroidSavedGameClient,GooglePlayGames.Android,Google.Play.Games
2911,GcmUtilities,GcmUtilities,BestHTTP.SecureProtocol.Org.BouncyCastle.Crypto.Modes.Gcm,BestHTTP
2912,CBindPair,CBindPair,Gpm.Common.ThirdParty.SharpCompress.Common.SevenZip,gpm_common
2913,CoreRegistry,CoreRegistry,Unity.Services.Core.Internal,Unity.Services.Core.Internal
2914,AuthenticatedSafe,AuthenticatedSafe,BestHTTP.SecureProtocol.Org.BouncyCastle.Asn1.Pkcs,BestHTTP
2915,TMP_UpdateRegistery,TMP_UpdateRegistry,TMPro,Unity.TextMeshPro
2916,DataLengthException,DataLengthException,Gpm.Common.ThirdParty.SharpCompress.Crypto,gpm_common
2917,GearDisplayList,GearDisplayList,,Assembly-CSharp
2918,HorizontalOrVerticalLayoutGroup,HorizontalOrVerticalLayoutGroup,UnityEngine.UI,UnityEngine.UI
2919,SignedData,SignedData,BestHTTP.SecureProtocol.Org.BouncyCastle.Asn1.Cms,BestHTTP
2920,DataPrivacyButton,DataPrivacyButton,UnityEngine.Analytics,Unity.Analytics.DataPrivacy
2921,ConstantUnitData,ConstantUnitData,,Assembly-CSharp
2922,IsoTrailers,IsoTrailers,BestHTTP.SecureProtocol.Org.BouncyCastle.Crypto.Signers,BestHTTP
2923,RarStream,RarStream,Gpm.Common.ThirdParty.SharpCompress.Compressors.Rar,gpm_common
2924,evil,evil,,Assembly-CSharp
2925,Graphic,Graphic,UnityEngine.UI,UnityEngine.UI
2926,StoreManager,StoreManager,UnityEngine.Purchasing,Unity.Purchasing
2927,SingleProductCartValidator,SingleProductCartValidator,UnityEngine.Purchasing,Unity.Purchasing
2928,KEKRecipientInformation,KekRecipientInformation,BestHTTP.SecureProtocol.Org.BouncyCastle.Cms,BestHTTP
2929,MeteorCtrl,MeteorCtrl,,Assembly-CSharp
2930,BuildingDeletePop,BuildingDeletePop,,Assembly-CSharp
2931,Inflate,InflateBlocks,Gpm.Common.ThirdParty.SharpCompress.Compressors.Deflate,gpm_common
2932,Credentials,Credentials,BestHTTP.Authentication,BestHTTP
2933,Attachment,Attachment,Spine,spine-csharp
2934,SpineAtlasAsset,SpineAtlasAsset,Spine.Unity,spine-unity
2935,NafL2RMultiplier,NafL2RMultiplier,BestHTTP.SecureProtocol.Org.BouncyCastle.Math.EC.Multiplier,BestHTTP
2936,RequestList,RequestList,,Assembly-CSharp
2937,ProductDefinition,ProductDefinition,UnityEngine.Purchasing,Unity.Purchasing
2938,SlotData,SlotData,Spine,spine-csharp
2939,HunterSkillPop,HunterSkillPop,,Assembly-CSharp
2940,GameInfo,GameInfo,GooglePlayGames,Google.Play.Games
2941,TlsRsaSigner,TlsRsaSigner,BestHTTP.SecureProtocol.Org.BouncyCastle.Crypto.Tls,BestHTTP
2942,DamageTestClosePop,DamageTestClosePop,,Assembly-CSharp
2943,PlayAssetPackBatchRequestImpl,PlayAssetPackBatchRequestImpl,Google.Play.AssetDelivery.Internal,Google.Play.AssetDelivery
2944,TarFilePart,TarFilePart,Gpm.Common.ThirdParty.SharpCompress.Common.Tar,gpm_common
2945,AppleAppStore,AppleAppStore,UnityEngine.Purchasing,Unity.Purchasing
2946,JsonReaderSettings,JsonReaderSettings,JsonFx.Json,Assembly-CSharp
2947,GrowUpList,GrowUpList,,Assembly-CSharp
2948,ISkeletonAnimation,ISkeletonAnimation,Spine.Unity,spine-unity
2949,CustomSignalEventDrawer,CustomSignalEventDrawer,UnityEngine.Timeline,Unity.Timeline
2950,BasicTlsPskIdentity,BasicTlsPskIdentity,BestHTTP.SecureProtocol.Org.BouncyCastle.Crypto.Tls,BestHTTP
2951,WaitForSpineAnimationComplete,WaitForSpineAnimationComplete,Spine.Unity,spine-unity
2952,DtlsClientProtocol,DtlsClientProtocol,BestHTTP.SecureProtocol.Org.BouncyCastle.Crypto.Tls,BestHTTP
2953,CertTemplate,CertTemplate,BestHTTP.SecureProtocol.Org.BouncyCastle.Asn1.Crmf,BestHTTP
2954,EditorCoroutineObject,EditorCoroutineObject,Gpm.Common.Indicator.Internal,gpm_common
2955,SecT113R1Point,SecT113R1Point,BestHTTP.SecureProtocol.Org.BouncyCastle.Math.EC.Custom.Sec,BestHTTP
2956,SupplementalDataType,SupplementalDataType,BestHTTP.SecureProtocol.Org.BouncyCastle.Crypto.Tls,BestHTTP
2957,UserGearDetailPop,UserGearDetailPop,,Assembly-CSharp
2958,TelemetryDiagnostics,TelemetryDiagnostics,UnityEngine.Purchasing.Telemetry,Unity.Purchasing
2959,HashSP800Drbg,HashSP800Drbg,BestHTTP.SecureProtocol.Org.BouncyCastle.Crypto.Prng.Drbg,BestHTTP
2960,RecipientInfo,RecipientInfo,BestHTTP.SecureProtocol.Org.BouncyCastle.Asn1.Cms,BestHTTP
2961,NoiseAndScratches,NoiseAndScratches,UnityStandardAssets.ImageEffects,Assembly-CSharp-firstpass
2962,Accuracy,Accuracy,BestHTTP.SecureProtocol.Org.BouncyCastle.Asn1.Tsp,BestHTTP
2963,TextMeshOutline,TextMeshOutline,,Assembly-CSharp
2964,CertificateID,CertificateID,BestHTTP.SecureProtocol.Org.BouncyCastle.Ocsp,BestHTTP
2965,LocalizedString.deprecated,LocalizedString,UnityEngine.Localization,Unity.Localization
2966,ThreadedSeedGenerator,ThreadedSeedGenerator,BestHTTP.SecureProtocol.Org.BouncyCastle.Crypto.Prng,BestHTTP
2967,PKIFailureInfo,PkiFailureInfo,BestHTTP.SecureProtocol.Org.BouncyCastle.Asn1.Cmp,BestHTTP
2968,UnityEventWithPositionAndTransform,UnityEventWithPositionAndTransform,BitBenderGames,Assembly-CSharp
2969,ISavedGameMetadata,ISavedGameMetadata,GooglePlayGames.BasicApi.SavedGame,Google.Play.Games
2970,Vortex,Vortex,UnityStandardAssets.ImageEffects,Assembly-CSharp-firstpass
2971,StandardDsaEncoding,StandardDsaEncoding,BestHTTP.SecureProtocol.Org.BouncyCastle.Crypto.Signers,BestHTTP
2972,ACTkByte4,ACTkByte4,CodeStage.AntiCheat.Common,ACTk.Runtime
2973,HC256Engine,HC256Engine,BestHTTP.SecureProtocol.Org.BouncyCastle.Crypto.Engines,BestHTTP
2974,FileInfoRarArchiveVolume,FileInfoRarArchiveVolume,Gpm.Common.ThirdParty.SharpCompress.Archives.Rar,gpm_common
2975,Pkcs7Padding,Pkcs7Padding,BestHTTP.SecureProtocol.Org.BouncyCastle.Crypto.Paddings,BestHTTP
2976,CanMakePaymentsUseCase,CanMakePaymentsUseCase,UnityEngine.Purchasing.UseCases,Unity.Purchasing
2977,StorageGearList,StorageGearList,,Assembly-CSharp
2978,X509V1CertificateGenerator,X509V1CertificateGenerator,BestHTTP.SecureProtocol.Org.BouncyCastle.X509,BestHTTP
2979,IMessagePackSerializationCallbackReceiver,IMessagePackSerializationCallbackReceiver,Gpm.Common.ThirdParty.MessagePack,gpm_common
2980,Decode,Decode,Gpm.Common.ThirdParty.SharpCompress.Compressors.Rar.UnpackV1.Decode,gpm_common
2981,ReviveHunterInfoList,ReviveHunterInfoList,,Assembly-CSharp
2982,GuildBattleBtnCtrl,GuildBattleBtnCtrl,,Assembly-CSharp
2983,Comment,Comment,UnityEngine.Localization.Metadata,Unity.Localization
2984,AdminTradeWagonData,AdminTradeWagonData,,Assembly-CSharp
2985,IStorePurchaseCallback,IStorePurchaseCallback,UnityEngine.Purchasing,Unity.Purchasing
2986,X509NameEntryConverter,X509NameEntryConverter,BestHTTP.SecureProtocol.Org.BouncyCastle.Asn1.X509,BestHTTP
2987,CMSEnvelopedDataGenerator,CmsEnvelopedDataGenerator,BestHTTP.SecureProtocol.Org.BouncyCastle.Cms,BestHTTP
2988,CMSProcessableInputStream,CmsProcessableInputStream,BestHTTP.SecureProtocol.Org.BouncyCastle.Cms,BestHTTP
2989,INativeAppleStore,INativeAppleStore,UnityEngine.Purchasing,Unity.Purchasing
2990,engravingDropData,engravingDropData,,Assembly-CSharp
2991,GeneralSharingiOSBridge,GeneralSharingiOSBridge,,Assembly-CSharp
2992,INativeStoreProvider,INativeStoreProvider,UnityEngine.Purchasing,Unity.Purchasing.Stores
2993,SecP160R2FieldElement,SecP160R2FieldElement,BestHTTP.SecureProtocol.Org.BouncyCastle.Math.EC.Custom.Sec,BestHTTP
2994,TMP_DynamicFontAssetUtilities,TMP_DynamicFontAssetUtilities,TMPro,Unity.TextMeshPro
2995,GearExchangePop,GearExchangePop,,Assembly-CSharp
2996,WanderingTraderPop,WanderingTraderPop,,Assembly-CSharp
2997,PlayGamesUserProfile,PlayGamesUserProfile,GooglePlayGames,Google.Play.Games
2998,TMP_StyleSheet,TMP_StyleSheet,TMPro,Unity.TextMeshPro
2999,MetadataAttribute,MetadataAttribute,UnityEngine.Localization.Metadata,Unity.Localization
3000,ECKeyGenerationParameters,ECKeyGenerationParameters,BestHTTP.SecureProtocol.Org.BouncyCastle.Crypto.Parameters,BestHTTP
3001,ZSignedDigitL2RMultiplier,ZSignedDigitL2RMultiplier,BestHTTP.SecureProtocol.Org.BouncyCastle.Math.EC.Multiplier,BestHTTP
3002,SecP160R1Curve,SecP160R1Curve,BestHTTP.SecureProtocol.Org.BouncyCastle.Math.EC.Custom.Sec,BestHTTP
3003,Challenge,Challenge,BestHTTP.SecureProtocol.Org.BouncyCastle.Asn1.Cmp,BestHTTP
3004,TarReadOnlySubStream,TarReadOnlySubStream,Gpm.Common.ThirdParty.SharpCompress.Common.Tar,gpm_common
3005,EventDescriptor,EventDescriptor,BestHTTP.SocketIO.Events,BestHTTP
3006,ridingPetGear,ridingPetGear,,Assembly-CSharp
3007,MissionCtrl,MissionCtrl,,Assembly-CSharp
3008,ArchiveFactory,ArchiveFactory,Gpm.Common.ThirdParty.SharpCompress.Archives,gpm_common
3009,DonatePop,DonatePop,,Assembly-CSharp
3010,ObjectId,ObjectId,UnityEngine.Timeline,Unity.Timeline
3011,GameEventManager,GameEventManager,,Assembly-CSharp
3012,GooglePurchasesUpdatedListener,GooglePurchasesUpdatedListener,UnityEngine.Purchasing,Unity.Purchasing.Stores
3013,EncryptedValueBuilder,EncryptedValueBuilder,BestHTTP.SecureProtocol.Org.BouncyCastle.Crmf,BestHTTP
3014,SecP224R1Field,SecP224R1Field,BestHTTP.SecureProtocol.Org.BouncyCastle.Math.EC.Custom.Sec,BestHTTP
3015,SetBoundaryFromCollider,SetBoundaryFromCollider,BitBenderGames,Assembly-CSharp
3016,Nat576,Nat576,BestHTTP.SecureProtocol.Org.BouncyCastle.Math.Raw,BestHTTP
3017,Slot,Slot,Spine,spine-csharp
3018,TSPUtil,TspUtil,BestHTTP.SecureProtocol.Org.BouncyCastle.Tsp,BestHTTP
3019,PreloadAssetTableMetadata,PreloadAssetTableMetadata,UnityEngine.Localization.Metadata,Unity.Localization
3020,IEnvironmentId,IEnvironmentId,Unity.Services.Authentication.Internal,Unity.Services.Core.Internal
3021,CloudProjectId,CloudProjectId,Unity.Services.Core.Configuration,Unity.Services.Core.Configuration
3022,IPangleClient,IPangleClient,GoogleMobileAds.Mediation.Pangle.Common,GoogleMobileAds.Mediation.Pangle.Common
3023,GuildApproveList,GuildApproveList,,Assembly-CSharp
3024,WorldBossEvilCtrl,WorldBossEvilCtrl,,Assembly-CSharp
3025,FakeAppStore,FakeAppStore,UnityEngine.Purchasing,Unity.Purchasing
3026,SM2P256V1Curve,SM2P256V1Curve,BestHTTP.SecureProtocol.Org.BouncyCastle.Math.EC.Custom.GM,BestHTTP
3027,slang,slang,,Assembly-CSharp
3028,ZInflaterInputStream,ZInflaterInputStream,BestHTTP.SecureProtocol.Org.BouncyCastle.Utilities.Zlib,BestHTTP
3029,TlsExtensionsUtilities,TlsExtensionsUtilities,BestHTTP.SecureProtocol.Org.BouncyCastle.Crypto.Tls,BestHTTP
3030,AttributeCertificateIssuer,AttributeCertificateIssuer,BestHTTP.SecureProtocol.Org.BouncyCastle.X509,BestHTTP
3031,AdventurePop,AdventurePop,,Assembly-CSharp
3032,Deflate,DeflateManager,BestHTTP.Decompression.Zlib,BestHTTP
3033,PropertyDeletePop,PropertyDeletePop,,Assembly-CSharp
3034,Unpack.unpack15_cpp,Unpack,Gpm.Common.ThirdParty.SharpCompress.Compressors.Rar.UnpackV2017,gpm_common
3035,ConnectionResponse,ConnectionResponse,GooglePlayGames.BasicApi.Nearby,Google.Play.Games
3036,ShopTopMenuCtrl,ShopTopMenuCtrl,,Assembly-CSharp
3037,ISharedMetadata,ISharedMetadata,UnityEngine.Localization.Metadata,Unity.Localization
3038,ReadOnlyStream,ReadOnlyStream,Gpm.Common.ThirdParty.SharpCompress.Compressors.Xz,gpm_common
3039,X25519PublicKeyParameters,X25519PublicKeyParameters,BestHTTP.SecureProtocol.Org.BouncyCastle.Crypto.Parameters,BestHTTP
3040,TlsSrpLoginParameters,TlsSrpLoginParameters,BestHTTP.SecureProtocol.Org.BouncyCastle.Crypto.Tls,BestHTTP
3041,hunterNameWData,hunterNameWData,,Assembly-CSharp
3042,TransactionCurrencyConverter,TransactionCurrencyConverter,Unity.Services.Analytics,Unity.Services.Analytics
3043,DerInteger,DerInteger,BestHTTP.SecureProtocol.Org.BouncyCastle.Asn1,BestHTTP
3044,AbstractTlsContext,AbstractTlsContext,BestHTTP.SecureProtocol.Org.BouncyCastle.Crypto.Tls,BestHTTP
3045,AttachmentLoader,AttachmentLoader,Spine,spine-csharp
3046,ConvertPop,ConvertPop,,Assembly-CSharp
3047,InitializationOperation,InitializationOperation,UnityEngine.Localization.Operations,Unity.Localization
3048,Addressables,Addressables,UnityEngine.AddressableAssets,Unity.Addressables
3049,X509StoreException,X509StoreException,BestHTTP.SecureProtocol.Org.BouncyCastle.X509.Store,BestHTTP
3050,BuildSkinInfoList,BuildSkinInfoList,,Assembly-CSharp
3051,GuildPointRankList,GuildPointRankList,,Assembly-CSharp
3052,CircularDependencyException,CircularDependencyException,Unity.Services.Core.Internal,Unity.Services.Core.Internal
3053,PemObjectGenerator,PemObjectGenerator,BestHTTP.SecureProtocol.Org.BouncyCastle.Utilities.IO.Pem,BestHTTP
3054,TeeInputStream,TeeInputStream,BestHTTP.SecureProtocol.Org.BouncyCastle.Utilities.IO,BestHTTP
3055,OldSpecResolver,OldSpecResolver,Gpm.Common.ThirdParty.MessagePack.Resolvers,gpm_common
3056,AdminDemonSkillData,AdminDemonSkillData,,Assembly-CSharp
3057,ElGamalEngine,ElGamalEngine,BestHTTP.SecureProtocol.Org.BouncyCastle.Crypto.Engines,BestHTTP
3058,LocalizeManager,LocalizeManager,,Assembly-CSharp
3059,PlainDsaEncoding,PlainDsaEncoding,BestHTTP.SecureProtocol.Org.BouncyCastle.Crypto.Signers,BestHTTP
3060,SECNamedCurves,SecNamedCurves,BestHTTP.SecureProtocol.Org.BouncyCastle.Asn1.Sec,BestHTTP
3061,SampleWebView,SampleWebView,,gpm_webview
3062,PKIHeader,PkiHeader,BestHTTP.SecureProtocol.Org.BouncyCastle.Asn1.Cmp,BestHTTP
3063,OutputLengthException,OutputLengthException,BestHTTP.SecureProtocol.Org.BouncyCastle.Crypto,BestHTTP
3064,TimeStampAndCRL,TimeStampAndCrl,BestHTTP.SecureProtocol.Org.BouncyCastle.Asn1.Cms,BestHTTP
3065,gearSetPropertyData,gearSetPropertyData,,Assembly-CSharp
3066,ImproveContinuousPop,ImproveContinuousPop,,Assembly-CSharp
3067,ClientMessage,ClientMessage,BestHTTP.SignalR.Messages,BestHTTP
3068,IAsymmetricCipherKeyPairGenerator,IAsymmetricCipherKeyPairGenerator,BestHTTP.SecureProtocol.Org.BouncyCastle.Crypto,BestHTTP
3069,IPurchasedProductInfo,IPurchasedProductInfo,UnityEngine.Purchasing,Unity.Purchasing
3070,UnityIAPServices,UnityIAPServices,UnityEngine.Purchasing,Unity.Purchasing
3071,CombinedHash,CombinedHash,BestHTTP.SecureProtocol.Org.BouncyCastle.Crypto.Tls,BestHTTP
3072,WorldBossSkillData,WorldBossSkillData,,Assembly-CSharp
3073,SkeinMac,SkeinMac,BestHTTP.SecureProtocol.Org.BouncyCastle.Crypto.Macs,BestHTTP
3074,IconLoadingPop,IconLoadingPop,,Assembly-CSharp
3075,UtcTimeProvider,UtcTimeProvider,Unity.Services.Core.Scheduler.Internal,Unity.Services.Core.Scheduler
3076,EncryptedPrivateKeyInfo,EncryptedPrivateKeyInfo,BestHTTP.SecureProtocol.Org.BouncyCastle.Asn1.Pkcs,BestHTTP
3077,DependencyTreeExtensions,DependencyTreeExtensions,Unity.Services.Core.Internal,Unity.Services.Core.Internal
3078,IosMessageSenderExtern,IosMessageSenderExtern,Gpm.Communicator.Internal.Ios,gpm_communicator
3079,IStoreProductsCallback,IStoreProductsCallback,UnityEngine.Purchasing.Extension,Unity.Purchasing
3080,ConsumCreateList,ConsumCreateList,,Assembly-CSharp
3081,ComposeSelectList,ComposeSelectList,,Assembly-CSharp
3082,PvPEntryChangePop,PvPEntryChangePop,,Assembly-CSharp
3083,PrincipalUtil,PrincipalUtilities,BestHTTP.SecureProtocol.Org.BouncyCastle.X509,BestHTTP
3084,ITextPreProcessor,ITextPreprocessor,TMPro,Unity.TextMeshPro
3085,AdminDemonData,AdminDemonData,,Assembly-CSharp
3086,ITelemetryDiagnosticsInstanceWrapper,ITelemetryDiagnosticsInstanceWrapper,UnityEngine.Purchasing.Telemetry,Unity.Purchasing
3087,KCcmBlockCipher,KCcmBlockCipher,BestHTTP.SecureProtocol.Org.BouncyCastle.Crypto.Modes,BestHTTP
3088,TimeNotificationBehaviour,TimeNotificationBehaviour,UnityEngine.Timeline,Unity.Timeline
3089,IPurchaseServiceFactoryManagerInjectionPoint,IPurchaseServiceFactoryManagerInjectionPoint,UnityEngine.Purchasing,Unity.Purchasing
3090,SignerInfo,SignerInfo,BestHTTP.SecureProtocol.Org.BouncyCastle.Asn1.Cms,BestHTTP
3091,DesParameters,DesParameters,BestHTTP.SecureProtocol.Org.BouncyCastle.Crypto.Parameters,BestHTTP
3092,IWritableArchiveExtensions,IWritableArchiveExtensions,Gpm.Common.ThirdParty.SharpCompress.Archives,gpm_common
3093,PrimitiveObjectFormatter,PrimitiveObjectFormatter,Gpm.Common.ThirdParty.MessagePack.Formatters,gpm_common
3094,DynamicEnumAsStringResolver,DynamicEnumAsStringResolver,Gpm.Common.ThirdParty.MessagePack.Resolvers,gpm_common
3095,PKIMessages,PkiMessages,BestHTTP.SecureProtocol.Org.BouncyCastle.Asn1.Cmp,BestHTTP
3096,DerNumericString,DerNumericString,BestHTTP.SecureProtocol.Org.BouncyCastle.Asn1,BestHTTP
3097,ICAOObjectIdentifiers,IcaoObjectIdentifiers,BestHTTP.SecureProtocol.Org.BouncyCastle.Asn1.Icao,BestHTTP
3098,IX509StoreParameters,IX509StoreParameters,BestHTTP.SecureProtocol.Org.BouncyCastle.X509.Store,BestHTTP
3099,ScreenSpaceAmbientOcclusion,ScreenSpaceAmbientOcclusion,UnityStandardAssets.ImageEffects,Assembly-CSharp-firstpass
3100,RecipientInformation,RecipientInformation,BestHTTP.SecureProtocol.Org.BouncyCastle.Cms,BestHTTP
3101,InAppPuncherFailLogData,InAppPuncherFailLogData,,Assembly-CSharp
3102,SipHash,SipHash,BestHTTP.SecureProtocol.Org.BouncyCastle.Crypto.Macs,BestHTTP
3103,CrlException,CrlException,BestHTTP.SecureProtocol.Org.BouncyCastle.Security.Certificates,BestHTTP
3104,X509CertificateEntry,X509CertificateEntry,BestHTTP.SecureProtocol.Org.BouncyCastle.Pkcs,BestHTTP
3105,GeneralSecurityException,GeneralSecurityException,BestHTTP.SecureProtocol.Org.BouncyCastle.Security,BestHTTP
3106,UnityEngineIdentifier,UnityEngineIdentifier,Unity.Services.Core.Device,Unity.Services.Core.Device
3107,IGoogleCachedQueryProductDetailsService,IGoogleCachedQueryProductDetailsService,UnityEngine.Purchasing,Unity.Purchasing.Stores
3108,ReferenceMultiplier,ReferenceMultiplier,BestHTTP.SecureProtocol.Org.BouncyCastle.Math.EC.Multiplier,BestHTTP
3109,ProtectedPart,ProtectedPart,BestHTTP.SecureProtocol.Org.BouncyCastle.Asn1.Cmp,BestHTTP
3110,GenTimeAccuracy,GenTimeAccuracy,BestHTTP.SecureProtocol.Org.BouncyCastle.Tsp,BestHTTP
3111,innerCastleRewardData,innerCastleRewardData,,Assembly-CSharp
3112,IDsaEncoding,IDsaEncoding,BestHTTP.SecureProtocol.Org.BouncyCastle.Crypto.Signers,BestHTTP
3113,ECPointMap,ECPointMap,BestHTTP.SecureProtocol.Org.BouncyCastle.Math.EC,BestHTTP
3114,AxisEventData,AxisEventData,UnityEngine.EventSystems,UnityEngine.UI
3115,DHKeyParameters,DHKeyParameters,BestHTTP.SecureProtocol.Org.BouncyCastle.Crypto.Parameters,BestHTTP
3116,UserMappingType,UserMappingType,BestHTTP.SecureProtocol.Org.BouncyCastle.Crypto.Tls,BestHTTP
3117,RuneCreateRowList,RuneCreateRowList,,Assembly-CSharp
3118,SM2P256V1Field,SM2P256V1Field,BestHTTP.SecureProtocol.Org.BouncyCastle.Math.EC.Custom.GM,BestHTTP
3119,ObscuredDecimal.API,ObscuredDecimal,CodeStage.AntiCheat.ObscuredTypes,ACTk.Runtime
3120,MeshRendererBuffers,MeshRendererBuffers,Spine.Unity,spine-unity
3121,OpenPgpCfbBlockCipher,OpenPgpCfbBlockCipher,BestHTTP.SecureProtocol.Org.BouncyCastle.Crypto.Modes,BestHTTP
3122,DerOutputStream,DerOutputStream,BestHTTP.SecureProtocol.Org.BouncyCastle.Asn1,BestHTTP
3123,VariablesGroupAsset,VariablesGroupAsset,UnityEngine.Localization.SmartFormat.PersistentVariables,Unity.Localization
3124,X509Attributes,X509Attributes,BestHTTP.SecureProtocol.Org.BouncyCastle.Asn1.X509,BestHTTP
3125,TransactionEventHelper,TransactionEventHelper,UnityEngine.Purchasing,Unity.Purchasing.Stores
3126,SimpleBlockResult,SimpleBlockResult,BestHTTP.SecureProtocol.Org.BouncyCastle.Crypto,BestHTTP
3127,DigitallySigned,DigitallySigned,BestHTTP.SecureProtocol.Org.BouncyCastle.Crypto.Tls,BestHTTP
3128,Achievement,Achievement,GooglePlayGames.BasicApi,Google.Play.Games
3129,Signature,Signature,BestHTTP.SecureProtocol.Org.BouncyCastle.Asn1.Ocsp,BestHTTP
3130,SkeletonUtilityBone,SkeletonUtilityBone,Spine.Unity,spine-unity
3131,ZlibStream,ZlibStream,Gpm.Common.ThirdParty.SharpCompress.Compressors.Deflate,gpm_common
3132,ScheduleRuntimeClip,ScheduleRuntimeClip,UnityEngine.Timeline,Unity.Timeline
3133,StringExtensionMethods,StringExtensionMethods,UnityEngine.Localization,Unity.Localization
3134,RecipientInformationStore,RecipientInformationStore,BestHTTP.SecureProtocol.Org.BouncyCastle.Cms,BestHTTP
3135,ObscuredVector2,ObscuredVector2,CodeStage.AntiCheat.ObscuredTypes,ACTk.Runtime
3136,FormatCache,FormatCache,UnityEngine.Localization.SmartFormat.Core.Formatting,Unity.Localization
3137,Interleave,Interleave,BestHTTP.SecureProtocol.Org.BouncyCastle.Math.Raw,BestHTTP
3138,ProviderOperation,IGenericProviderOperation,UnityEngine.ResourceManagement.AsyncOperations,Unity.ResourceManager
3139,AdminGearSetPropertyData,AdminGearSetPropertyData,,Assembly-CSharp
3140,UpgradePop,UpgradePop,,Assembly-CSharp
3141,RSASSAPSSparams,RsassaPssParameters,BestHTTP.SecureProtocol.Org.BouncyCastle.Asn1.Pkcs,BestHTTP
3142,DataGroupHash,DataGroupHash,BestHTTP.SecureProtocol.Org.BouncyCastle.Asn1.Icao,BestHTTP
3143,HunterRevivePropertyPop,HunterRevivePropertyPop,,Assembly-CSharp
3144,FileInfoRarFilePart,FileInfoRarFilePart,Gpm.Common.ThirdParty.SharpCompress.Archives.Rar,gpm_common
3145,AssetPackStates,AssetPackStates,Google.Play.AssetDelivery.Internal,Google.Play.AssetDelivery
3146,ConstantData,ConstantData,,Assembly-CSharp
3147,Pkcs12Entry,Pkcs12Entry,BestHTTP.SecureProtocol.Org.BouncyCastle.Pkcs,BestHTTP
3148,ZlibBaseStream,ZlibBaseStream,BestHTTP.Decompression.Zlib,BestHTTP
3149,AniSoundUtility,AniSoundUtility,,Assembly-CSharp
3150,IAppleConfiguration,IAppleConfiguration,UnityEngine.Purchasing,Unity.Purchasing
3151,HeartbeatMessage,HeartbeatMessage,BestHTTP.SecureProtocol.Org.BouncyCastle.Crypto.Tls,BestHTTP
3152,personalityData,personalityData,,Assembly-CSharp
3153,slangData,slangData,,Assembly-CSharp
3154,DamageTestMenuPop,DamageTestMenuPop,,Assembly-CSharp
3155,GpmWebViewSafeBrowsing,GpmWebViewSafeBrowsing,Gpm.WebView,gpm_webview
3156,UnityPurchasing,UnityPurchasing,UnityEngine.Purchasing,Unity.Purchasing
3157,ISetStorePromotionOrderUseCase,ISetStorePromotionOrderUseCase,UnityEngine.Purchasing.UseCases.Interfaces,Unity.Purchasing
3158,DamageTestStatusData,DamageTestStatusData,,Assembly-CSharp
3159,IEntropySource,IEntropySource,BestHTTP.SecureProtocol.Org.BouncyCastle.Crypto,BestHTTP
3160,CorePackageRegistry,CorePackageRegistry,Unity.Services.Core.Internal,Unity.Services.Core.Internal
3161,BoneFollowerGraphic,BoneFollowerGraphic,Spine.Unity,spine-unity
3162,LocalizedDatabase,ITableProvider,UnityEngine.Localization.Settings,Unity.Localization
3163,DistributedUIDGenerator,DistributedUIDGenerator,UnityEngine.Localization.Tables,Unity.Localization
3164,FieldBossRewardPop,FieldBossRewardPop,,Assembly-CSharp
3165,UIFakeStore,UIFakeStore,UnityEngine.Purchasing,Unity.Purchasing.Stores
3166,AdminInAppRewardData,AdminInAppRewardData,,Assembly-CSharp
3167,IFetchProductsUseCase,IFetchProductsUseCase,UnityEngine.Purchasing,Unity.Purchasing
3168,TMP_RichTextTagsCommon,CodePoint,TMPro,Unity.TextMeshPro
3169,GpmMultilanguage,GpmMultilanguage,Gpm.Common.Multilanguage,gpm_common
3170,SignalTrack,SignalTrack,UnityEngine.Timeline,Unity.Timeline
3171,IJsonEncoder,IJsonEncoder,BestHTTP.SignalR.JsonEncoders,BestHTTP
3172,Target,Target,BestHTTP.SecureProtocol.Org.BouncyCastle.Asn1.X509,BestHTTP
3173,Ed448PrivateKeyParameters,Ed448PrivateKeyParameters,BestHTTP.SecureProtocol.Org.BouncyCastle.Crypto.Parameters,BestHTTP
3174,ExUserList,ExUserList,,Assembly-CSharp
3175,IRetryPolicy,IRetryPolicy,UnityEngine.Purchasing,Unity.Purchasing
3176,KDFDoublePipelineIterationParameters,KdfDoublePipelineIterationParameters,BestHTTP.SecureProtocol.Org.BouncyCastle.Crypto.Parameters,BestHTTP
3177,KDFFeedbackBytesGenerator,KdfFeedbackBytesGenerator,BestHTTP.SecureProtocol.Org.BouncyCastle.Crypto.Generators,BestHTTP
3178,adventure,adventure,,Assembly-CSharp
3179,IAeadCipher,IAeadCipher,BestHTTP.SecureProtocol.Org.BouncyCastle.Crypto.Modes,BestHTTP
3180,ObscuredQuaternion,ObscuredQuaternion,CodeStage.AntiCheat.ObscuredTypes,ACTk.Runtime
3181,ShopItemDetailPop,ShopItemDetailPop,,Assembly-CSharp
3182,GOST3410NamedParameters,Gost3410NamedParameters,BestHTTP.SecureProtocol.Org.BouncyCastle.Asn1.CryptoPro,BestHTTP
3183,NpcManager,NpcManager,,Assembly-CSharp
3184,AnimationStateData,AnimationStateData,Spine,spine-csharp
3185,ServerSrpParams,ServerSrpParams,BestHTTP.SecureProtocol.Org.BouncyCastle.Crypto.Tls,BestHTTP
3186,AdminConsumData,AdminConsumData,,Assembly-CSharp
3187,BitInput.getbits_hpp,BitInput,Gpm.Common.ThirdParty.SharpCompress.Compressors.Rar.UnpackV2017,gpm_common
3188,ISP80090Drbg,ISP80090Drbg,BestHTTP.SecureProtocol.Org.BouncyCastle.Crypto.Prng.Drbg,BestHTTP
3189,DtlsProtocol,DtlsProtocol,BestHTTP.SecureProtocol.Org.BouncyCastle.Crypto.Tls,BestHTTP
3190,IPropertyPreview,IPropertyPreview,UnityEngine.Timeline,Unity.Timeline
3191,SecP521R1Point,SecP521R1Point,BestHTTP.SecureProtocol.Org.BouncyCastle.Math.EC.Custom.Sec,BestHTTP
3192,ProtocolVersion,ProtocolVersion,BestHTTP.SecureProtocol.Org.BouncyCastle.Crypto.Tls,BestHTTP
3193,ridingPetSkillData,ridingPetSkillData,,Assembly-CSharp
3194,LocalizeTextSetter,LocalizeTextSetter,,Assembly-CSharp
3195,Utilities,Utilities,Singular,SingularSDK
3196,NearbyHelperObject,NearbyHelperObject,GooglePlayGames.OurUtils,Google.Play.Games
3197,GooglePlayGetGooglePurchaseUseCase,GooglePlayGetGooglePurchaseUseCase,UnityEngine.Purchasing,Unity.Purchasing
3198,CodelessIAPStoreListener,CodelessIAPStoreListener,UnityEngine.Purchasing,Unity.Purchasing.Codeless
3199,TlsProtocolHandler,TlsProtocolHandler,BestHTTP.SecureProtocol.Org.BouncyCastle.Crypto.Tls,BestHTTP
3200,RaidSelectMapList,RaidSelectMapList,,Assembly-CSharp
3201,ridingPetGearData,ridingPetGearData,,Assembly-CSharp
3202,CertStatus,CertStatus,BestHTTP.SecureProtocol.Org.BouncyCastle.Asn1.Ocsp,BestHTTP
3203,CookieJar,CookieJar,BestHTTP.Cookies,BestHTTP
3204,IDsaKCalculator,IDsaKCalculator,BestHTTP.SecureProtocol.Org.BouncyCastle.Crypto.Signers,BestHTTP
3205,Restriction,Restriction,BestHTTP.SecureProtocol.Org.BouncyCastle.Asn1.IsisMtt.X509,BestHTTP
3206,TMP_LineInfo,TMP_LineInfo,TMPro,Unity.TextMeshPro
3207,PostEffectsBase,PostEffectsBase,UnityStandardAssets.ImageEffects,Assembly-CSharp-firstpass
3208,ZipWriter,ZipWriter,Gpm.Common.ThirdParty.SharpCompress.Writers.Zip,gpm_common
3209,SecP128R1Point,SecP128R1Point,BestHTTP.SecureProtocol.Org.BouncyCastle.Math.EC.Custom.Sec,BestHTTP
3210,BackgroundCtrl,BackgroundCtrl,,Assembly-CSharp
3211,SecT131R1Point,SecT131R1Point,BestHTTP.SecureProtocol.Org.BouncyCastle.Math.EC.Custom.Sec,BestHTTP
3212,ObscuredString,ObscuredString,CodeStage.AntiCheat.ObscuredTypes,ACTk.Runtime
3213,CompressionMethod,CompressionMethod,BestHTTP.SecureProtocol.Org.BouncyCastle.Crypto.Tls,BestHTTP
3214,BufferedIesCipher,BufferedIesCipher,BestHTTP.SecureProtocol.Org.BouncyCastle.Crypto,BestHTTP
3215,Open,Open,,Assembly-CSharp
3216,Dstu7624Engine,Dstu7624Engine,BestHTTP.SecureProtocol.Org.BouncyCastle.Crypto.Engines,BestHTTP
3217,CamelliaWrapEngine,CamelliaWrapEngine,BestHTTP.SecureProtocol.Org.BouncyCastle.Crypto.Engines,BestHTTP
3218,StoreException,StoreException,UnityEngine.Purchasing,Unity.Purchasing
3219,RsaPrivateCrtKeyParameters,RsaPrivateCrtKeyParameters,BestHTTP.SecureProtocol.Org.BouncyCastle.Crypto.Parameters,BestHTTP
3220,gearNeck,gearNeck,,Assembly-CSharp
3221,DHBasicKeyPairGenerator,DHBasicKeyPairGenerator,BestHTTP.SecureProtocol.Org.BouncyCastle.Crypto.Generators,BestHTTP
3222,DrbgUtilities,DrbgUtilities,BestHTTP.SecureProtocol.Org.BouncyCastle.Crypto.Prng.Drbg,BestHTTP
3223,IFiniteField,IFiniteField,BestHTTP.SecureProtocol.Org.BouncyCastle.Math.Field,BestHTTP
3224,RFC3739QCObjectIdentifiers,Rfc3739QCObjectIdentifiers,BestHTTP.SecureProtocol.Org.BouncyCastle.Asn1.X509.Qualified,BestHTTP
3225,adventureNpc,adventureNpc,,Assembly-CSharp
3226,MoleRewardList,MoleRewardList,,Assembly-CSharp
3227,ServiceLocator,ServiceLocator,BestHTTP.SecureProtocol.Org.BouncyCastle.Asn1.Ocsp,BestHTTP
3228,RevivePropertyStudyPop,RevivePropertyStudyPop,,Assembly-CSharp
3229,ObscuredVector3Int.Editor,ObscuredVector3Int,CodeStage.AntiCheat.ObscuredTypes,ACTk.Runtime
3230,PKIStatusInfo,PkiStatusInfo,BestHTTP.SecureProtocol.Org.BouncyCastle.Asn1.Cmp,BestHTTP
3231,InAppIndicator,InAppIndicator,Gpm.Common.Indicator.Internal,gpm_common
3232,HTTP2Response,HTTP2Response,BestHTTP.Connections.HTTP2,BestHTTP
3233,ServerSentEventsTransport,ServerSentEventsTransport,BestHTTP.SignalR.Transports,BestHTTP
3234,InternalStore,InternalStore,Purchasing.Extension,Unity.Purchasing
3235,Nat384,Nat384,BestHTTP.SecureProtocol.Org.BouncyCastle.Math.Raw,BestHTTP
3236,HashExceptions,HashException,Unity.Services.Core.Internal,Unity.Services.Core.Internal
3237,NotificationUtilities,NotificationUtilities,UnityEngine.Timeline,Unity.Timeline
3238,AbstractECMultiplier,AbstractECMultiplier,BestHTTP.SecureProtocol.Org.BouncyCastle.Math.EC.Multiplier,BestHTTP
3239,worldBossSkill,worldBossSkill,,Assembly-CSharp
3240,AssetPackState,AssetPackState,Google.Play.AssetDelivery.Internal,Google.Play.AssetDelivery
3241,engravingDrop,engravingDrop,,Assembly-CSharp
3242,ExtractionMethods,ExtractionMethods,Gpm.Common.ThirdParty.SharpCompress.Common,gpm_common
3243,AndroidNotificationExtensions,AndroidNotificationExtensions,Unity.Notifications.Android,Unity.Notifications.Android
3244,ConversionValuesParams,ConversionValuesParams,Singular,SingularSDK
3245,JsonProtocol,JsonProtocol,BestHTTP.SignalRCore,BestHTTP
3246,WorldBossAreaSkillCtrl,WorldBossAreaSkillCtrl,,Assembly-CSharp
3247,CertificateValues,CertificateValues,BestHTTP.SecureProtocol.Org.BouncyCastle.Asn1.Esf,BestHTTP
3248,SetPropertyUtility,SetPropertyUtility,UnityEngine.UI,UnityEngine.UI
3249,ProductDetailsConverter,ProductDetailsConverter,UnityEngine.Purchasing.Utils,Unity.Purchasing.Stores
3250,VirtualAssetBundleRuntimeData,VirtualAssetBundleRuntimeData,UnityEngine.ResourceManagement.ResourceProviders.Simulation,Unity.ResourceManager
3251,Persistence,IPersistence,Unity.Services.Analytics.Internal,Unity.Services.Analytics
3252,ReaderProgress,ReaderProgress,Gpm.Common.ThirdParty.SharpCompress.Readers,gpm_common
3253,GearSkillPop,GearSkillPop,,Assembly-CSharp
3254,TlsException,TlsException,BestHTTP.SecureProtocol.Org.BouncyCastle.Crypto.Tls,BestHTTP
3255,ISO9797Alg3Mac,ISO9797Alg3Mac,BestHTTP.SecureProtocol.Org.BouncyCastle.Crypto.Macs,BestHTTP
3256,PKIBody,PkiBody,BestHTTP.SecureProtocol.Org.BouncyCastle.Asn1.Cmp,BestHTTP
3257,BetCtrl,BetCtrl,,Assembly-CSharp
3258,CouponPop,CouponPop,,Assembly-CSharp
3259,XZFooter,XZFooter,Gpm.Common.ThirdParty.SharpCompress.Compressors.Xz,gpm_common
3260,Exceptions,ResourceManagerException,UnityEngine.ResourceManagement.Exceptions,Unity.ResourceManager
3261,ObscuredShort.Editor,ObscuredShort,CodeStage.AntiCheat.ObscuredTypes,ACTk.Runtime
3262,ObscuredULong,ObscuredULong,CodeStage.AntiCheat.ObscuredTypes,ACTk.Runtime
3263,achieve,achieve,,Assembly-CSharp
3264,PvPEntryPop,PvPEntryPop,,Assembly-CSharp
3265,UIToolkitInteroperabilityBridge,UIToolkitInteroperabilityBridge,UnityEngine.UIElements,UnityEngine.UI
3266,TarWriter,TarWriter,Gpm.Common.ThirdParty.SharpCompress.Writers.Tar,gpm_common
3267,GpmWebViewCustomSchemeCommand,GpmWebViewCustomSchemeCommand,Gpm.WebView,gpm_webview
3268,GZipArchiveEntry,GZipArchiveEntry,Gpm.Common.ThirdParty.SharpCompress.Archives.GZip,gpm_common
3269,UnityEventWithTransform,UnityEventWithTransform,BitBenderGames,Assembly-CSharp
3270,IAndroidJavaStore,IAndroidJavaStore,UnityEngine.Purchasing,Unity.Purchasing
3271,AuthorityKeyIdentifierStructure,AuthorityKeyIdentifierStructure,BestHTTP.SecureProtocol.Org.BouncyCastle.X509.Extension,BestHTTP
3272,TimeStampTokenInfo,TimeStampTokenInfo,BestHTTP.SecureProtocol.Org.BouncyCastle.Tsp,BestHTTP
3273,SmartExtensions,SmartExtensions,UnityEngine.Localization.SmartFormat,Unity.Localization
3274,AdminMapData2,AdminMapData2,,Assembly-CSharp
3275,PBES2Parameters,PbeS2Parameters,BestHTTP.SecureProtocol.Org.BouncyCastle.Asn1.Pkcs,BestHTTP
3276,HTTPRequest,HTTPRequest,BestHTTP,BestHTTP
3277,GlobalVariables.deprecated,IVariableGroup,UnityEngine.Localization.SmartFormat.GlobalVariables,Unity.Localization
3278,VoidResult,VoidResult,Google.Play.Common,Google.Play.Common
3279,IRetryService,IRetryService,UnityEngine.Purchasing,Unity.Purchasing
3280,SubSkillList,SubSkillList,,Assembly-CSharp
3281,PEMUtilities,PemUtilities,BestHTTP.SecureProtocol.Org.BouncyCastle.OpenSsl,BestHTTP
3282,SecP224R1Curve,SecP224R1Curve,BestHTTP.SecureProtocol.Org.BouncyCastle.Math.EC.Custom.Sec,BestHTTP
3283,AssetDeliveryUpdateHandler,AssetDeliveryUpdateHandler,Google.Play.AssetDelivery.Internal,Google.Play.AssetDelivery
3284,IOnEntitlementRevokedUseCase,IOnEntitlementRevokedUseCase,UnityEngine.Purchasing,Unity.Purchasing
3285,UnsupportedDataTypeException,UnsupportedDataTypeException,CodeStage.AntiCheat.Storage,ACTk.Runtime
3286,BundleDetails,BundleDetails,UnityEngine.Build.Pipeline,Unity.ScriptableBuildPipeline
3287,SessionParameters,SessionParameters,BestHTTP.SecureProtocol.Org.BouncyCastle.Crypto.Tls,BestHTTP
3288,AdminBuildData,AdminBuildData,,Assembly-CSharp
3289,Asn1Exception,Asn1Exception,BestHTTP.SecureProtocol.Org.BouncyCastle.Asn1,BestHTTP
3290,RidingPetTraitLevelUpPop,RidingPetTraitLevelUpPop,,Assembly-CSharp
3291,AdminCombinedInfomationData,AdminCombinedInfomationData,,Assembly-CSharp
3292,ZlibCodec,ZlibCodec,BestHTTP.Decompression.Zlib,BestHTTP
3293,TimeFormatter,TimeFormatter,UnityEngine.Localization.SmartFormat.Extensions,Unity.Localization
3294,StandardEventServiceComponent,StandardEventServiceComponent,Unity.Services.Analytics.Internal,Unity.Services.Analytics
3295,LocalizedStringProperty,LocalizedStringProperty,UnityEngine.Localization.PropertyVariants.TrackedProperties,Unity.Localization
3296,ColoRewardPop,ColoRewardPop,,Assembly-CSharp
3297,AdminFallenRanchRewardData,AdminFallenRanchRewardData,,Assembly-CSharp
3298,LDSVersionInfo,LdsVersionInfo,BestHTTP.SecureProtocol.Org.BouncyCastle.Asn1.Icao,BestHTTP
3299,DefaultStoreHelper,DefaultStoreHelper,UnityEngine.Purchasing,Unity.Purchasing
3300,MoleRewardRowList,MoleRewardRowList,,Assembly-CSharp
3301,X509CrlEntry,X509CrlEntry,BestHTTP.SecureProtocol.Org.BouncyCastle.X509,BestHTTP
3302,LocalizeAniSetter,LocalizeAniSetter,,Assembly-CSharp
3303,FormattingErrorEventArgs,FormattingErrorEventArgs,UnityEngine.Localization.SmartFormat,Unity.Localization
3304,RsaEngine,RsaEngine,BestHTTP.SecureProtocol.Org.BouncyCastle.Crypto.Engines,BestHTTP
3305,IPseudoLocalizationMethod,IPseudoLocalizationMethod,UnityEngine.Localization.Pseudo,Unity.Localization
3306,DHValidationParameters,DHValidationParameters,BestHTTP.SecureProtocol.Org.BouncyCastle.Crypto.Parameters,BestHTTP
3307,IPurchaseServiceExtension,IPurchaseServiceExtension,UnityEngine.Purchasing,Unity.Purchasing
3308,PublicKeyFactory,PublicKeyFactory,BestHTTP.SecureProtocol.Org.BouncyCastle.Security,BestHTTP
3309,DigestInfo,DigestInfo,BestHTTP.SecureProtocol.Org.BouncyCastle.Asn1.X509,BestHTTP
3310,TimeData,TimeData,,Assembly-CSharp
3311,AsyncOperationExtensions,AsyncOperationExtensions,Unity.Services.Core.Internal,Unity.Services.Core.Internal
3312,IExternalUserId,IExternalUserId,Unity.Services.Core.Configuration.Internal,Unity.Services.Core.Internal
3313,AuthenticatedData,AuthenticatedData,BestHTTP.SecureProtocol.Org.BouncyCastle.Asn1.Cms,BestHTTP
3314,EncryptionSettings,EncryptionSettings,CodeStage.AntiCheat.Storage,ACTk.Runtime
3315,DepthOfField,DepthOfField,UnityStandardAssets.ImageEffects,Assembly-CSharp-firstpass
3316,ProductDefinitionExtensions,ProductDefinitionExtensions,UnityEngine.Purchasing,Unity.Purchasing
3317,IStorePurchaseConfirmCallback,IStorePurchaseConfirmCallback,UnityEngine.Purchasing,Unity.Purchasing
3318,MultiByteIntegers,MultiByteIntegers,Gpm.Common.ThirdParty.SharpCompress.Compressors.Xz,gpm_common
3319,AdventureNpcData,AdventureNpcData,,Assembly-CSharp
3320,Request,Request,BestHTTP.SecureProtocol.Org.BouncyCastle.Asn1.Ocsp,BestHTTP
3321,HunterWaitSelectPop,HunterWaitSelectPop,,Assembly-CSharp
3322,MathUtils,MathUtils,Spine,spine-csharp
3323,ASN1Generator,Asn1Generator,BestHTTP.SecureProtocol.Org.BouncyCastle.Asn1,BestHTTP
3324,Twirl,Twirl,UnityStandardAssets.ImageEffects,Assembly-CSharp-firstpass
3325,PkixParameters,PkixParameters,BestHTTP.SecureProtocol.Org.BouncyCastle.Pkix,BestHTTP
3326,X509Extension,X509Extension,BestHTTP.SecureProtocol.Org.BouncyCastle.Asn1.X509,BestHTTP
3327,PickableSelectedData,PickableSelectedData,BitBenderGames,Assembly-CSharp
3328,RegTokenControl,RegTokenControl,BestHTTP.SecureProtocol.Org.BouncyCastle.Crmf,BestHTTP
3329,HTTPFieldData,HTTPFieldData,BestHTTP.Forms,BestHTTP
3330,DirectorControlPlayable,DirectorControlPlayable,UnityEngine.Timeline,Unity.Timeline
3331,IRestoreTransactionsUseCase,IRestoreTransactionsUseCase,UnityEngine.Purchasing.Interfaces,Unity.Purchasing
3332,InfoTypeAndValue,InfoTypeAndValue,BestHTTP.SecureProtocol.Org.BouncyCastle.Asn1.Cmp,BestHTTP
3333,LocalizationBehaviour,LocalizationBehaviour,UnityEngine.Localization,Unity.Localization
3334,HunterDetailGupList,HunterDetailGupList,,Assembly-CSharp
3335,CryptoProObjectIdentifiers,CryptoProObjectIdentifiers,BestHTTP.SecureProtocol.Org.BouncyCastle.Asn1.CryptoPro,BestHTTP
3336,Metrics,Metrics,Unity.Services.Core.Telemetry.Internal,Unity.Services.Core.Telemetry
3337,IetfAttrSyntax,IetfAttrSyntax,BestHTTP.SecureProtocol.Org.BouncyCastle.Asn1.X509,BestHTTP
3338,GZipStream,GZipStream,BestHTTP.Decompression.Zlib,BestHTTP
3339,DimensionalSpriteArray,DimensionalSpriteArray,,Assembly-CSharp
3340,JPakeUtilities,JPakeUtilities,BestHTTP.SecureProtocol.Org.BouncyCastle.Crypto.Agreement.JPake,BestHTTP
3341,HostDefinition,HostDefinition,BestHTTP.Core,BestHTTP
3342,IArchive,IArchive,Gpm.Common.ThirdParty.SharpCompress.Archives,gpm_common
3343,DarknessPrinceLevList,DarknessPrinceLevList,,Assembly-CSharp
3344,ZipEntry,ZipEntry,Gpm.Common.ThirdParty.SharpCompress.Common.Zip,gpm_common
3345,ProtectHeader,ProtectHeader,Gpm.Common.ThirdParty.SharpCompress.Common.Rar.Headers,gpm_common
3346,Error,Error,BestHTTP.SocketIO,BestHTTP
3347,UserConsumDetailPop,UserConsumDetailPop,,Assembly-CSharp
3348,DHParameters,DHParameters,BestHTTP.SecureProtocol.Org.BouncyCastle.Crypto.Parameters,BestHTTP
3349,RSAPublicKeyStructure,RsaPublicKeyStructure,BestHTTP.SecureProtocol.Org.BouncyCastle.Asn1.X509,BestHTTP
3350,DtlsServerProtocol,DtlsServerProtocol,BestHTTP.SecureProtocol.Org.BouncyCastle.Crypto.Tls,BestHTTP
3351,NaccacheSternPrivateKeyParameters,NaccacheSternPrivateKeyParameters,BestHTTP.SecureProtocol.Org.BouncyCastle.Crypto.Parameters,BestHTTP
3352,ConvertCubeList,ConvertCubeList,,Assembly-CSharp
3353,RSABlindingFactorGenerator,RsaBlindingFactorGenerator,BestHTTP.SecureProtocol.Org.BouncyCastle.Crypto.Generators,BestHTTP
3354,IObscuredFileSettings,IObscuredFileSettings,CodeStage.AntiCheat.Storage,ACTk.Runtime
3355,DefaultControls,DefaultControls,UnityEngine.UI,UnityEngine.UI
3356,RipeMD256Digest,RipeMD256Digest,BestHTTP.SecureProtocol.Org.BouncyCastle.Crypto.Digests,BestHTTP
3357,IRsa,IRsa,BestHTTP.SecureProtocol.Org.BouncyCastle.Crypto,BestHTTP
3358,CanvasUpdateRegistry,CanvasUpdateRegistry,UnityEngine.UI,UnityEngine.UI
3359,TimelineAsset,TimelineAsset,UnityEngine.Timeline,Unity.Timeline
3360,CertRepMessage,CertRepMessage,BestHTTP.SecureProtocol.Org.BouncyCastle.Asn1.Cmp,BestHTTP
3361,DataPrivacy,DataPrivacy,UnityEngine.Analytics,Unity.Analytics.DataPrivacy
3362,ObscuredULong.API,ObscuredULong,CodeStage.AntiCheat.ObscuredTypes,ACTk.Runtime
3363,ScaleYPointMap,ScaleYPointMap,BestHTTP.SecureProtocol.Org.BouncyCastle.Math.EC,BestHTTP
3364,CertID,CertID,BestHTTP.SecureProtocol.Org.BouncyCastle.Asn1.Ocsp,BestHTTP
3365,MD4Digest,MD4Digest,BestHTTP.SecureProtocol.Org.BouncyCastle.Crypto.Digests,BestHTTP
3366,adventureNpcAbility,adventureNpcAbility,,Assembly-CSharp
3367,SP800SecureRandomBuilder,SP800SecureRandomBuilder,BestHTTP.SecureProtocol.Org.BouncyCastle.Crypto.Prng,BestHTTP
3368,OriginatorInformation,OriginatorInformation,BestHTTP.SecureProtocol.Org.BouncyCastle.Cms,BestHTTP
3369,ManualScripts,ManualScripts,,Assembly-CSharp
3370,RevRepContentBuilder,RevRepContentBuilder,BestHTTP.SecureProtocol.Org.BouncyCastle.Asn1.Cmp,BestHTTP
3371,MetaData,MetaData,BestHTTP.SecureProtocol.Org.BouncyCastle.Asn1.Cms,BestHTTP
3372,TimeUtils,TimeUtils,CodeStage.AntiCheat.Utils,ACTk.Runtime
3373,WNafPreCompInfo,WNafPreCompInfo,BestHTTP.SecureProtocol.Org.BouncyCastle.Math.EC.Multiplier,BestHTTP
3374,TrackedLocalizeStringEvent,TrackedLocalizeStringEvent,UnityEngine.Localization.PropertyVariants.TrackedObjects,Unity.Localization
3375,X509Name,X509Name,BestHTTP.SecureProtocol.Org.BouncyCastle.Asn1.X509,BestHTTP
3376,ObscuredPrefs.Routines,ObscuredPrefs,CodeStage.AntiCheat.Storage,ACTk.Runtime
3377,TouchInputController,TouchInputController,BitBenderGames,Assembly-CSharp
3378,LzOutWindow,OutWindow,Gpm.Common.ThirdParty.SharpCompress.Compressors.LZMA.LZ,gpm_common
3379,MiscPemGenerator,MiscPemGenerator,BestHTTP.SecureProtocol.Org.BouncyCastle.OpenSsl,BestHTTP
3380,LuxuryBuyPop,LuxuryBuyPop,,Assembly-CSharp
3381,ParametersWithID,ParametersWithID,BestHTTP.SecureProtocol.Org.BouncyCastle.Crypto.Parameters,BestHTTP
3382,ECGOST3410Signer,ECGost3410Signer,BestHTTP.SecureProtocol.Org.BouncyCastle.Crypto.Signers,BestHTTP
3383,RewardItemList,RewardItemList,,Assembly-CSharp
3384,ITransport,ITransport,BestHTTP.SocketIO.Transports,BestHTTP
3385,OcspResponsesID,OcspResponsesID,BestHTTP.SecureProtocol.Org.BouncyCastle.Asn1.Esf,BestHTTP
3386,SkeletonBinary,SkeletonBinary,Spine,spine-csharp
3387,IGcmMultiplier,IGcmMultiplier,BestHTTP.SecureProtocol.Org.BouncyCastle.Crypto.Modes.Gcm,BestHTTP
3388,ProductServiceDependencyInjector,ProductServiceDependencyInjector,UnityEngine.Purchasing,Unity.Purchasing
3389,GoogleAuthrisationHelper,GoogleAuthrisationHelper,GoogleSheetsToUnity,Assembly-CSharp
3390,RarFilePart,RarFilePart,Gpm.Common.ThirdParty.SharpCompress.Common.Rar,gpm_common
3391,RandomDsaKCalculator,RandomDsaKCalculator,BestHTTP.SecureProtocol.Org.BouncyCastle.Crypto.Signers,BestHTTP
3392,IGooglePurchaseCallback,IGooglePurchaseCallback,UnityEngine.Purchasing.Interfaces,Unity.Purchasing.Stores
3393,PlayGamesPlatform,PlayGamesPlatform,GooglePlayGames,Google.Play.Games
3394,X509ExtensionUtil,X509ExtensionUtilities,BestHTTP.SecureProtocol.Org.BouncyCastle.X509.Extension,BestHTTP
3395,RarReaderVolume,RarReaderVolume,Gpm.Common.ThirdParty.SharpCompress.Readers.Rar,gpm_common
3396,NegotiationData,NegotiationData,BestHTTP.SignalR,BestHTTP
3397,AdminGearData,AdminGearData,,Assembly-CSharp
3398,ExternalUserId,ExternalUserId,Unity.Services.Core.Configuration,Unity.Services.Core.Configuration
3399,JsonMapper,JsonMapper,Gpm.Common.ThirdParty.LitJson,gpm_common
3400,SheepShipCtrl,SheepShipCtrl,,Assembly-CSharp
3401,IconInfo,AdaptiveIcon,UnityEngine.Localization.Platform.Android,Unity.Localization
3402,ObscuredVector3.API,ObscuredVector3,CodeStage.AntiCheat.ObscuredTypes,ACTk.Runtime
3403,collectset,collectset,,Assembly-CSharp
3404,AbstractTlsClient,AbstractTlsClient,BestHTTP.SecureProtocol.Org.BouncyCastle.Crypto.Tls,BestHTTP
3405,AreaEffectCtrl,AreaEffectCtrl,,Assembly-CSharp
3406,GenericSigner,GenericSigner,BestHTTP.SecureProtocol.Org.BouncyCastle.Crypto.Signers,BestHTTP
3407,Pkcs8EncryptedPrivateKeyInfoBuilder,Pkcs8EncryptedPrivateKeyInfoBuilder,BestHTTP.SecureProtocol.Org.BouncyCastle.Pkcs,BestHTTP
3408,IesWithCipherParameters,IesWithCipherParameters,BestHTTP.SecureProtocol.Org.BouncyCastle.Crypto.Parameters,BestHTTP
3409,AdminLimitBreakData,AdminLimitBreakData,,Assembly-CSharp
3410,Tnaf,Tnaf,BestHTTP.SecureProtocol.Org.BouncyCastle.Math.EC.Abc,BestHTTP
3411,DarknessPrinceRewardList,DarknessPrinceRewardList,,Assembly-CSharp
3412,TimelineHelpURLAttribute,TimelineHelpURLAttribute,UnityEngine.Timeline,Unity.Timeline
3413,AsyncOperationAwaiter,AsyncOperationAwaiter,Unity.Services.Core.Internal,Unity.Services.Core.Internal
3414,InstallationId,InstallationId,Unity.Services.Core.Device,Unity.Services.Core.Device
3415,SingularAdData,SingularAdData,Singular,SingularSDK
3416,ComposeCubeRowList,ComposeCubeRowList,,Assembly-CSharp
3417,MonoBehaviourCallbackHooks,MonoBehaviourCallbackHooks,,Unity.ResourceManager
3418,AsyncOperationHandle,AsyncOperationHandle,UnityEngine.ResourceManagement.AsyncOperations,Unity.ResourceManager
3419,PlayAssetPackDownloadInfoImpl,PlayAssetPackDownloadInfoImpl,Google.Play.AssetDelivery.Internal,Google.Play.AssetDelivery
3420,PurchaseServiceProvider,PurchaseServiceProvider,UnityEngine.Purchasing,Unity.Purchasing
3421,SecT283R1Curve,SecT283R1Curve,BestHTTP.SecureProtocol.Org.BouncyCastle.Math.EC.Custom.Sec,BestHTTP
3422,CertificateList,CertificateList,BestHTTP.SecureProtocol.Org.BouncyCastle.Asn1.X509,BestHTTP
3423,AdminRidingPetGearOptionData,AdminRidingPetGearOptionData,,Assembly-CSharp
3424,TransactionFailedEvent,TransactionFailedEvent,Unity.Services.Analytics,Unity.Services.Analytics
3425,AndroidConstants,AndroidConstants,Google.Play.Common.Internal,Google.Play.Common
3426,AdminGearPropertyData,AdminGearPropertyData,,Assembly-CSharp
3427,CMSSignedData,CmsSignedData,BestHTTP.SecureProtocol.Org.BouncyCastle.Cms,BestHTTP
3428,HunterGrowUpPop,HunterGrowUpPop,,Assembly-CSharp
3429,UnityAds,UnityAds,GoogleMobileAds.Mediation.UnityAds.Api,GoogleMobileAds.Mediation.UnityAds.Api
3430,ObscuredUShort,ObscuredUShort,CodeStage.AntiCheat.ObscuredTypes,ACTk.Runtime
3431,VertexHelper,VertexHelper,UnityEngine.UI,UnityEngine.UI
3432,HostConnection,HostConnection,BestHTTP.Core,BestHTTP
3433,TlsAuthentication,TlsAuthentication,BestHTTP.SecureProtocol.Org.BouncyCastle.Crypto.Tls,BestHTTP
3434,PhysicsRaycaster,PhysicsRaycaster,UnityEngine.EventSystems,UnityEngine.UI
3435,IPreCompCallback,IPreCompCallback,BestHTTP.SecureProtocol.Org.BouncyCastle.Math.EC.Multiplier,BestHTTP
3436,Ed25519Signer,Ed25519Signer,BestHTTP.SecureProtocol.Org.BouncyCastle.Crypto.Signers,BestHTTP
3437,GearGrowPop,GearGrowPop,,Assembly-CSharp
3438,ObscuredInt.Editor,ObscuredInt,CodeStage.AntiCheat.ObscuredTypes,ACTk.Runtime
3439,ExHunterList,ExHunterList,,Assembly-CSharp
3440,IProductDetailsConverter,IProductDetailsConverter,UnityEngine.Purchasing.Interfaces,Unity.Purchasing.Stores
3441,IEncryptedValuePadder,IEncryptedValuePadder,BestHTTP.SecureProtocol.Org.BouncyCastle.Crmf,BestHTTP
3442,hunterNameW,hunterNameW,,Assembly-CSharp
3443,AdminAdventureNpcData,AdminAdventureNpcData,,Assembly-CSharp
3444,DefaultWebView,DefaultWebView,Gpm.WebView.Internal,gpm_webview
3445,Lzma2Filter,Lzma2Filter,Gpm.Common.ThirdParty.SharpCompress.Compressors.Xz.Filters,gpm_common
3446,BinaryUtils,BinaryUtils,Gpm.Common.ThirdParty.SharpCompress.Compressors.Xz,gpm_common
3447,SevenZipFilePart,SevenZipFilePart,Gpm.Common.ThirdParty.SharpCompress.Common.SevenZip,gpm_common
3448,BerSequence,BerSequence,BestHTTP.SecureProtocol.Org.BouncyCastle.Asn1,BestHTTP
3449,GuildBattleEntryPop,GuildBattleEntryPop,,Assembly-CSharp
3450,TimeStampTokenEvidence,TimeStampTokenEvidence,BestHTTP.SecureProtocol.Org.BouncyCastle.Asn1.Cms,BestHTTP
3451,CompressedDataParser,CompressedDataParser,BestHTTP.SecureProtocol.Org.BouncyCastle.Asn1.Cms,BestHTTP
3452,RectangularVertexClipper,RectangularVertexClipper,UnityEngine.UI,UnityEngine.UI
3453,NaccacheSternKeyParameters,NaccacheSternKeyParameters,BestHTTP.SecureProtocol.Org.BouncyCastle.Crypto.Parameters,BestHTTP
3454,gearPropertyData,gearPropertyData,,Assembly-CSharp
3455,SecT283Field,SecT283Field,BestHTTP.SecureProtocol.Org.BouncyCastle.Math.EC.Custom.Sec,BestHTTP
3456,X509CollectionStore,X509CollectionStore,BestHTTP.SecureProtocol.Org.BouncyCastle.X509.Store,BestHTTP
3457,AesEngine,AesEngine,BestHTTP.SecureProtocol.Org.BouncyCastle.Crypto.Engines,BestHTTP
3458,IObscuredType,IObscuredType,CodeStage.AntiCheat.ObscuredTypes,ACTk.Runtime
3459,BsiObjectIdentifiers,BsiObjectIdentifiers,BestHTTP.SecureProtocol.Org.BouncyCastle.Asn1.Bsi,BestHTTP
3460,LongArray,LongArray,BestHTTP.SecureProtocol.Org.BouncyCastle.Math.EC,BestHTTP
3461,StorageEtcRowList,StorageEtcRowList,,Assembly-CSharp
3462,Ed448,Ed448,BestHTTP.SecureProtocol.Org.BouncyCastle.Math.EC.Rfc8032,BestHTTP
3463,OnEntitlementRevokedUseCase,OnEntitlementRevokedUseCase,UnityEngine.Purchasing,Unity.Purchasing
3464,X25519KeyPairGenerator,X25519KeyPairGenerator,BestHTTP.SecureProtocol.Org.BouncyCastle.Crypto.Generators,BestHTTP
3465,SM2KeyExchange,SM2KeyExchange,BestHTTP.SecureProtocol.Org.BouncyCastle.Crypto.Agreement,BestHTTP
3466,PreserveDependencyAttribute,PreserveDependencyAttribute,System.Runtime.CompilerServices,Unity.Services.Core
3467,IntroNotiPop,IntroNotiPop,,Assembly-CSharp
3468,AnimationTriggers,AnimationTriggers,UnityEngine.UI,UnityEngine.UI
3469,Nat224,Nat224,BestHTTP.SecureProtocol.Org.BouncyCastle.Math.Raw,BestHTTP
3470,PkiArchiveControl,PkiArchiveControl,BestHTTP.SecureProtocol.Org.BouncyCastle.Crmf,BestHTTP
3471,CRLReason,CrlReason,BestHTTP.SecureProtocol.Org.BouncyCastle.Asn1.X509,BestHTTP
3472,SrpTlsClient,SrpTlsClient,BestHTTP.SecureProtocol.Org.BouncyCastle.Crypto.Tls,BestHTTP
3473,IAsyncOperationAwaiter,IAsyncOperationAwaiter,Unity.Services.Core.Internal,Unity.Services.Core.Internal
3474,DHKeyPairGenerator,DHKeyPairGenerator,BestHTTP.SecureProtocol.Org.BouncyCastle.Crypto.Generators,BestHTTP
3475,CertificateRequest,CertificateRequest,BestHTTP.SecureProtocol.Org.BouncyCastle.Crypto.Tls,BestHTTP
3476,DpsRankList,DpsRankList,,Assembly-CSharp
3477,HTTPConnection,HTTPConnection,BestHTTP.Connections,BestHTTP
3478,PrefData,PrefData,,Assembly-CSharp
3479,IGoogleFinishTransactionUseCase,IGoogleFinishTransactionUseCase,UnityEngine.Purchasing.Interfaces,Unity.Purchasing.Stores
3480,UpgradeGearList,UpgradeGearList,,Assembly-CSharp
3481,ObscuredTypesNewtonsoftConverter,ObscuredTypesNewtonsoftConverter,CodeStage.AntiCheat.ObscuredTypes.Converters,ACTk.Runtime
3482,RidingPetDetailPop,RidingPetDetailPop,,Assembly-CSharp
3483,RSAPrivateKeyStructure,RsaPrivateKeyStructure,BestHTTP.SecureProtocol.Org.BouncyCastle.Asn1.Pkcs,BestHTTP
3484,GearConvertCubeRowList,GearConvertCubeRowList,,Assembly-CSharp
3485,StoreManagerFactoryInjector,StoreManagerFactoryInjector,UnityEngine.Purchasing,Unity.Purchasing.Stores
3486,CipherSuite,CipherSuite,BestHTTP.SecureProtocol.Org.BouncyCastle.Crypto.Tls,BestHTTP
3487,CMSAuthenticatedDataStreamGenerator,CmsAuthenticatedDataStreamGenerator,BestHTTP.SecureProtocol.Org.BouncyCastle.Cms,BestHTTP
3488,AdminEngravingDropData,AdminEngravingDropData,,Assembly-CSharp
3489,CoreServicesEnvironmentSubject,CoreServicesEnvironmentSubject,UnityEngine.Purchasing,Unity.Purchasing
3490,AdminCostumeData,AdminCostumeData,,Assembly-CSharp
3491,V2TBSCertListGenerator,V2TbsCertListGenerator,BestHTTP.SecureProtocol.Org.BouncyCastle.Asn1.X509,BestHTTP
3492,StoreServiceContainer,StoreServiceContainer,UnityEngine.Purchasing,Unity.Purchasing
3493,Iso4217CurrencyCode,Iso4217CurrencyCode,BestHTTP.SecureProtocol.Org.BouncyCastle.Asn1.X509.Qualified,BestHTTP
3494,MonoBehaviorUtil,MonoBehaviourUtil,Purchasing.Utilities,Unity.Purchasing.Utilities
3495,RiftRankPop,RiftRankPop,,Assembly-CSharp
3496,ConnectionRequest,ConnectionRequest,GooglePlayGames.BasicApi.Nearby,Google.Play.Games
3497,CfbBlockCipher,CfbBlockCipher,BestHTTP.SecureProtocol.Org.BouncyCastle.Crypto.Modes,BestHTTP
3498,EnvelopedDataHelper,EnvelopedDataHelper,BestHTTP.SecureProtocol.Org.BouncyCastle.Cms,BestHTTP
3499,NoRetriesPolicy,NoRetriesPolicy,UnityEngine.Purchasing,Unity.Purchasing
3500,AnalyticsClient,AnalyticsClient,UnityEngine.Purchasing,Unity.Purchasing.Stores
3501,IPAddress,IPAddress,BestHTTP.SecureProtocol.Org.BouncyCastle.Utilities.Net,BestHTTP
3502,StorageMetList,StorageMetList,,Assembly-CSharp
3503,PrivateKeyFactory,PrivateKeyFactory,BestHTTP.SecureProtocol.Org.BouncyCastle.Security,BestHTTP
3504,ECFieldElement,ECFieldElement,BestHTTP.SecureProtocol.Org.BouncyCastle.Math.EC,BestHTTP
3505,InvateHunterPop,InvateHunterPop,,Assembly-CSharp
3506,SCrypt,SCrypt,BestHTTP.SecureProtocol.Org.BouncyCastle.Crypto.Generators,BestHTTP
3507,IBufferedCipher,IBufferedCipher,BestHTTP.SecureProtocol.Org.BouncyCastle.Crypto,BestHTTP
3508,StoreServiceDependencyInjector,StoreServiceDependencyInjector,UnityEngine.Purchasing,Unity.Purchasing
3509,HunterInfoList,HunterInfoList,,Assembly-CSharp
3510,ResourceManagerConfig,ResourceManagerConfig,UnityEngine.ResourceManagement.Util,Unity.ResourceManager
3511,TMP_TextProcessingCommon,CharacterElement,TMPro,Unity.TextMeshPro
3512,TlsDssSigner,TlsDssSigner,BestHTTP.SecureProtocol.Org.BouncyCastle.Crypto.Tls,BestHTTP
3513,Nat320,Nat320,BestHTTP.SecureProtocol.Org.BouncyCastle.Math.Raw,BestHTTP
3514,IAnalyticsService,IAnalyticsService,Unity.Services.Analytics,Unity.Services.Analytics
3515,IStatusData,IStatusData,,Assembly-CSharp
3516,IStoreConfiguration,IStoreConfiguration,UnityEngine.Purchasing.Extension,Unity.Purchasing
3517,SRP6Client,Srp6Client,BestHTTP.SecureProtocol.Org.BouncyCastle.Crypto.Agreement.Srp,BestHTTP
3518,RequestedCertificate,RequestedCertificate,BestHTTP.SecureProtocol.Org.BouncyCastle.Asn1.IsisMtt.Ocsp,BestHTTP
3519,UnityAdsClient,UnityAdsClient,GoogleMobileAds.Mediation.UnityAds.Android,GoogleMobileAds.Mediation.UnityAds.Android
3520,DsaDigestSigner,DsaDigestSigner,BestHTTP.SecureProtocol.Org.BouncyCastle.Crypto.Signers,BestHTTP
3521,ListExtension,ListExtension,UnityEngine.Purchasing,Unity.Purchasing
3522,CallbackMessageForUnity,CallbackMessageForUnity,Universal.UniversalSDK,Assembly-CSharp
3523,PastureRidingPetCtrl,PastureRidingPetCtrl,,Assembly-CSharp
3524,ReflectionSource,ReflectionSource,UnityEngine.Localization.SmartFormat.Extensions,Unity.Localization
3525,X509ExtensionBase,X509ExtensionBase,BestHTTP.SecureProtocol.Org.BouncyCastle.X509,BestHTTP
3526,PetManager,PetManager,,Assembly-CSharp
3527,SOCKSProxy,SOCKSProxy,BestHTTP,BestHTTP
3528,Holder,Holder,BestHTTP.SecureProtocol.Org.BouncyCastle.Asn1.X509,BestHTTP
3529,AssetReferenceUtilities,AssetReferenceUtilities,UnityEngine.AddressableAssets.Utility,Unity.Addressables
3530,RequestCharacterList,RequestCharacterList,,Assembly-CSharp
3531,Asn1OutputStream,Asn1OutputStream,BestHTTP.SecureProtocol.Org.BouncyCastle.Asn1,BestHTTP
3532,StoreServiceProvider,StoreServiceProvider,UnityEngine.Purchasing,Unity.Purchasing
3533,xxHash,xxHash,CodeStage.AntiCheat.Utils,ACTk.Runtime
3534,TlsPskIdentity,TlsPskIdentity,BestHTTP.SecureProtocol.Org.BouncyCastle.Crypto.Tls,BestHTTP
3535,UserAchieveData,UserAchieveData,,Assembly-CSharp
3536,WriterFactory,WriterFactory,Gpm.Common.ThirdParty.SharpCompress.Writers,gpm_common
3537,TMP_SelectionCaret,TMP_SelectionCaret,TMPro,Unity.TextMeshPro
3538,RevReqContent,RevReqContent,BestHTTP.SecureProtocol.Org.BouncyCastle.Asn1.Cmp,BestHTTP
3539,DelayedActionManager,DelayedActionManager,UnityEngine.ResourceManagement.Util,Unity.ResourceManager
3540,ObscuredULong.Editor,ObscuredULong,CodeStage.AntiCheat.ObscuredTypes,ACTk.Runtime
3541,GooglePlayCartValidator,GooglePlayCartValidator,UnityEngine.Purchasing,Unity.Purchasing
3542,riftNpc,riftNpc,,Assembly-CSharp
3543,CMSSecureReadable,CmsSecureReadable,BestHTTP.SecureProtocol.Org.BouncyCastle.Cms,BestHTTP
3544,FieldNpcManager,FieldNpcManager,,Assembly-CSharp
3545,PurchaseFailureDescription,PurchaseFailureDescription,UnityEngine.Purchasing,Unity.Purchasing
3546,LaunchExternalLinkResponseListener,LaunchExternalLinkResponseListener,UnityEngine.Purchasing,Unity.Purchasing.Stores
3547,IChannelTokenProvider,IChannelTokenProvider,Unity.Services.Wire.Internal,Unity.Services.Core.Internal
3548,CustomConverter,CustomConverter,,Assembly-CSharp
3549,BerTaggedObject,BerTaggedObject,BestHTTP.SecureProtocol.Org.BouncyCastle.Asn1,BestHTTP
3550,INearbyConnectionClient,INearbyConnectionClient,GooglePlayGames.BasicApi.Nearby,Google.Play.Games
3551,LayoutGroup,LayoutGroup,UnityEngine.UI,UnityEngine.UI
3552,SoundManager,SoundManager,,Assembly-CSharp
3553,jobTrait,jobTrait,,Assembly-CSharp
3554,PointerInputModule,PointerInputModule,UnityEngine.EventSystems,UnityEngine.UI
3555,SkillData,SkillData,,Assembly-CSharp
3556,HTTP2Stream,HTTP2Stream,BestHTTP.Connections.HTTP2,BestHTTP
3557,OtherInfo,OtherInfo,BestHTTP.SecureProtocol.Org.BouncyCastle.Asn1.X9,BestHTTP
3558,GZipStream,GZipStream,Gpm.Common.ThirdParty.SharpCompress.Compressors.Deflate,gpm_common
3559,FiltersProducer,FiltersProducer,CodeStage.AntiCheat.Genuine.CodeHash,ACTk.Runtime
3560,TupleExtensions,TupleExtensions,UnityEngine.Localization.SmartFormat.Utilities,Unity.Localization
3561,ASN1OctetStringParser,Asn1OctetStringParser,BestHTTP.SecureProtocol.Org.BouncyCastle.Asn1,BestHTTP
3562,CryptoApiRandomGenerator,CryptoApiRandomGenerator,BestHTTP.SecureProtocol.Org.BouncyCastle.Crypto.Prng,BestHTTP
3563,AdminWorldBossSkillData,AdminWorldBossSkillData,,Assembly-CSharp
3564,PurchaseServiceContainer,PurchaseServiceContainer,UnityEngine.Purchasing,Unity.Purchasing
3565,GpmCommunicatorVO,GpmCommunicatorVO,Gpm.Communicator,gpm_communicator
3566,GpmPathUtil,GpmPathUtil,Gpm.Common.Util,gpm_common
3567,luxuryShopContentsData,luxuryShopContentsData,,Assembly-CSharp
3568,FetchProductsUseCase,FetchProductsUseCase,UnityEngine.Purchasing,Unity.Purchasing
3569,PbmParameter,PbmParameter,BestHTTP.SecureProtocol.Org.BouncyCastle.Asn1.Cmp,BestHTTP
3570,IRetryRequest,IRetryRequest,UnityEngine.Purchasing,Unity.Purchasing
3571,SubjectPublicKeyInfoFactory,SubjectPublicKeyInfoFactory,BestHTTP.SecureProtocol.Org.BouncyCastle.X509,BestHTTP
3572,CryptoException,CryptoException,BestHTTP.SecureProtocol.Org.BouncyCastle.Crypto,BestHTTP
3573,DamageTestRankUploadPop,DamageTestRankUploadPop,,Assembly-CSharp
3574,Time,Time,BestHTTP.SecureProtocol.Org.BouncyCastle.Asn1.Cms,BestHTTP
3575,UpgradeRifitResultPop,UpgradeRifitResultPop,,Assembly-CSharp
3576,TlsPskIdentityManager,TlsPskIdentityManager,BestHTTP.SecureProtocol.Org.BouncyCastle.Crypto.Tls,BestHTTP
3577,TlsAeadCipher,TlsAeadCipher,BestHTTP.SecureProtocol.Org.BouncyCastle.Crypto.Tls,BestHTTP
3578,DefaultAccessTokenAuthenticator,DefaultAccessTokenAuthenticator,BestHTTP.SignalRCore.Authentication,BestHTTP
3579,Nat512,Nat512,BestHTTP.SecureProtocol.Org.BouncyCastle.Math.Raw,BestHTTP
3580,TarHeaderFactory,TarHeaderFactory,Gpm.Common.ThirdParty.SharpCompress.Common.Tar,gpm_common
3581,PurchasingFactory,PurchasingFactory,UnityEngine.Purchasing,Unity.Purchasing
3582,DefaultSignatureCalculator,DefaultSignatureCalculator,BestHTTP.SecureProtocol.Org.BouncyCastle.Crypto.Operators,BestHTTP
3583,IBasicAgreement,IBasicAgreement,BestHTTP.SecureProtocol.Org.BouncyCastle.Crypto,BestHTTP
3584,ParticleEffectCtrl,ParticleEffectCtrl,,Assembly-CSharp
3585,PurchasesFetchFailureDescription,PurchasesFetchFailureDescription,UnityEngine.Purchasing,Unity.Purchasing
3586,Logger,Logger,GooglePlayGames.OurUtils,Google.Play.Games
3587,GlvTypeAEndomorphism,GlvTypeAEndomorphism,BestHTTP.SecureProtocol.Org.BouncyCastle.Math.EC.Endo,BestHTTP
3588,SpineAttributes,SpineAttributeBase,Spine.Unity,spine-unity
3589,BufferPoolMemoryStream,BufferPoolMemoryStream,BestHTTP.Extensions,BestHTTP
3590,IPurchaseServiceFactoryManager,IPurchaseServiceFactoryManager,UnityEngine.Purchasing,Unity.Purchasing
3591,SpineSpriteAtlasAsset,SpineSpriteAtlasAsset,Spine.Unity,spine-unity
3592,AppInfo,AppInfo,UnityEngine.Localization.Platform.iOS,Unity.Localization
3593,GooglePlayCheckEntitlementUseCase,GooglePlayCheckEntitlementUseCase,UnityEngine.Purchasing,Unity.Purchasing.Stores
3594,CompressedData,CompressedData,BestHTTP.SecureProtocol.Org.BouncyCastle.Asn1.Cms,BestHTTP
3595,ExchangeSelectPop,ExchangeSelectPop,,Assembly-CSharp
3596,relicInfoData,relicInfoData,,Assembly-CSharp
3597,Event,Event,GooglePlayGames.BasicApi.Events,Google.Play.Games
3598,CertOrEncCert,CertOrEncCert,BestHTTP.SecureProtocol.Org.BouncyCastle.Asn1.Cmp,BestHTTP
3599,OrderInfo,OrderInfo,UnityEngine.Purchasing,Unity.Purchasing
3600,CameraManager,CameraManager,BitBenderGames,Assembly-CSharp
3601,SystemTime,SystemTime,UnityEngine.Localization.SmartFormat.Net.Utilities,Unity.Localization
3602,TelemetryMetricsService,TelemetryMetricsService,UnityEngine.Purchasing.Telemetry,Unity.Purchasing
3603,IMask,IMask,UnityEngine.UI,UnityEngine.UI
3604,IQosResults,IQosResults,Unity.Services.Qos.Internal,Unity.Services.Core.Internal
3605,MobileTouchCamera,MobileTouchCamera,BitBenderGames,Assembly-CSharp
3606,BinarySerializer,BinarySerializer,CodeStage.AntiCheat.Storage,ACTk.Runtime
3607,ProductServiceContainer,ProductServiceContainer,UnityEngine.Purchasing,Unity.Purchasing
3608,IArchiveExtractionListener,IArchiveExtractionListener,Gpm.Common.ThirdParty.SharpCompress.Archives,gpm_common
3609,X448,X448,BestHTTP.SecureProtocol.Org.BouncyCastle.Math.EC.Rfc7748,BestHTTP
3610,ContainerHolder,ContainerHolder,CodeStage.AntiCheat.Common,ACTk.Runtime
3611,CertificateParsingException,CertificateParsingException,BestHTTP.SecureProtocol.Org.BouncyCastle.Security.Certificates,BestHTTP
3612,TMP_PackageResourceImporter,TMP_PackageResourceImporter,TMPro,Unity.TextMeshPro
3613,CrmfException,CrmfException,BestHTTP.SecureProtocol.Org.BouncyCastle.Crmf,BestHTTP
3614,SecT409K1Curve,SecT409K1Curve,BestHTTP.SecureProtocol.Org.BouncyCastle.Math.EC.Custom.Sec,BestHTTP
3615,NotificationsPermissionRequest,NotificationsPermissionRequest,Unity.Notifications,Unity.Notifications.Unified
3616,ObscuredSByte.API,ObscuredSByte,CodeStage.AntiCheat.ObscuredTypes,ACTk.Runtime
3617,PackedPlayModeBuildLogs,PackedPlayModeBuildLogs,,Unity.Addressables
3618,GuildMemberList,GuildMemberList,,Assembly-CSharp
3619,CoinCtrl,CoinCtrl,,Assembly-CSharp
3620,GoogleBillingResult,GoogleBillingResult,UnityEngine.Purchasing.Models,Unity.Purchasing.Stores
3621,Shadow,Shadow,UnityEngine.UI,UnityEngine.UI
3622,ElementalCtrl,ElementalCtrl,,Assembly-CSharp
3623,GZipEntry,GZipEntry,Gpm.Common.ThirdParty.SharpCompress.Common.GZip,gpm_common
3624,AnimatorBindingCache,AnimatorBindingCache,UnityEngine.Timeline,Unity.Timeline
3625,SecT131R1Curve,SecT131R1Curve,BestHTTP.SecureProtocol.Org.BouncyCastle.Math.EC.Custom.Sec,BestHTTP
3626,BlendModeMaterials,BlendModeMaterials,Spine.Unity,spine-unity
3627,KeyTransRecipientInfo,KeyTransRecipientInfo,BestHTTP.SecureProtocol.Org.BouncyCastle.Asn1.Cms,BestHTTP
3628,BerOctetString,BerOctetString,BestHTTP.SecureProtocol.Org.BouncyCastle.Asn1,BestHTTP
3629,IAppleOrderInfo,IAppleOrderInfo,UnityEngine.Purchasing,Unity.Purchasing
3630,SkeletonRendererInstruction,SkeletonRendererInstruction,Spine.Unity,spine-unity
3631,AdminShopData,AdminShopData,,Assembly-CSharp
3632,DEROctetStringParser,DerOctetStringParser,BestHTTP.SecureProtocol.Org.BouncyCastle.Asn1,BestHTTP
3633,LoginResult,LoginResult,Universal.UniversalSDK,Assembly-CSharp
3634,BuildCtrl,BuildCtrl,,Assembly-CSharp
3635,EventTrigger,EventTrigger,UnityEngine.EventSystems,UnityEngine.UI
3636,ArchiveException,ArchiveException,Gpm.Common.ThirdParty.SharpCompress.Common,gpm_common
3637,HashUtility,HashUtility,UnityEngine.Timeline,Unity.Timeline
3638,costumeBoxOneData,costumeBoxOneData,,Assembly-CSharp
3639,SpeedHackDetector,SpeedHackDetector,CodeStage.AntiCheat.Detectors,ACTk.Runtime
3640,MetricsFactory,MetricsFactory,Unity.Services.Core.Telemetry.Internal,Unity.Services.Core.Telemetry
3641,AssetPackStateUpdateListener,AssetPackStateUpdateListener,Google.Play.AssetDelivery.Internal,Google.Play.AssetDelivery
3642,BillingProgramReportingDetails,BillingProgramReportingDetails,UnityEngine.Purchasing.GoogleBilling.Models,Unity.Purchasing.Stores
3643,IHasTextureRegion,IHasTextureRegion,Spine,spine-csharp
3644,Tables8kGcmMultiplier,Tables8kGcmMultiplier,BestHTTP.SecureProtocol.Org.BouncyCastle.Crypto.Modes.Gcm,BestHTTP
3645,GroupTrack,GroupTrack,UnityEngine.Timeline,Unity.Timeline
3646,ObscuredFileError,ObscuredFileError,CodeStage.AntiCheat.Storage,ACTk.Runtime
3647,Asn1Dump,Asn1Dump,BestHTTP.SecureProtocol.Org.BouncyCastle.Asn1.Utilities,BestHTTP
3648,RsaKeyPairGenerator,RsaKeyPairGenerator,BestHTTP.SecureProtocol.Org.BouncyCastle.Crypto.Generators,BestHTTP
3649,TCPConnector,TCPConnector,BestHTTP.Connections,BestHTTP
3650,WallHackDetector,WallHackDetector,CodeStage.AntiCheat.Detectors,ACTk.Runtime
3651,UnifiedReceiptFormatter,UnifiedReceiptFormatter,UnityEngine.Purchasing,Unity.Purchasing
3652,IResourceProvider,IResourceProvider,UnityEngine.ResourceManagement.ResourceProviders,Unity.ResourceManager
3653,DependencyInjectionService,DependencyInjectionService,UnityEngine.Purchasing,Unity.Purchasing
3654,LocalizeAudioClipEvent,LocalizeAudioClipEvent,UnityEngine.Localization.Components,Unity.Localization
3655,InputField,InputField,UnityEngine.UI,UnityEngine.UI
3656,GetIntroductoryPriceDictionaryUseCase,GetIntroductoryPriceDictionaryUseCase,UnityEngine.Purchasing.UseCases,Unity.Purchasing
3657,SecP192R1FieldElement,SecP192R1FieldElement,BestHTTP.SecureProtocol.Org.BouncyCastle.Math.EC.Custom.Sec,BestHTTP
3658,AppInstallationSourceValidator,AppInstallationSourceValidator,CodeStage.AntiCheat.Genuine.Android,ACTk.Runtime
3659,runesData,runesData,,Assembly-CSharp
3660,UserNotice,UserNotice,BestHTTP.SecureProtocol.Org.BouncyCastle.Asn1.X509,BestHTTP
3661,FailedOrder,FailedOrder,UnityEngine.Purchasing,Unity.Purchasing
3662,JPakeRound2Payload,JPakeRound2Payload,BestHTTP.SecureProtocol.Org.BouncyCastle.Crypto.Agreement.JPake,BestHTTP
3663,ridingPetData,ridingPetData,,Assembly-CSharp
3664,SingularSDK,SingularSDK,Singular,SingularSDK
3665,DERSetGenerator,DerSetGenerator,BestHTTP.SecureProtocol.Org.BouncyCastle.Asn1,BestHTTP
3666,OpenBsdBCrypt,OpenBsdBCrypt,BestHTTP.SecureProtocol.Org.BouncyCastle.Crypto.Generators,BestHTTP
3667,ActivationControlPlayable,ActivationControlPlayable,UnityEngine.Timeline,Unity.Timeline
3668,MetricizedJsonStore,MetricizedJsonStore,UnityEngine.Purchasing,Unity.Purchasing.Stores
3669,darknessPrinceData,darknessPrinceData,,Assembly-CSharp
3670,AnimationTrack,AnimationTrack,UnityEngine.Timeline,Unity.Timeline
3671,MobilePickingController,MobilePickingController,BitBenderGames,Assembly-CSharp
3672,IMacDerivationFunction,IMacDerivationFunction,BestHTTP.SecureProtocol.Org.BouncyCastle.Crypto,BestHTTP
3673,SkeletonAnimation,SkeletonAnimation,Spine.Unity,spine-unity
3674,ridingPetGearBox,ridingPetGearBox,,Assembly-CSharp
3675,SecT233K1Point,SecT233K1Point,BestHTTP.SecureProtocol.Org.BouncyCastle.Math.EC.Custom.Sec,BestHTTP
3676,UnityPlayerHelper,UnityPlayerHelper,Google.Play.Common,Google.Play.Common
3677,Deflate,Deflate,BestHTTP.SecureProtocol.Org.BouncyCastle.Utilities.Zlib,BestHTTP
3678,HTTPCacheService,HTTPCacheService,BestHTTP.Caching,BestHTTP
3679,GearGrowResultPop,GearGrowResultPop,,Assembly-CSharp
3680,X509DefaultEntryConverter,X509DefaultEntryConverter,BestHTTP.SecureProtocol.Org.BouncyCastle.Asn1.X509,BestHTTP
3681,ProductDetailsQueryResponse,ProductDetailsQueryResponse,UnityEngine.Purchasing,Unity.Purchasing.Stores
3682,ZTree,ZTree,BestHTTP.SecureProtocol.Org.BouncyCastle.Utilities.Zlib,BestHTTP
3683,SecT193R2Curve,SecT193R2Curve,BestHTTP.SecureProtocol.Org.BouncyCastle.Math.EC.Custom.Sec,BestHTTP
3684,IAuthenticationProvider,IAuthenticationProvider,BestHTTP.SignalRCore,BestHTTP
3685,IVivox,IVivox,Unity.Services.Vivox.Internal,Unity.Services.Core.Internal
3686,AuthResponse,AuthResponse,GooglePlayGames.BasicApi,Google.Play.Games
3687,FreqData,FreqData,Gpm.Common.ThirdParty.SharpCompress.Compressors.PPMd.H,gpm_common
3688,PkixPolicyNode,PkixPolicyNode,BestHTTP.SecureProtocol.Org.BouncyCastle.Pkix,BestHTTP
3689,BearCtrl,BearCtrl,,Assembly-CSharp
3690,RarArchiveEntry,RarArchiveEntry,Gpm.Common.ThirdParty.SharpCompress.Archives.Rar,gpm_common
3691,SecP160R2Curve,SecP160R2Curve,BestHTTP.SecureProtocol.Org.BouncyCastle.Math.EC.Custom.Sec,BestHTTP
3692,AdminRelicInfoData,AdminRelicInfoData,,Assembly-CSharp
3693,SharedTableCollectionMetadata,SharedTableCollectionMetadata,UnityEngine.Localization.Metadata,Unity.Localization
3694,TrackExtensions,TrackAssetExtensions,UnityEngine.Timeline,Unity.Timeline
3695,PollingTransport,PollingTransport,BestHTTP.SocketIO.Transports,BestHTTP
3696,hunterData,hunterData,,Assembly-CSharp
3697,IncompleteArchiveException,IncompleteArchiveException,Gpm.Common.ThirdParty.SharpCompress.Common,gpm_common
3698,SecT239FieldElement,SecT239FieldElement,BestHTTP.SecureProtocol.Org.BouncyCastle.Math.EC.Custom.Sec,BestHTTP
3699,ZInputStream,ZInputStream,BestHTTP.SecureProtocol.Org.BouncyCastle.Utilities.Zlib,BestHTTP
3700,DirectoryString,DirectoryString,BestHTTP.SecureProtocol.Org.BouncyCastle.Asn1.X500,BestHTTP
3701,CrlAnnContent,CrlAnnContent,BestHTTP.SecureProtocol.Org.BouncyCastle.Asn1.Cmp,BestHTTP
3702,ContentCatalogData,ContentCatalogData,UnityEngine.AddressableAssets.ResourceLocators,Unity.Addressables
3703,Pkcs10CertificationRequest,Pkcs10CertificationRequest,BestHTTP.SecureProtocol.Org.BouncyCastle.Pkcs,BestHTTP
3704,Attribute,AttributePkcs,BestHTTP.SecureProtocol.Org.BouncyCastle.Asn1.Pkcs,BestHTTP
3705,SecP160R1Field,SecP160R1Field,BestHTTP.SecureProtocol.Org.BouncyCastle.Math.EC.Custom.Sec,BestHTTP
3706,DependencyInjectionException,DependencyInjectionException,UnityEngine.Purchasing,Unity.Purchasing
3707,WorldBossDetailDamagePop,WorldBossDetailDamagePop,,Assembly-CSharp
3708,GOST3410PublicKeyAlgParameters,Gost3410PublicKeyAlgParameters,BestHTTP.SecureProtocol.Org.BouncyCastle.Asn1.CryptoPro,BestHTTP
3709,Ed448phSigner,Ed448phSigner,BestHTTP.SecureProtocol.Org.BouncyCastle.Crypto.Signers,BestHTTP
3710,AndroidJavaConverter,AndroidJavaConverter,GooglePlayGames.Android,Google.Play.Games
3711,IDrbgProvider,IDrbgProvider,BestHTTP.SecureProtocol.Org.BouncyCastle.Crypto.Prng,BestHTTP
3712,TelemetryMetricDefinitions,TelemetryMetricDefinitions,UnityEngine.Purchasing.Telemetry,Unity.Purchasing
3713,revivePropertyData,revivePropertyData,,Assembly-CSharp
3714,SimulatedTlsSrpIdentityManager,SimulatedTlsSrpIdentityManager,BestHTTP.SecureProtocol.Org.BouncyCastle.Crypto.Tls,BestHTTP
3715,DsaPrivateKeyParameters,DsaPrivateKeyParameters,BestHTTP.SecureProtocol.Org.BouncyCastle.Crypto.Parameters,BestHTTP
3716,DHParametersHelper,DHParametersHelper,BestHTTP.SecureProtocol.Org.BouncyCastle.Crypto.Generators,BestHTTP
3717,LockedPackageRegistry,LockedPackageRegistry,Unity.Services.Core.Internal,Unity.Services.Core.Internal
3718,BEROctetStringGenerator,BerOctetStringGenerator,BestHTTP.SecureProtocol.Org.BouncyCastle.Asn1,BestHTTP
3719,ContentInfoParser,ContentInfoParser,BestHTTP.SecureProtocol.Org.BouncyCastle.Asn1.Cms,BestHTTP
3720,IProductServiceFactory,IProductServiceFactory,UnityEngine.Purchasing,Unity.Purchasing
3721,IDebugTools,IServiceDebug,Unity.Services.Analytics.Internal,Unity.Services.Analytics
3722,GuildTeamSelectHunterList,GuildTeamSelectHunterList,,Assembly-CSharp
3723,SecP192K1FieldElement,SecP192K1FieldElement,BestHTTP.SecureProtocol.Org.BouncyCastle.Math.EC.Custom.Sec,BestHTTP
3724,PKMacValue,PKMacValue,BestHTTP.SecureProtocol.Org.BouncyCastle.Asn1.Crmf,BestHTTP
3725,ShopItemList,ShopItemList,,Assembly-CSharp
3726,ECAlgorithms,ECAlgorithms,BestHTTP.SecureProtocol.Org.BouncyCastle.Math.EC,BestHTTP
3727,TlsSrpUtilities,TlsSrpUtilities,BestHTTP.SecureProtocol.Org.BouncyCastle.Crypto.Tls,BestHTTP
3728,NameOrPseudonym,NameOrPseudonym,BestHTTP.SecureProtocol.Org.BouncyCastle.Asn1.X509.SigI,BestHTTP
3729,Skeleton,Skeleton,Spine,spine-csharp
3730,CreaseShading,CreaseShading,UnityStandardAssets.ImageEffects,Assembly-CSharp-firstpass
3731,PemGenerationException,PemGenerationException,BestHTTP.SecureProtocol.Org.BouncyCastle.Utilities.IO.Pem,BestHTTP
3732,rebonBulding,rebonBulding,,Assembly-CSharp
3733,SecP521R1Curve,SecP521R1Curve,BestHTTP.SecureProtocol.Org.BouncyCastle.Math.EC.Custom.Sec,BestHTTP
3734,PotionDisplayRowList,PotionDisplayRowList,,Assembly-CSharp
3735,Entry,Entry,Gpm.Common.ThirdParty.SharpCompress.Common,gpm_common
3736,Node,Node,,Assembly-CSharp
3737,DeflateTree,DeflateManager,Gpm.Common.ThirdParty.SharpCompress.Compressors.Deflate,gpm_common
3738,AndroidNearbyConnectionClient,AndroidNearbyConnectionClient,GooglePlayGames.Android,Google.Play.Games
3739,OidTokenizer,OidTokenizer,BestHTTP.SecureProtocol.Org.BouncyCastle.Asn1,BestHTTP
3740,QueueItem,QueueItem,Gpm.Common.Indicator.Internal,gpm_common
3741,MainCameraData,MainCameraData,,Assembly-CSharp
3742,TBSCertList,CrlEntry,BestHTTP.SecureProtocol.Org.BouncyCastle.Asn1.X509,BestHTTP
3743,OptionalValidity,OptionalValidity,BestHTTP.SecureProtocol.Org.BouncyCastle.Asn1.Crmf,BestHTTP
3744,SignalAsset,SignalAsset,UnityEngine.Timeline,Unity.Timeline
3745,UniClipboard,UniClipboard,,Assembly-CSharp
3746,GlvTypeBEndomorphism,GlvTypeBEndomorphism,BestHTTP.SecureProtocol.Org.BouncyCastle.Math.EC.Endo,BestHTTP
3747,Rfc3281CertPathUtilities,Rfc3281CertPathUtilities,BestHTTP.SecureProtocol.Org.BouncyCastle.Pkix,BestHTTP
3748,StoreConnectionStateService,StoreConnectionStateService,UnityEngine.Purchasing,Unity.Purchasing
3749,ICoder,ICoder,Gpm.Common.ThirdParty.SharpCompress.Compressors.LZMA,gpm_common
3750,KeyRecRepContent,KeyRecRepContent,BestHTTP.SecureProtocol.Org.BouncyCastle.Asn1.Cmp,BestHTTP
3751,SignerInformationStore,SignerInformationStore,BestHTTP.SecureProtocol.Org.BouncyCastle.Cms,BestHTTP
3752,X509CertificateParser,X509CertificateParser,BestHTTP.SecureProtocol.Org.BouncyCastle.X509,BestHTTP
3753,X962NamedCurves,X962NamedCurves,BestHTTP.SecureProtocol.Org.BouncyCastle.Asn1.X9,BestHTTP
3754,RSAESOAEPparams,RsaesOaepParameters,BestHTTP.SecureProtocol.Org.BouncyCastle.Asn1.Pkcs,BestHTTP
3755,RidingPetPop,RidingPetPop,,Assembly-CSharp
3756,HistoryFile,HistoryFile,,Assembly-CSharp
3757,TlsECDHKeyExchange,TlsECDHKeyExchange,BestHTTP.SecureProtocol.Org.BouncyCastle.Crypto.Tls,BestHTTP
3758,Diagnostics,Diagnostics,Unity.Services.Core.Telemetry.Internal,Unity.Services.Core.Telemetry
3759,ObscuredVector2.Editor,ObscuredVector2,CodeStage.AntiCheat.ObscuredTypes,ACTk.Runtime
3760,CipherKeyGeneratorFactory,CipherKeyGeneratorFactory,BestHTTP.SecureProtocol.Org.BouncyCastle.Crypto.Utilities,BestHTTP
3761,CMSProcessableByteArray,CmsProcessableByteArray,BestHTTP.SecureProtocol.Org.BouncyCastle.Cms,BestHTTP
3762,CtsBlockCipher,CtsBlockCipher,BestHTTP.SecureProtocol.Org.BouncyCastle.Crypto.Modes,BestHTTP
3763,SkeletonGraphic,SkeletonGraphic,Spine.Unity,spine-unity
3764,RelicCollectionSelectList,RelicCollectionSelectList,,Assembly-CSharp
3765,gearHelmetData,gearHelmetData,,Assembly-CSharp
3766,CrlID,CrlID,BestHTTP.SecureProtocol.Org.BouncyCastle.Asn1.Ocsp,BestHTTP
3767,NetscapeCertType,NetscapeCertType,BestHTTP.SecureProtocol.Org.BouncyCastle.Asn1.Misc,BestHTTP
3768,ObscuredDateTime.API,ObscuredDateTime,CodeStage.AntiCheat.ObscuredTypes,ACTk.Runtime
3769,X509CrlStoreSelector,X509CrlStoreSelector,BestHTTP.SecureProtocol.Org.BouncyCastle.X509.Store,BestHTTP
3770,AudioMixerProperties,AudioMixerProperties,UnityEngine.Timeline,Unity.Timeline
3771,StatusDetailList,StatusDetailList,,Assembly-CSharp
3772,DeleteLocalData,DeleteLocalData,,Assembly-CSharp
3773,UnifiedReceiptAnalyticsExtensions,UnifiedReceiptAnalyticsExtensions,UnityEngine.Purchasing,Unity.Purchasing.Stores
3774,CMSCompressedDataStreamGenerator,CmsCompressedDataStreamGenerator,BestHTTP.SecureProtocol.Org.BouncyCastle.Cms,BestHTTP
3775,SecP192K1Point,SecP192K1Point,BestHTTP.SecureProtocol.Org.BouncyCastle.Math.EC.Custom.Sec,BestHTTP
3776,ServicesInitialization,ServicesInitialization,Unity.Services.Core.Components,Unity.Services.Core.Components
3777,CatalogProvider,CatalogProvider,UnityEngine.Purchasing,Unity.Purchasing
3778,CodelessCatalogProvider,CodelessCatalogProvider,UnityEngine.Purchasing,Unity.Purchasing.Codeless
3779,PopoPrivKey,PopoPrivKey,BestHTTP.SecureProtocol.Org.BouncyCastle.Asn1.Crmf,BestHTTP
3780,ProductCatalog,ProductCatalog,UnityEngine.Purchasing,Unity.Purchasing
3781,Unpack20,Unpack,Gpm.Common.ThirdParty.SharpCompress.Compressors.Rar.UnpackV1,gpm_common
3782,PremiumBuyPop,PremiumBuyPop,,Assembly-CSharp
3783,exchangeShowData,exchangeShowData,,Assembly-CSharp
3784,IProductServiceFactoryManagerInjectionPoint,IProductServiceFactoryManagerInjectionPoint,UnityEngine.Purchasing,Unity.Purchasing
3785,AdminCostumeBoxOneData,AdminCostumeBoxOneData,,Assembly-CSharp
3786,LZ4Codec.Safe64.Dirty,LZ4Codec,Gpm.Common.ThirdParty.MessagePack.LZ4,gpm_common
3787,Iso9796d2PssSigner,Iso9796d2PssSigner,BestHTTP.SecureProtocol.Org.BouncyCastle.Crypto.Signers,BestHTTP
3788,StreamList,StreamList,BestHTTP.Extensions,BestHTTP
3789,shinyCostumeBoxData,shinyCostumeBoxData,,Assembly-CSharp
3790,ObscuredFilePrefs,ObscuredFilePrefs,CodeStage.AntiCheat.Storage,ACTk.Runtime
3791,WaitForSpineAnimation,WaitForSpineAnimation,Spine.Unity,spine-unity
3792,UnityWebRequestClient,UnityWebRequestClient,Unity.Services.Core.Networking,Unity.Services.Core.Networking
3793,RewardItemRowList,RewardItemRowList,,Assembly-CSharp
3794,LocalizedAssetProperty,LocalizedAssetProperty,UnityEngine.Localization.PropertyVariants.TrackedProperties,Unity.Localization
3795,ProductFetchFailed,ProductFetchFailed,UnityEngine.Purchasing,Unity.Purchasing
3796,LocalizedReference,LocalizedReference,UnityEngine.Localization,Unity.Localization
3797,PrivateKeyInfoFactory,PrivateKeyInfoFactory,BestHTTP.SecureProtocol.Org.BouncyCastle.Pkcs,BestHTTP
3798,IFetchStorefrontUseCase,IFetchStorefrontUseCase,UnityEngine.Purchasing.UseCases.Interfaces,Unity.Purchasing
3799,mission,mission,,Assembly-CSharp
3800,DecoderStream,DecoderStream2,Gpm.Common.ThirdParty.SharpCompress.Compressors.LZMA,gpm_common
3801,WebRequestHelper,WebRequestHelper,Unity.Services.Analytics.Internal,Unity.Services.Analytics
3802,IEventsClient,IEventsClient,GooglePlayGames.BasicApi.Events,Google.Play.Games
3803,ITelemetryMetricsService,ITelemetryMetricsService,UnityEngine.Purchasing.Telemetry,Unity.Purchasing
3804,SinglePubInfo,SinglePubInfo,BestHTTP.SecureProtocol.Org.BouncyCastle.Asn1.Crmf,BestHTTP
3805,GoogleConsumeResponseListener,GoogleConsumeResponseListener,UnityEngine.Purchasing,Unity.Purchasing.Stores
3806,TlsDHKeyExchange,TlsDHKeyExchange,BestHTTP.SecureProtocol.Org.BouncyCastle.Crypto.Tls,BestHTTP
3807,IOSWebView,IOSWebView,Gpm.WebView.Internal,gpm_webview
3808,AdventureMapPop,AdventureMapPop,,Assembly-CSharp
3809,TradeWagonList,TradeWagonList,,Assembly-CSharp
3810,CryptographicException,CryptographicException,Gpm.Common.ThirdParty.SharpCompress.Common,gpm_common
3811,EventAttendProductList,EventAttendProductList,,Assembly-CSharp
3812,SelectionExtensions,SelectionExtensions,UnityEngine.Timeline,Unity.Timeline
3813,SecureRandom,SecureRandom,BestHTTP.SecureProtocol.Org.BouncyCastle.Security,BestHTTP
3814,IFetchStorePromotionOrderUseCase,IFetchStorePromotionOrderUseCase,UnityEngine.Purchasing.UseCases.Interfaces,Unity.Purchasing
3815,PointFollower,PointFollower,Spine.Unity,spine-unity
3816,SingularConversionValuesUpdatedHandler,SingularConversionValuesUpdatedHandler,Singular,SingularSDK
3817,GearDisassembleRowList,GearDisassembleRowList,,Assembly-CSharp
3818,AppleStoreExtendedProductService,AppleStoreExtendedProductService,UnityEngine.Purchasing.Services,Unity.Purchasing
3819,OSXStoreBindings,OSXStoreBindings,UnityEngine.Purchasing,Unity.Purchasing.AppleMacosStub
3820,UIGradientUtils,UIGradientUtils,,Assembly-CSharp
3821,PkixCertPathValidatorException,PkixCertPathValidatorException,BestHTTP.SecureProtocol.Org.BouncyCastle.Pkix,BestHTTP
3822,AsyncOperationBase,AsyncOperationBase,Unity.Services.Core.Internal,Unity.Services.Core.Internal
3823,GearFixPop,GearFixPop,,Assembly-CSharp
3824,GpmWebViewContentMode,GpmWebViewContentMode,Gpm.WebView,gpm_webview
3825,Asn1Set,Asn1Set,BestHTTP.SecureProtocol.Org.BouncyCastle.Asn1,BestHTTP
3826,PkwareTraditionalCryptoStream,PkwareTraditionalCryptoStream,Gpm.Common.ThirdParty.SharpCompress.Common.Zip,gpm_common
3827,IChannel,IChannel,Unity.Services.Wire.Internal,Unity.Services.Core.Internal
3828,Asn1CipherBuilder,Asn1CipherBuilderWithKey,BestHTTP.SecureProtocol.Org.BouncyCastle.Crypto.Operators,BestHTTP
3829,UnityProjectNotLinkedException,UnityProjectNotLinkedException,Unity.Services.Core,Unity.Services.Core
3830,DeflateStream,DeflateStream,Gpm.Common.ThirdParty.SharpCompress.Compressors.Deflate,gpm_common
3831,PinchUpdateData,PinchUpdateData,BitBenderGames,Assembly-CSharp
3832,UnsafeBinaryFormatters,NativeGuidFormatter,Gpm.Common.ThirdParty.MessagePack.Formatters,gpm_common
3833,GraphicRaycaster,GraphicRaycaster,UnityEngine.UI,UnityEngine.UI
3834,KeyAgreeRecipientInfo,KeyAgreeRecipientInfo,BestHTTP.SecureProtocol.Org.BouncyCastle.Asn1.Cms,BestHTTP
3835,CMSProcessable,CmsProcessable,BestHTTP.SecureProtocol.Org.BouncyCastle.Cms,BestHTTP
3836,MacUtilities,MacUtilities,BestHTTP.SecureProtocol.Org.BouncyCastle.Security,BestHTTP
3837,KCtrBlockCipher,KCtrBlockCipher,BestHTTP.SecureProtocol.Org.BouncyCastle.Crypto.Modes,BestHTTP
3838,AndroidScreenRecordingBlocker,AndroidScreenRecordingBlocker,CodeStage.AntiCheat.Utils,ACTk.Runtime
3839,SecT409K1Point,SecT409K1Point,BestHTTP.SecureProtocol.Org.BouncyCastle.Math.EC.Custom.Sec,BestHTTP
3840,RelicData,RelicData,,Assembly-CSharp
3841,X25519,X25519,BestHTTP.SecureProtocol.Org.BouncyCastle.Math.EC.Rfc7748,BestHTTP
3842,FilePart,FilePart,Gpm.Common.ThirdParty.SharpCompress.Common,gpm_common
3843,DHPublicKeyParameters,DHPublicKeyParameters,BestHTTP.SecureProtocol.Org.BouncyCastle.Crypto.Parameters,BestHTTP
3844,SubsequentMessage,SubsequentMessage,BestHTTP.SecureProtocol.Org.BouncyCastle.Asn1.Crmf,BestHTTP
3845,growupPropertyData,growupPropertyData,,Assembly-CSharp
3846,DerVideotexString,DerVideotexString,BestHTTP.SecureProtocol.Org.BouncyCastle.Asn1,BestHTTP
3847,GooglePlayStoreExtendedService,GooglePlayStoreExtendedService,UnityEngine.Purchasing,Unity.Purchasing
3848,FileFilter,FileFilter,CodeStage.AntiCheat.Genuine.CodeHash,ACTk.Runtime
3849,ECKeyPairGenerator,ECKeyPairGenerator,BestHTTP.SecureProtocol.Org.BouncyCastle.Crypto.Generators,BestHTTP
3850,PKCS12PBEParams,Pkcs12PbeParams,BestHTTP.SecureProtocol.Org.BouncyCastle.Asn1.Pkcs,BestHTTP
3851,VignetteAndChromaticAberration,VignetteAndChromaticAberration,UnityStandardAssets.ImageEffects,Assembly-CSharp-firstpass
3852,AutomataDictionary,AutomataDictionary,Gpm.Common.ThirdParty.MessagePack.Internal,gpm_common
3853,IPasswordFinder,IPasswordFinder,BestHTTP.SecureProtocol.Org.BouncyCastle.OpenSsl,BestHTTP
3854,PemObject,PemObject,BestHTTP.SecureProtocol.Org.BouncyCastle.Utilities.IO.Pem,BestHTTP
3855,DefaultTlsCipherFactory,DefaultTlsCipherFactory,BestHTTP.SecureProtocol.Org.BouncyCastle.Crypto.Tls,BestHTTP
3856,EnemyArrowCtrl,EnemyArrowCtrl,,Assembly-CSharp
3857,X448Agreement,X448Agreement,BestHTTP.SecureProtocol.Org.BouncyCastle.Crypto.Agreement,BestHTTP
3858,NonNullCartValidator,NonNullCartValidator,UnityEngine.Purchasing,Unity.Purchasing
3859,ObscuredBool.API,ObscuredBool,CodeStage.AntiCheat.ObscuredTypes,ACTk.Runtime
3860,subJobSkill,subJobSkill,,Assembly-CSharp
3861,RaidHunterThumbList,RaidHunterThumbList,,Assembly-CSharp
3862,HunterThumbUIFormFactor,HunterThumbUIFormFactor,,Assembly-CSharp
3863,SecT233K1Curve,SecT233K1Curve,BestHTTP.SecureProtocol.Org.BouncyCastle.Math.EC.Custom.Sec,BestHTTP
3864,VillageNewsPop,VillageNewsPop,,Assembly-CSharp
3865,PKIPublicationInfo,PkiPublicationInfo,BestHTTP.SecureProtocol.Org.BouncyCastle.Asn1.Crmf,BestHTTP
3866,ListFormatter,ListFormatter,UnityEngine.Localization.SmartFormat.Extensions,Unity.Localization
3867,UnityServices,UnityServices,Unity.Services.Core,Unity.Services.Core
3868,worldBossBoxData,worldBossBoxData,,Assembly-CSharp
3869,Extensions,HubConnectionExtensions,BestHTTP.SignalRCore,BestHTTP
3870,LiteralText,LiteralText,UnityEngine.Localization.SmartFormat.Core.Parsing,Unity.Localization
3871,ConfigurationEntry,ConfigurationEntry,Unity.Services.Core.Configuration,Unity.Services.Core.Configuration
3872,ReplaceLiteralsWithName,ReplaceLiteralsWithNameAttribute,Beebyte.Obfuscator,Assembly-CSharp-firstpass
3873,RaidActionList,RaidActionList,,Assembly-CSharp
3874,GearBuyList,GearBuyList,,Assembly-CSharp
3875,SkeletonSubmeshGraphic,SkeletonSubmeshGraphic,Spine.Unity,spine-unity
3876,WorldBossRankList,WorldBossRankList,,Assembly-CSharp
3877,GenericKey,GenericKey,BestHTTP.SecureProtocol.Org.BouncyCastle.Crypto.Operators,BestHTTP
3878,OCSPUtil,OcspUtilities,BestHTTP.SecureProtocol.Org.BouncyCastle.Ocsp,BestHTTP
3879,ObscuredChar,ObscuredChar,CodeStage.AntiCheat.ObscuredTypes,ACTk.Runtime
3880,AdminEvilData,AdminEvilData,,Assembly-CSharp
3881,AndroidNotificationCallback,NotificationCallback,Unity.Notifications.Android,Unity.Notifications.Android
3882,SecP224R1Point,SecP224R1Point,BestHTTP.SecureProtocol.Org.BouncyCastle.Math.EC.Custom.Sec,BestHTTP
3883,ComponentManager,ComponentManager,Gpm.Communicator.Internal,gpm_communicator
3884,XZIndexMarkerReachedException,XZIndexMarkerReachedException,Gpm.Common.ThirdParty.SharpCompress.Compressors.Xz,gpm_common
3885,TlsEncryptionCredentials,TlsEncryptionCredentials,BestHTTP.SecureProtocol.Org.BouncyCastle.Crypto.Tls,BestHTTP
3886,PKIStatus,PkiStatusEncodable,BestHTTP.SecureProtocol.Org.BouncyCastle.Asn1.Cmp,BestHTTP
3887,StreamingZipFilePart,StreamingZipFilePart,Gpm.Common.ThirdParty.SharpCompress.Common.Zip,gpm_common
3888,HttpRequest,HttpRequest,Unity.Services.Core.Networking.Internal,Unity.Services.Core.Internal
3889,TypicalCharacterSets,TypicalCharacterSets,UnityEngine.Localization.Pseudo,Unity.Localization
3890,PbeUtilities,PbeUtilities,BestHTTP.SecureProtocol.Org.BouncyCastle.Security,BestHTTP
3891,SignerInformation,SignerInformation,BestHTTP.SecureProtocol.Org.BouncyCastle.Cms,BestHTTP
3892,EvilCtrl,EvilCtrl,,Assembly-CSharp
3893,fieldBoss,fieldBoss,,Assembly-CSharp
3894,ObscuredDouble,ObscuredDouble,CodeStage.AntiCheat.ObscuredTypes,ACTk.Runtime
3895,TimeStampToken,TimeStampToken,BestHTTP.SecureProtocol.Org.BouncyCastle.Tsp,BestHTTP
3896,DigestUtilities,DigestUtilities,BestHTTP.SecureProtocol.Org.BouncyCastle.Security,BestHTTP
3897,Unpack,Unpack,Gpm.Common.ThirdParty.SharpCompress.Compressors.Rar.UnpackV2017,gpm_common
3898,UniversalSDKInterfaceAndroid,NativeInterface,Universal.UniversalSDK,Assembly-CSharp
3899,UnityAdsClientFactory,UnityAdsClientFactory,GoogleMobileAds.Mediation.UnityAds,GoogleMobileAds.Mediation.UnityAds.Api
3900,SkeletonRenderer,SkeletonRenderer,Spine.Unity,spine-unity
3901,FieldBossUserData,FieldBossUserData,,Assembly-CSharp
3902,X509CollectionStoreParameters,X509CollectionStoreParameters,BestHTTP.SecureProtocol.Org.BouncyCastle.X509.Store,BestHTTP
3903,MultiVolumeExtractionException,MultiVolumeExtractionException,Gpm.Common.ThirdParty.SharpCompress.Common,gpm_common
3904,RarVM,RarVM,Gpm.Common.ThirdParty.SharpCompress.Compressors.Rar.VM,gpm_common
3905,ByteQueue,ByteQueue,BestHTTP.SecureProtocol.Org.BouncyCastle.Crypto.Tls,BestHTTP
3906,ShortLinkParams,ShortLinkParams,Singular,SingularSDK
3907,X931SecureRandom,X931SecureRandom,BestHTTP.SecureProtocol.Org.BouncyCastle.Crypto.Prng,BestHTTP
3908,BaseWorker,BaseWorker,CodeStage.AntiCheat.Genuine.CodeHash,ACTk.Runtime
3909,ShopRandPop,ShopRandPop,,Assembly-CSharp
3910,IResourceLocator,IResourceLocator,UnityEngine.AddressableAssets.ResourceLocators,Unity.Addressables
3911,NativeWebView,NativeWebView,Gpm.WebView.Internal,gpm_webview
3912,KeyTransRecipientInformation,KeyTransRecipientInformation,BestHTTP.SecureProtocol.Org.BouncyCastle.Cms,BestHTTP
3913,IndicatorImplementation,IndicatorImplementation,Gpm.Common.Indicator.Internal,gpm_common
3914,AsymmetricKeyEntry,AsymmetricKeyEntry,BestHTTP.SecureProtocol.Org.BouncyCastle.Pkcs,BestHTTP
3915,TlsRsaKeyExchange,TlsRsaKeyExchange,BestHTTP.SecureProtocol.Org.BouncyCastle.Crypto.Tls,BestHTTP
3916,AnalyticsTransactionReceipt,AnalyticsTransactionReceipt,UnityEngine.Purchasing,Unity.Purchasing.Stores
3917,GearOptionModificationList,GearOptionModificationList,,Assembly-CSharp
3918,BoostLevList,BoostLevList,,Assembly-CSharp
3919,SecP224K1Curve,SecP224K1Curve,BestHTTP.SecureProtocol.Org.BouncyCastle.Math.EC.Custom.Sec,BestHTTP
3920,CertificationRequestInfo,CertificationRequestInfo,BestHTTP.SecureProtocol.Org.BouncyCastle.Asn1.Pkcs,BestHTTP
3921,ISceneProvider,ISceneProvider,UnityEngine.ResourceManagement.ResourceProviders,Unity.ResourceManager
3922,BufferedBlockCipher,BufferedBlockCipher,BestHTTP.SecureProtocol.Org.BouncyCastle.Crypto,BestHTTP
3923,AdventureNpcList,AdventureNpcList,,Assembly-CSharp
3924,ActivationMixerPlayable,ActivationMixerPlayable,UnityEngine.Timeline,Unity.Timeline
3925,Inflate,Inflate,BestHTTP.SecureProtocol.Org.BouncyCastle.Utilities.Zlib,BestHTTP
3926,ASN1TaggedObjectParser,Asn1TaggedObjectParser,BestHTTP.SecureProtocol.Org.BouncyCastle.Asn1,BestHTTP
3927,Outline,Outline,UnityEngine.UI,UnityEngine.UI
3928,StringEncoding,StringEncoding,Gpm.Common.ThirdParty.MessagePack,gpm_common
3929,Reflection,ReflectionExtensions,System.Reflection,gpm_common
3930,NullOutputStream,NullOutputStream,BestHTTP.SecureProtocol.Org.BouncyCastle.Utilities.IO,BestHTTP
3931,CcmBlockCipher,CcmBlockCipher,BestHTTP.SecureProtocol.Org.BouncyCastle.Crypto.Modes,BestHTTP
3932,WNafL2RMultiplier,WNafL2RMultiplier,BestHTTP.SecureProtocol.Org.BouncyCastle.Math.EC.Multiplier,BestHTTP
3933,InputBuffer,InputBuffer,Gpm.Common.ThirdParty.SharpCompress.Compressors.Deflate64,gpm_common
3934,TMP_MeshInfo,TMP_MeshInfo,TMPro,Unity.TextMeshPro
3935,PetCtrl,PetCtrl,,Assembly-CSharp
3936,Asn1InputStream,Asn1InputStream,BestHTTP.SecureProtocol.Org.BouncyCastle.Asn1,BestHTTP
3937,PhysicsConstraint,PhysicsConstraint,Spine,spine-csharp
3938,Ed25519KeyPairGenerator,Ed25519KeyPairGenerator,BestHTTP.SecureProtocol.Org.BouncyCastle.Crypto.Generators,BestHTTP
3939,RaidInfo,RaidInfo,,Assembly-CSharp
3940,IAppleFetchProductsService,IAppleFetchProductsService,UnityEngine.Purchasing,Unity.Purchasing
3941,OriginatorInfoGenerator,OriginatorInfoGenerator,BestHTTP.SecureProtocol.Org.BouncyCastle.Cms,BestHTTP
3942,ISet,ISet,BestHTTP.SecureProtocol.Org.BouncyCastle.Utilities.Collections,BestHTTP
3943,CurveEditUtility,CurveEditUtility,UnityEngine.Timeline,Unity.Timeline
3944,LegacyTlsAuthentication,LegacyTlsAuthentication,BestHTTP.SecureProtocol.Org.BouncyCastle.Crypto.Tls,BestHTTP
3945,NonValidatingCertificateHandler,NonValidatingCertificateHandler,CodeStage.AntiCheat.Utils,ACTk.Runtime
3946,FallenPastureInfo,FallenPastureInfo,,Assembly-CSharp
3947,Asn1EncodableVector,Asn1EncodableVector,BestHTTP.SecureProtocol.Org.BouncyCastle.Asn1,BestHTTP
3948,BuiltinResolver,BuiltinResolver,Gpm.Common.ThirdParty.MessagePack.Resolvers,gpm_common
3949,BerApplicationSpecific,BerApplicationSpecific,BestHTTP.SecureProtocol.Org.BouncyCastle.Asn1,BestHTTP
3950,SecP160R2Field,SecP160R2Field,BestHTTP.SecureProtocol.Org.BouncyCastle.Math.EC.Custom.Sec,BestHTTP
3951,DHKeyGenerationParameters,DHKeyGenerationParameters,BestHTTP.SecureProtocol.Org.BouncyCastle.Crypto.Parameters,BestHTTP
3952,Interfaces,IManager,BestHTTP.SocketIO,BestHTTP
3953,X509CrlParser,X509CrlParser,BestHTTP.SecureProtocol.Org.BouncyCastle.X509,BestHTTP
3954,ZipWriterOptions,ZipWriterOptions,Gpm.Common.ThirdParty.SharpCompress.Writers.Zip,gpm_common
3955,GOFBBlockCipher,GOfbBlockCipher,BestHTTP.SecureProtocol.Org.BouncyCastle.Crypto.Modes,BestHTTP
3956,RunesSelectList,RunesSelectList,,Assembly-CSharp
3957,IObscuredFilePrefsSerializer,IObscuredFilePrefsSerializer,CodeStage.AntiCheat.Storage,ACTk.Runtime
3958,ReviewManager,ReviewManager,Google.Play.Review,Google.Play.Review
3959,SkillStudyPop,SkillStudyPop,,Assembly-CSharp
3960,PathfindManager,PathfindManager,,Assembly-CSharp
3961,AbstractTlsKeyExchange,AbstractTlsKeyExchange,BestHTTP.SecureProtocol.Org.BouncyCastle.Crypto.Tls,BestHTTP
3962,TlsUtilities,TlsUtilities,BestHTTP.SecureProtocol.Org.BouncyCastle.Crypto.Tls,BestHTTP
3963,ResolveData,ResolveData,,Assembly-CSharp
3964,BuildSkinChangePop,BuildSkinChangePop,,Assembly-CSharp
3965,IGooglePlayStoreConnectionService,IGooglePlayStoreConnectionService,UnityEngine.Purchasing,Unity.Purchasing.Stores
3966,ChattingInfo,ChattingInfo,,Assembly-CSharp
3967,GOST3410DigestSigner,Gost3410DigestSigner,BestHTTP.SecureProtocol.Org.BouncyCastle.Crypto.Signers,BestHTTP
3968,CMSContentInfoParser,CmsContentInfoParser,BestHTTP.SecureProtocol.Org.BouncyCastle.Cms,BestHTTP
3969,ContentType,ContentType,BestHTTP.SecureProtocol.Org.BouncyCastle.Crypto.Tls,BestHTTP
3970,NullDigest,NullDigest,BestHTTP.SecureProtocol.Org.BouncyCastle.Crypto.Digests,BestHTTP
3971,XmlHelper,XmlHelper,Gpm.Common.Util,gpm_common
3972,TMP_SpriteAssetImportFormats,TexturePacker_JsonArray,TMPro.SpriteAssetUtilities,Unity.TextMeshPro
3973,CarouselConstants,CarouselConstants,,Assembly-CSharp
3974,IMemoable,IMemoable,BestHTTP.SecureProtocol.Org.BouncyCastle.Utilities,BestHTTP
3975,IRarUnpack,IRarUnpack,Gpm.Common.ThirdParty.SharpCompress.Compressors.Rar,gpm_common
3976,Tonemapping,Tonemapping,UnityStandardAssets.ImageEffects,Assembly-CSharp-firstpass
3977,MqvPublicParameters,MqvPublicParameters,BestHTTP.SecureProtocol.Org.BouncyCastle.Crypto.Parameters,BestHTTP
3978,Lexer,Lexer,Gpm.Common.ThirdParty.LitJson,gpm_common
3979,SignalReceiver,SignalReceiver,UnityEngine.Timeline,Unity.Timeline
3980,PlayGamesAchievement,PlayGamesAchievement,GooglePlayGames,Google.Play.Games
3981,Asn1ParsingException,Asn1ParsingException,BestHTTP.SecureProtocol.Org.BouncyCastle.Asn1,BestHTTP
3982,RSACoreEngine,RsaCoreEngine,BestHTTP.SecureProtocol.Org.BouncyCastle.Crypto.Engines,BestHTTP
3983,RiftNpcData,RiftNpcData,,Assembly-CSharp
3984,ProductList,ProductList,,Assembly-CSharp
3985,localUI,localUI,,Assembly-CSharp
3986,ASN1SetParser,Asn1SetParser,BestHTTP.SecureProtocol.Org.BouncyCastle.Asn1,BestHTTP
3987,ScriptingUnityCallback,ScriptingUnityCallback,UnityEngine.Purchasing,Unity.Purchasing
3988,AssetTypeMetadata,AssetTypeMetadata,UnityEngine.Localization.Metadata,Unity.Localization
3989,SecP256K1Field,SecP256K1Field,BestHTTP.SecureProtocol.Org.BouncyCastle.Math.EC.Custom.Sec,BestHTTP
3990,PlaymodeState,PlaymodeState,UnityEngine.Localization,Unity.Localization
3991,IAppleAppReceiptViewer,IAppleAppReceiptViewer,UnityEngine.Purchasing,Unity.Purchasing
3992,BlendUtility,BlendUtility,UnityEngine.Timeline,Unity.Timeline
3993,IKeyUnwrapper,IKeyUnwrapper,BestHTTP.SecureProtocol.Org.BouncyCastle.Crypto,BestHTTP
3994,ISignerWithRecovery,ISignerWithRecovery,BestHTTP.SecureProtocol.Org.BouncyCastle.Crypto,BestHTTP
3995,CertReqMsg,CertReqMsg,BestHTTP.SecureProtocol.Org.BouncyCastle.Asn1.Crmf,BestHTTP
3996,Salsa20Engine,Salsa20Engine,BestHTTP.SecureProtocol.Org.BouncyCastle.Crypto.Engines,BestHTTP
3997,MaterialChecks,MaterialChecks,Spine.Unity,spine-unity
3998,IReadOnlyPurchaseCache,IReadOnlyPurchaseCache,UnityEngine.Purchasing.Extension,Unity.Purchasing
3999,TouchWrapper,TouchWrapper,BitBenderGames,Assembly-CSharp
4000,ICloudProjectId,ICloudProjectId,Unity.Services.Core.Configuration.Internal,Unity.Services.Core.Internal
4001,RFC3211WrapEngine,Rfc3211WrapEngine,BestHTTP.SecureProtocol.Org.BouncyCastle.Crypto.Engines,BestHTTP
4002,ReadOnlyBufferedStream,ReadOnlyBufferedStream,BestHTTP.Extensions,BestHTTP
4003,SecP224K1Point,SecP224K1Point,BestHTTP.SecureProtocol.Org.BouncyCastle.Math.EC.Custom.Sec,BestHTTP
4004,ICipherBuilder,ICipherBuilder,BestHTTP.SecureProtocol.Org.BouncyCastle.Crypto,BestHTTP
4005,ZipVolume,ZipVolume,Gpm.Common.ThirdParty.SharpCompress.Common.Zip,gpm_common
4006,Ed448KeyGenerationParameters,Ed448KeyGenerationParameters,BestHTTP.SecureProtocol.Org.BouncyCastle.Crypto.Parameters,BestHTTP
4007,GZipArchive,GZipArchive,Gpm.Common.ThirdParty.SharpCompress.Archives.GZip,gpm_common
4008,RaidWaitHunterList,RaidWaitHunterList,,Assembly-CSharp
4009,UserQuestData,UserQuestData,,Assembly-CSharp
4010,TimeStampedData,TimeStampedData,BestHTTP.SecureProtocol.Org.BouncyCastle.Asn1.Cms,BestHTTP
4011,RarCrcStream,RarCrcStream,Gpm.Common.ThirdParty.SharpCompress.Compressors.Rar,gpm_common
4012,demonData,demonData,,Assembly-CSharp
4013,patternSpeach,patternSpeach,,Assembly-CSharp
4014,RC564Engine,RC564Engine,BestHTTP.SecureProtocol.Org.BouncyCastle.Crypto.Engines,BestHTTP
4015,CFolder,CFolder,Gpm.Common.ThirdParty.SharpCompress.Common.SevenZip,gpm_common
4016,WeightUtility,WeightUtility,UnityEngine.Timeline,Unity.Timeline
4017,ArchiveDatabase,ArchiveDatabase,Gpm.Common.ThirdParty.SharpCompress.Common.SevenZip,gpm_common
4018,AdminChiefBlessingData,AdminChiefBlessingData,,Assembly-CSharp
4019,TcpClient,TcpClient,BestHTTP.PlatformSupport.TcpClient.General,BestHTTP
4020,MemoryNode,MemoryNode,Gpm.Common.ThirdParty.SharpCompress.Compressors.PPMd.I1,gpm_common
4021,IWebView,IWebView,Gpm.WebView.Internal,gpm_webview
4022,IGooglePlayStoreFetchPurchasesService,IGooglePlayStoreFetchPurchasesService,UnityEngine.Purchasing,Unity.Purchasing.Stores
4023,IssuerSerial,IssuerSerial,BestHTTP.SecureProtocol.Org.BouncyCastle.Asn1.X509,BestHTTP
4024,RarMemBlock,RarMemBlock,Gpm.Common.ThirdParty.SharpCompress.Compressors.PPMd.H,gpm_common
4025,DERSetParser,DerSetParser,BestHTTP.SecureProtocol.Org.BouncyCastle.Asn1,BestHTTP
4026,WebsocketTransport,WebSocketTransport,BestHTTP.SignalRCore.Transports,BestHTTP
4027,GooglePurchase,GooglePurchase,UnityEngine.Purchasing.Models,Unity.Purchasing.Stores
4028,HubConnection,HubConnection,BestHTTP.SignalRCore,BestHTTP
4029,ConsentManager,ConsentManager,Unity.Services.Analytics,Unity.Services.Analytics
4030,SM2KeyExchangePrivateParameters,SM2KeyExchangePrivateParameters,BestHTTP.SecureProtocol.Org.BouncyCastle.Crypto.Parameters,BestHTTP
4031,SecT233R1Point,SecT233R1Point,BestHTTP.SecureProtocol.Org.BouncyCastle.Math.EC.Custom.Sec,BestHTTP
4032,QueryProductDetailsService,QueryProductDetailsService,UnityEngine.Purchasing,Unity.Purchasing.Stores
4033,BillingClient,BillingClient,UnityEngine.Purchasing.Stores.Android.GooglePlay.AAR.Models,Unity.Purchasing.Stores
4034,OriginatorPublicKey,OriginatorPublicKey,BestHTTP.SecureProtocol.Org.BouncyCastle.Asn1.Cms,BestHTTP
4035,NullEngine,NullEngine,BestHTTP.SecureProtocol.Org.BouncyCastle.Crypto.Engines,BestHTTP
4036,UniversalSDKSettings,UniversalSDKSettings,Universal.UniversalSDK,Assembly-CSharp
4037,ANSSINamedCurves,AnssiNamedCurves,BestHTTP.SecureProtocol.Org.BouncyCastle.Asn1.Anssi,BestHTTP
4038,CmpObjectIdentifiers,CmpObjectIdentifiers,BestHTTP.SecureProtocol.Org.BouncyCastle.Asn1.Cmp,BestHTTP
4039,GpmOrientation,GpmOrientation,Gpm.WebView,gpm_webview
4040,RarArchive.Extensions,RarArchiveExtensions,Gpm.Common.ThirdParty.SharpCompress.Archives.Rar,gpm_common
4041,IAuthenticationProvider,IAuthenticationProvider,BestHTTP.SignalR.Authentication,BestHTTP
4042,StringTable,StringTable,UnityEngine.Localization.Tables,Unity.Localization
4043,DamageCtrl,DamageCtrl,,Assembly-CSharp
4044,ComposePop,ComposePop,,Assembly-CSharp
4045,AdminGearSkillData,AdminGearSkillData,,Assembly-CSharp
4046,StorageDataTypeClassifier,StorageDataTypeClassifier,CodeStage.AntiCheat.Storage,ACTk.Runtime
4047,DarknessPrinceDummyCtrl,DarknessPrinceDummyCtrl,,Assembly-CSharp
4048,IVerifier,IVerifier,BestHTTP.SecureProtocol.Org.BouncyCastle.Crypto,BestHTTP
4049,InAppPurchaser,InAppPurchaser,,Assembly-CSharp
4050,GpmCommunicator,GpmCommunicator,Gpm.Communicator,gpm_communicator
4051,ThunderCtrl,ThunderCtrl,,Assembly-CSharp
4052,PEMReader,PemReader,BestHTTP.SecureProtocol.Org.BouncyCastle.OpenSsl,BestHTTP
4053,VerisignCzagExtension,VerisignCzagExtension,BestHTTP.SecureProtocol.Org.BouncyCastle.Asn1.Misc,BestHTTP
4054,ColorCorrectionRamp,ColorCorrectionRamp,UnityStandardAssets.ImageEffects,Assembly-CSharp-firstpass
4055,AdminRaidData,AdminRaidData,,Assembly-CSharp
4056,NamedCurve,NamedCurve,BestHTTP.SecureProtocol.Org.BouncyCastle.Crypto.Tls,BestHTTP
4057,SkeletonExtensions,SkeletonExtensions,Spine.Unity,spine-unity
4058,IX509Store,IX509Store,BestHTTP.SecureProtocol.Org.BouncyCastle.X509.Store,BestHTTP
4059,IDerivationParameters,IDerivationParameters,BestHTTP.SecureProtocol.Org.BouncyCastle.Crypto,BestHTTP
4060,PKIArchiveOptions,PkiArchiveOptions,BestHTTP.SecureProtocol.Org.BouncyCastle.Asn1.Crmf,BestHTTP
4061,IService,IService,Unity.Services.Core,Unity.Services.Core
4062,GachaList,GachaList,,Assembly-CSharp
4063,NonSeekableStreamFilePart,NonSeekableStreamFilePart,Gpm.Common.ThirdParty.SharpCompress.Readers.Rar,gpm_common
4064,ShakeDigest,ShakeDigest,BestHTTP.SecureProtocol.Org.BouncyCastle.Crypto.Digests,BestHTTP
4065,InjectAttribute,InjectAttribute,UnityEngine.Purchasing,Unity.Purchasing
4066,ReadOnlyHttpRequest,ReadOnlyHttpRequest,Unity.Services.Core.Networking.Internal,Unity.Services.Core.Internal
4067,OcspListID,OcspListID,BestHTTP.SecureProtocol.Org.BouncyCastle.Asn1.Esf,BestHTTP
4068,GearSearchPop,GearSearchPop,,Assembly-CSharp
4069,IExternalBillingProgramClientInternal,IExternalBillingProgramClientInternal,UnityEngine.Purchasing.GoogleBilling.Interfaces,Unity.Purchasing.Stores
4070,ReaderOptions,ReaderOptions,Gpm.Common.ThirdParty.SharpCompress.Readers,gpm_common
4071,FakeStoreCartValidator,FakeStoreCartValidator,UnityEngine.Purchasing,Unity.Purchasing.Stores
4072,ProofOfPossession,ProofOfPossession,BestHTTP.SecureProtocol.Org.BouncyCastle.Asn1.Crmf,BestHTTP
4073,LaunchingInfo,LaunchingInfo,Gpm.Common.Indicator.Internal,gpm_common
4074,UnityEventWithRaycastHit2D,UnityEventWithRaycastHit2D,BitBenderGames,Assembly-CSharp
4075,X509CertificatePair,X509CertificatePair,BestHTTP.SecureProtocol.Org.BouncyCastle.X509,BestHTTP
4076,ConstantMissionData,ConstantMissionData,,Assembly-CSharp
4077,AuthenticatedDataParser,AuthenticatedDataParser,BestHTTP.SecureProtocol.Org.BouncyCastle.Asn1.Cms,BestHTTP
4078,BigIntegers,BigIntegers,BestHTTP.SecureProtocol.Org.BouncyCastle.Utilities,BestHTTP
4079,TBSCertificateStructure,TbsCertificateStructure,BestHTTP.SecureProtocol.Org.BouncyCastle.Asn1.X509,BestHTTP
4080,BERGenerator,BerGenerator,BestHTTP.SecureProtocol.Org.BouncyCastle.Asn1,BestHTTP
4081,Dstu7624WrapEngine,Dstu7624WrapEngine,BestHTTP.SecureProtocol.Org.BouncyCastle.Crypto.Engines,BestHTTP
4082,GZipWritableArchiveEntry,GZipWritableArchiveEntry,Gpm.Common.ThirdParty.SharpCompress.Archives.GZip,gpm_common
4083,BuildList,BuildList,,Assembly-CSharp
4084,AdminShinyCostumeBoxData,AdminShinyCostumeBoxData,,Assembly-CSharp
4085,ConfigurationBuilder,ConfigurationBuilder,UnityEngine.Purchasing,Unity.Purchasing
4086,NotificationCallback,NotificationCallback,Assets.SimpleAndroidNotifications.Data,Assembly-CSharp
4087,ProfilerUtility,ProfilerUtility,Unity.Profiling,Unity.Profiling.Core
4088,rebonBuldingData,rebonBuldingData,,Assembly-CSharp
4089,KeccakDigest,KeccakDigest,BestHTTP.SecureProtocol.Org.BouncyCastle.Crypto.Digests,BestHTTP
4090,SelectedSolutionsData,SelectedSolutionsData,Unity.Multiplayer.Center.Common,Unity.Multiplayer.Center.Common
4091,PopoSigningKey,PopoSigningKey,BestHTTP.SecureProtocol.Org.BouncyCastle.Asn1.Crmf,BestHTTP
4092,ContrastStretch,ContrastStretch,UnityStandardAssets.ImageEffects,Assembly-CSharp-firstpass
4093,SigningCertificate,SigningCertificate,BestHTTP.SecureProtocol.Org.BouncyCastle.Asn1.Ess,BestHTTP
4094,FilterStream,FilterStream,BestHTTP.SecureProtocol.Org.BouncyCastle.Asn1.Utilities,BestHTTP
4095,NativeDateTimeResolver,NativeDateTimeResolver,Gpm.Common.ThirdParty.MessagePack.Resolvers,gpm_common
4096,GpmWebView,GpmWebView,Gpm.WebView,gpm_webview
4097,IDependencyInjectionService,IDependencyInjectionService,UnityEngine.Purchasing,Unity.Purchasing
4098,WorldBossInfo,WorldBossInfo,,Assembly-CSharp
4099,RidingPetGearUIFormFactor,RidingPetGearUIFormFactor,,Assembly-CSharp
4100,PkixAttrCertPathBuilder,PkixAttrCertPathBuilder,BestHTTP.SecureProtocol.Org.BouncyCastle.Pkix,BestHTTP
4101,InitializationOptions,InitializationOptions,Unity.Services.Core,Unity.Services.Core
4102,AdminRidingPatTraitData,AdminRidingPatTraitData,,Assembly-CSharp
4103,RaidSelectPop,RaidSelectPop,,Assembly-CSharp
4104,Launching,Launching,Gpm.Common.Indicator.Internal,gpm_common
4105,ObscuredFloat.API,ObscuredFloat,CodeStage.AntiCheat.ObscuredTypes,ACTk.Runtime
4106,Registry,DecoderRegistry,Gpm.Common.ThirdParty.SharpCompress.Compressors.LZMA,gpm_common
4107,SkeletonJson,SkeletonJson,Spine,spine-csharp
4108,BuildInfoList,BuildInfoList,,Assembly-CSharp
4109,StoreServiceFactory,StoreServiceFactory,UnityEngine.Purchasing,Unity.Purchasing.Stores
4110,SecT193FieldElement,SecT193FieldElement,BestHTTP.SecureProtocol.Org.BouncyCastle.Math.EC.Custom.Sec,BestHTTP
4111,IStartupLocaleSelector,IStartupLocaleSelector,UnityEngine.Localization.Settings,Unity.Localization
4112,BulkCipherAlgorithm,BulkCipherAlgorithm,BestHTTP.SecureProtocol.Org.BouncyCastle.Crypto.Tls,BestHTTP
4113,GpmWebViewError,GpmWebViewError,Gpm.WebView,gpm_webview
4114,GooglePlayStoreSetObfuscatedIdUseCase,GooglePlayStoreSetObfuscatedIdUseCase,UnityEngine.Purchasing,Unity.Purchasing
4115,Cart,Cart,UnityEngine.Purchasing,Unity.Purchasing
4116,ANSSIObjectIdentifiers,AnssiObjectIdentifiers,BestHTTP.SecureProtocol.Org.BouncyCastle.Asn1.Anssi,BestHTTP
4117,SignerInputBuffer,SignerInputBuffer,BestHTTP.SecureProtocol.Org.BouncyCastle.Crypto.Tls,BestHTTP
4118,OriginatorIdentifierOrKey,OriginatorIdentifierOrKey,BestHTTP.SecureProtocol.Org.BouncyCastle.Asn1.Cms,BestHTTP
4119,CtrSP800Drbg,CtrSP800Drbg,BestHTTP.SecureProtocol.Org.BouncyCastle.Crypto.Prng.Drbg,BestHTTP
4120,MontgomeryLadderMultiplier,MontgomeryLadderMultiplier,BestHTTP.SecureProtocol.Org.BouncyCastle.Math.EC.Multiplier,BestHTTP
4121,DeferredPaymentUntilRenewalDateOrder,DeferredPaymentUntilRenewalDateOrder,UnityEngine.Purchasing,Unity.Purchasing
4122,SecP256K1Point,SecP256K1Point,BestHTTP.SecureProtocol.Org.BouncyCastle.Math.EC.Custom.Sec,BestHTTP
4123,ObscuredVector3,ObscuredVector3,CodeStage.AntiCheat.ObscuredTypes,ACTk.Runtime
4124,TbcPadding,TbcPadding,BestHTTP.SecureProtocol.Org.BouncyCastle.Crypto.Paddings,BestHTTP
4125,BuffPop,BuffPop,,Assembly-CSharp
4126,SkipjackEngine,SkipjackEngine,BestHTTP.SecureProtocol.Org.BouncyCastle.Crypto.Engines,BestHTTP
4127,Misc,Misc,GooglePlayGames.OurUtils,Google.Play.Games
4128,SecT163R1Curve,SecT163R1Curve,BestHTTP.SecureProtocol.Org.BouncyCastle.Math.EC.Custom.Sec,BestHTTP
4129,CMSProcessableFile,CmsProcessableFile,BestHTTP.SecureProtocol.Org.BouncyCastle.Cms,BestHTTP
4130,DsaParameters,DsaParameters,BestHTTP.SecureProtocol.Org.BouncyCastle.Crypto.Parameters,BestHTTP
4131,AggregateCartValidator,AggregateCartValidator,UnityEngine.Purchasing,Unity.Purchasing
4132,PlatformOverride,PlatformOverride,UnityEngine.Localization.Metadata,Unity.Localization
4133,CertificateType,CertificateType,BestHTTP.SecureProtocol.Org.BouncyCastle.Crypto.Tls,BestHTTP
4134,ObfuscateLiterals,ObfuscateLiteralsAttribute,Beebyte.Obfuscator,Assembly-CSharp-firstpass
4135,PlayCoreHelper,PlayCoreHelper,Google.Play.Core.Internal,Google.Play.Core
4136,DataReader,DataReader,Gpm.Common.ThirdParty.SharpCompress.Common.SevenZip,gpm_common
4137,UpgradeResultPop,UpgradeResultPop,,Assembly-CSharp
4138,ZipArchiveEntry,ZipArchiveEntry,Gpm.Common.ThirdParty.SharpCompress.Archives.Zip,gpm_common
4139,ConditionalFormatter,ConditionalFormatter,UnityEngine.Localization.SmartFormat.Extensions,Unity.Localization
4140,Pointer,Pointer,Gpm.Common.ThirdParty.SharpCompress.Compressors.PPMd.H,gpm_common
4141,AsymmetricCipherKeyPair,AsymmetricCipherKeyPair,BestHTTP.SecureProtocol.Org.BouncyCastle.Crypto,BestHTTP
4142,OtherHashAlgAndValue,OtherHashAlgAndValue,BestHTTP.SecureProtocol.Org.BouncyCastle.Asn1.Esf,BestHTTP
4143,UnpackUtility,UnpackUtility,Gpm.Common.ThirdParty.SharpCompress.Compressors.Rar.UnpackV1,gpm_common
4144,GlvEndomorphism,GlvEndomorphism,BestHTTP.SecureProtocol.Org.BouncyCastle.Math.EC.Endo,BestHTTP
4145,MathUtilities,MathUtilities,Spine.Unity,spine-unity
4146,SecP224R1FieldElement,SecP224R1FieldElement,BestHTTP.SecureProtocol.Org.BouncyCastle.Math.EC.Custom.Sec,BestHTTP
4147,GooglePlayPurchaseUseCase,GooglePlayPurchaseUseCase,UnityEngine.Purchasing,Unity.Purchasing
4148,ChiefCostumeList,ChiefCostumeList,,Assembly-CSharp
4149,CertificateStatus,CertificateStatus,BestHTTP.SecureProtocol.Org.BouncyCastle.Crypto.Tls,BestHTTP
4150,PurchasingManager,PurchasingManager,UnityEngine.Purchasing,Unity.Purchasing
4151,AggregateRetryPolicy,AggregateRetryPolicy,UnityEngine.Purchasing,Unity.Purchasing
4152,IDiagnosticsFactory,IDiagnosticsFactory,Unity.Services.Core.Telemetry.Internal,Unity.Services.Core.Internal
4153,IStreamCipher,IStreamCipher,BestHTTP.SecureProtocol.Org.BouncyCastle.Crypto,BestHTTP
4154,Zlib,ZlibException,Gpm.Common.ThirdParty.SharpCompress.Compressors.Deflate,gpm_common
4155,IAppleStoreExtendedProductService,IAppleStoreExtendedProductService,UnityEngine.Purchasing,Unity.Purchasing
4156,TlsClientProtocol,TlsClientProtocol,BestHTTP.SecureProtocol.Org.BouncyCastle.Crypto.Tls,BestHTTP
4157,ZeroBytePadding,ZeroBytePadding,BestHTTP.SecureProtocol.Org.BouncyCastle.Crypto.Paddings,BestHTTP
4158,CipherFactory,CipherFactory,BestHTTP.SecureProtocol.Org.BouncyCastle.Crypto.Utilities,BestHTTP
4159,TMPro_MeshUtilities,VertexGradient,TMPro,Unity.TextMeshPro
4160,StreamRarArchiveVolume,StreamRarArchiveVolume,Gpm.Common.ThirdParty.SharpCompress.Archives.Rar,gpm_common
4161,FlameExplosionCtrl,FlameExplosionCtrl,,Assembly-CSharp
4162,RarCryptoWrapper,RarCryptoWrapper,Gpm.Common.ThirdParty.SharpCompress.Common.Rar,gpm_common
4163,AssetDatabaseProvider,AssetDatabaseProvider,UnityEngine.ResourceManagement.ResourceProviders,Unity.ResourceManager
4164,RamblePetCtrl,RamblePetCtrl,,Assembly-CSharp
4165,HttpResponse,HttpResponse,Unity.Services.Core.Networking.Internal,Unity.Services.Core.Internal
4166,ICodeHashGenerator,ICodeHashGenerator,CodeStage.AntiCheat.Genuine.CodeHash,ACTk.Runtime
4167,PkixCertPathValidatorResult,PkixCertPathValidatorResult,BestHTTP.SecureProtocol.Org.BouncyCastle.Pkix,BestHTTP
4168,DefaultLogger,DefaultLogger,BestHTTP.Logger,BestHTTP
4169,ContentHints,ContentHints,BestHTTP.SecureProtocol.Org.BouncyCastle.Asn1.Ess,BestHTTP
4170,GetGoogleProductMetadataExtension,GetGoogleProductMetadataExtension,UnityEngine.Purchasing,Unity.Purchasing
4171,Environments,Environments,Unity.Services.Core.Environments.Internal,Unity.Services.Core.Environments.Internal
4172,CMSSignedHelper,CmsSignedHelper,BestHTTP.SecureProtocol.Org.BouncyCastle.Cms,BestHTTP
4173,CipherType,CipherType,BestHTTP.SecureProtocol.Org.BouncyCastle.Crypto.Tls,BestHTTP
4174,GearData,GearData,,Assembly-CSharp
4175,BufferedAsymmetricBlockCipher,BufferedAsymmetricBlockCipher,BestHTTP.SecureProtocol.Org.BouncyCastle.Crypto,BestHTTP
4176,HuntingSelectDropUtility,HuntingSelectDropUtility,,Assembly-CSharp
4177,CipherStream,CipherStream,BestHTTP.SecureProtocol.Org.BouncyCastle.Crypto.IO,BestHTTP
4178,ConsumCreateCompletePop,ConsumCreateCompletePop,,Assembly-CSharp
4179,SerpentEngineBase,SerpentEngineBase,BestHTTP.SecureProtocol.Org.BouncyCastle.Crypto.Engines,BestHTTP
4180,DerGraphicString,DerGraphicString,BestHTTP.SecureProtocol.Org.BouncyCastle.Asn1,BestHTTP
4181,DesEngine,DesEngine,BestHTTP.SecureProtocol.Org.BouncyCastle.Crypto.Engines,BestHTTP
4182,ReaderFactory,ReaderFactory,Gpm.Common.ThirdParty.SharpCompress.Readers,gpm_common
4183,SkeletonDataAsset,SkeletonDataAsset,Spine.Unity,spine-unity
4184,SecP128R1FieldElement,SecP128R1FieldElement,BestHTTP.SecureProtocol.Org.BouncyCastle.Math.EC.Custom.Sec,BestHTTP
4185,CrashlyticsInit,CrashlyticsInit,,Assembly-CSharp
4186,ServerNameList,ServerNameList,BestHTTP.SecureProtocol.Org.BouncyCastle.Crypto.Tls,BestHTTP
4187,AppleStoreExtendedPurchaseService,AppleStoreExtendedPurchaseService,UnityEngine.Purchasing.Services,Unity.Purchasing
4188,RarArchiveVolumeFactory,RarArchiveVolumeFactory,Gpm.Common.ThirdParty.SharpCompress.Archives.Rar,gpm_common
4189,DeclarationOfMajority,DeclarationOfMajority,BestHTTP.SecureProtocol.Org.BouncyCastle.Asn1.IsisMtt.X509,BestHTTP
4190,FloatBits,Float32Bits,Gpm.Common.ThirdParty.MessagePack,gpm_common
4191,SkeletonRootMotion,SkeletonRootMotion,Spine.Unity,spine-unity
4192,PurchasedProductInfo,PurchasedProductInfo,UnityEngine.Purchasing,Unity.Purchasing
4193,AbstractTlsCipherFactory,AbstractTlsCipherFactory,BestHTTP.SecureProtocol.Org.BouncyCastle.Crypto.Tls,BestHTTP
4194,CommunicatorImplementation,CommunicatorImplementation,Gpm.Communicator.Internal,gpm_communicator
4195,chiefSecretBoxData,chiefSecretBoxData,,Assembly-CSharp
4196,Triangulator,Triangulator,Spine,spine-csharp
4197,LzmaDecoder,Decoder,Gpm.Common.ThirdParty.SharpCompress.Compressors.LZMA,gpm_common
4198,PluralLocalizationFormatter,PluralLocalizationFormatter,UnityEngine.Localization.SmartFormat.Extensions,Unity.Localization
4199,InfTree,InfTree,BestHTTP.Decompression.Zlib,BestHTTP
4200,PemReader,PemReader,BestHTTP.SecureProtocol.Org.BouncyCastle.Utilities.IO.Pem,BestHTTP
4201,MultipleConsumableQuantityCartValidator,MultipleConsumableQuantityCartValidator,UnityEngine.Purchasing,Unity.Purchasing
4202,IRarHeader,IRarHeader,Gpm.Common.ThirdParty.SharpCompress.Common.Rar.Headers,gpm_common
4203,UIMultiScrollRect,UIMultiScrollRect,,Assembly-CSharp
4204,ObscuredVector3Int.Raw,ObscuredVector3Int,CodeStage.AntiCheat.ObscuredTypes,ACTk.Runtime
4205,ICoroutineObject,ICoroutineObject,Gpm.Common.Indicator.Internal,gpm_common
4206,SRP6Utilities,Srp6Utilities,BestHTTP.SecureProtocol.Org.BouncyCastle.Crypto.Agreement.Srp,BestHTTP
4207,BoundingBoxAttachment,BoundingBoxAttachment,Spine,spine-csharp
4208,demonTeamData,demonTeamData,,Assembly-CSharp
4209,NameType,NameType,BestHTTP.SecureProtocol.Org.BouncyCastle.Crypto.Tls,BestHTTP
4210,InAppBuyResultPop,InAppBuyResultPop,,Assembly-CSharp
4211,BEROctetStringParser,BerOctetStringParser,BestHTTP.SecureProtocol.Org.BouncyCastle.Asn1,BestHTTP
4212,DesEdeWrapEngine,DesEdeWrapEngine,BestHTTP.SecureProtocol.Org.BouncyCastle.Crypto.Engines,BestHTTP
4213,MoleTimeRewardNpcPop,MoleTimeRewardNpcPop,,Assembly-CSharp
4214,DerSet,DerSet,BestHTTP.SecureProtocol.Org.BouncyCastle.Asn1,BestHTTP
4215,TransformConstraint,TransformConstraint,Spine,spine-csharp
4216,ObscuredVector3Int.API,ObscuredVector3Int,CodeStage.AntiCheat.ObscuredTypes,ACTk.Runtime
4217,engraving,engraving,,Assembly-CSharp
4218,GOST3410ParamSetParameters,Gost3410ParamSetParameters,BestHTTP.SecureProtocol.Org.BouncyCastle.Asn1.CryptoPro,BestHTTP
4219,AppleRefreshAppReceiptUseCase,AppleRefreshAppReceiptUseCase,UnityEngine.Purchasing.UseCases,Unity.Purchasing
4220,GuildBattleHunterCtrl,GuildBattleHunterCtrl,,Assembly-CSharp
4221,GpmCommon,GpmCommon,Gpm.Common,gpm_common
4222,EncKeyWithID,EncKeyWithID,BestHTTP.SecureProtocol.Org.BouncyCastle.Asn1.Crmf,BestHTTP
4223,DSTU7564Mac,Dstu7564Mac,BestHTTP.SecureProtocol.Org.BouncyCastle.Crypto.Macs,BestHTTP
4224,ECEndomorphism,ECEndomorphism,BestHTTP.SecureProtocol.Org.BouncyCastle.Math.EC.Endo,BestHTTP
4225,IKeyEvaluator,IKeyEvaluator,UnityEngine.AddressableAssets,Unity.Addressables
4226,Crc32,Crc32,Gpm.Common.ThirdParty.SharpCompress.Compressors.Xz,gpm_common
4227,ResourceLocationData,ResourceLocationData,UnityEngine.AddressableAssets.ResourceLocators,Unity.Addressables
4228,AttCertIssuer,AttCertIssuer,BestHTTP.SecureProtocol.Org.BouncyCastle.Asn1.X509,BestHTTP
4229,PlayAssetPackBatchRequest,PlayAssetPackBatchRequest,Google.Play.AssetDelivery,Google.Play.AssetDelivery
4230,ZipFilePart,ZipFilePart,Gpm.Common.ThirdParty.SharpCompress.Common.Zip,gpm_common
4231,RiftSelectPop,RiftSelectPop,,Assembly-CSharp
4232,InAppRewardList,InAppRewardList,,Assembly-CSharp
4233,PolicyQualifierInfo,PolicyQualifierInfo,BestHTTP.SecureProtocol.Org.BouncyCastle.Asn1.X509,BestHTTP
4234,SM4Engine,SM4Engine,BestHTTP.SecureProtocol.Org.BouncyCastle.Crypto.Engines,BestHTTP
4235,TextMeshProUGUI,TextMeshProUGUI,TMPro,Unity.TextMeshPro
4236,RevDetails,RevDetails,BestHTTP.SecureProtocol.Org.BouncyCastle.Asn1.Cmp,BestHTTP
4237,PostSendTransportBase,PostSendTransportBase,BestHTTP.SignalR.Transports,BestHTTP
4238,StringOutput,StringOutput,UnityEngine.Localization.SmartFormat.Core.Output,Unity.Localization
4239,LimitBreakGearList,LimitBreakGearList,,Assembly-CSharp
4240,MetrialTouchCtrl,MetrialTouchCtrl,,Assembly-CSharp
4241,PkixNameConstraintValidator,PkixNameConstraintValidator,BestHTTP.SecureProtocol.Org.BouncyCastle.Pkix,BestHTTP
4242,Events,Events,Singular,SingularSDK
4243,ridingPetSkill,ridingPetSkill,,Assembly-CSharp
4244,GooglePurchasesUpdatedHandler,GooglePurchasesUpdatedHandler,UnityEngine.Purchasing,Unity.Purchasing.Stores
4245,StateRef,StateRef,Gpm.Common.ThirdParty.SharpCompress.Compressors.PPMd.H,gpm_common
4246,IAPObsoleteMessages,IAPObsoleteMessages,UnityEngine.Purchasing.Extension,Unity.Purchasing.Utilities
4247,SignerAttribute,SignerAttribute,BestHTTP.SecureProtocol.Org.BouncyCastle.Asn1.Esf,BestHTTP
4248,ConnectionBase,ConnectionBase,BestHTTP.Connections,BestHTTP
4249,AlertLevel,AlertLevel,BestHTTP.SecureProtocol.Org.BouncyCastle.Crypto.Tls,BestHTTP
4250,StreamingAssetsConfigurationLoader,StreamingAssetsConfigurationLoader,Unity.Services.Core.Configuration,Unity.Services.Core.Configuration
4251,GroupOperation,GroupOperation,UnityEngine.ResourceManagement.AsyncOperations,Unity.ResourceManager
4252,ParticleControlPlayable,ParticleControlPlayable,UnityEngine.Timeline,Unity.Timeline
4253,ridingPet,ridingPet,,Assembly-CSharp
4254,IMetricsFactory,IMetricsFactory,Unity.Services.Core.Telemetry.Internal,Unity.Services.Core.Internal
4255,ImageEffectBase,ImageEffectBase,UnityStandardAssets.ImageEffects,Assembly-CSharp-firstpass
4256,SkeletonLoader,SkeletonLoader,Spine,spine-csharp
4257,IAPSettingsConsts,IapSettingsConsts,UnityEngine.Purchasing,Unity.Purchasing
4258,NpcClickCtrl,NpcClickCtrl,,Assembly-CSharp
4259,GOST3410PrivateKeyParameters,Gost3410PrivateKeyParameters,BestHTTP.SecureProtocol.Org.BouncyCastle.Crypto.Parameters,BestHTTP
4260,LzmaEncoder,Encoder,Gpm.Common.ThirdParty.SharpCompress.Compressors.LZMA,gpm_common
4261,TMP_FontAssetCommon,FaceInfo_Legacy,TMPro,Unity.TextMeshPro
4262,SecT163R2Curve,SecT163R2Curve,BestHTTP.SecureProtocol.Org.BouncyCastle.Math.EC.Custom.Sec,BestHTTP
4263,Tween,Tween,EnhancedUI.EnhancedScroller,EnhancedScroller_asmdef
4264,Message,Message,BestHTTP.SignalRCore.Messages,BestHTTP
4265,VertexAttachment,VertexAttachment,Spine,spine-csharp
4266,GearDisassemblePop,GearDisassemblePop,,Assembly-CSharp
4267,EditorIndicator,EditorIndicator,Gpm.Common.Indicator.Internal,gpm_common
4268,BufferedDecoder,BufferedDecoder,BestHTTP.SecureProtocol.Org.BouncyCastle.Utilities.Encoders,BestHTTP
4269,fieldBossData,fieldBossData,,Assembly-CSharp
4270,SocketOptions,SocketOptions,BestHTTP.SocketIO,BestHTTP
4271,PurchaseEventArgs,PurchaseEventArgs,UnityEngine.Purchasing,Unity.Purchasing
4272,DarknessPrinceUserData,DarknessPrinceUserData,,Assembly-CSharp
4273,LitDecode,LitDecode,Gpm.Common.ThirdParty.SharpCompress.Compressors.Rar.UnpackV1.Decode,gpm_common
4274,RaidEvilData,RaidEvilData,,Assembly-CSharp
4275,SignerLocation,SignerLocation,BestHTTP.SecureProtocol.Org.BouncyCastle.Asn1.Esf,BestHTTP
4276,ObscuredUInt.Editor,ObscuredUInt,CodeStage.AntiCheat.ObscuredTypes,ACTk.Runtime
4277,FormatterBase,FormatterBase,UnityEngine.Localization.SmartFormat.Core.Extensions,Unity.Localization
4278,IInstanceProvider,IInstanceProvider,UnityEngine.ResourceManagement.ResourceProviders,Unity.ResourceManager
4279,UnityActivity,UnityActivity,UnityEngine.Purchasing,Unity.Purchasing
4280,Primes,Primes,BestHTTP.SecureProtocol.Org.BouncyCastle.Math,BestHTTP
4281,X9IntegerConverter,X9IntegerConverter,BestHTTP.SecureProtocol.Org.BouncyCastle.Asn1.X9,BestHTTP
4282,ComposeCubeList,ComposeCubeList,,Assembly-CSharp
4283,TimeUtility,TimeUtility,UnityEngine.Timeline,Unity.Timeline
4284,PropertyData,PropertyData,,Assembly-CSharp
4285,moleTimeRewardData,moleTimeRewardData,,Assembly-CSharp
4286,InitializationOperation,InitializationOperation,UnityEngine.AddressableAssets.Initialization,Unity.Addressables
4287,RelicCollectionPop,RelicCollectionPop,,Assembly-CSharp
4288,IReaderExtractionListener,IReaderExtractionListener,Gpm.Common.ThirdParty.SharpCompress.Readers,gpm_common
4289,HunterGearDetailPop,HunterGearDetailPop,,Assembly-CSharp
4290,PayoutDefinition,PayoutDefinition,UnityEngine.Purchasing,Unity.Purchasing
4291,TlsMac,TlsMac,BestHTTP.SecureProtocol.Org.BouncyCastle.Crypto.Tls,BestHTTP
4292,CertPolicyId,CertPolicyID,BestHTTP.SecureProtocol.Org.BouncyCastle.Asn1.X509,BestHTTP
4293,DerGeneralString,DerGeneralString,BestHTTP.SecureProtocol.Org.BouncyCastle.Asn1,BestHTTP
4294,SpineMesh,SpineMesh,Spine.Unity,spine-unity
4295,IProductServiceFactoryManager,IProductServiceFactoryManager,UnityEngine.Purchasing,Unity.Purchasing
4296,IDiagnostics,IDiagnostics,Unity.Services.Core.Telemetry.Internal,Unity.Services.Core.Internal
4297,HeroicJobPop,HeroicJobPop,,Assembly-CSharp
4298,GoogleSheetsToUnityUtilities,GoogleSheetsToUnityUtilities,GoogleSheetsToUnity.Utils,Assembly-CSharp
4299,CryptoUtils,CryptoUtils,CodeStage.AntiCheat.Utils,ACTk.Runtime
4300,Log,Log,Gpm.Common.ThirdParty.SharpCompress.Compressors.LZMA,gpm_common
4301,Base64Encoder,Base64Encoder,BestHTTP.SecureProtocol.Org.BouncyCastle.Utilities.Encoders,BestHTTP
4302,GooglePlayConfiguration,GooglePlayConfiguration,UnityEngine.Purchasing,Unity.Purchasing
4303,ChiefSkillData,ChiefSkillData,,Assembly-CSharp
4304,Ed448PublicKeyParameters,Ed448PublicKeyParameters,BestHTTP.SecureProtocol.Org.BouncyCastle.Crypto.Parameters,BestHTTP
4305,CleanBundleCacheOperation,CleanBundleCacheOperation,UnityEngine.AddressableAssets,Unity.Addressables
4306,ZipHeaderFactory,ZipHeaderFactory,Gpm.Common.ThirdParty.SharpCompress.Common.Zip,gpm_common
4307,SingleResponse,SingleResponse,BestHTTP.SecureProtocol.Org.BouncyCastle.Asn1.Ocsp,BestHTTP
4308,Admissions,Admissions,BestHTTP.SecureProtocol.Org.BouncyCastle.Asn1.IsisMtt.X509,BestHTTP
4309,CMSAuthEnvelopedGenerator,CmsAuthEnvelopedGenerator,BestHTTP.SecureProtocol.Org.BouncyCastle.Cms,BestHTTP
4310,HeartbeatMessageType,HeartbeatMessageType,BestHTTP.SecureProtocol.Org.BouncyCastle.Crypto.Tls,BestHTTP
4311,X9FieldElement,X9FieldElement,BestHTTP.SecureProtocol.Org.BouncyCastle.Asn1.X9,BestHTTP
4312,StreamOverflowException,StreamOverflowException,BestHTTP.SecureProtocol.Org.BouncyCastle.Utilities.IO,BestHTTP
4313,DerVisibleString,DerVisibleString,BestHTTP.SecureProtocol.Org.BouncyCastle.Asn1,BestHTTP
4314,SecP128R1Field,SecP128R1Field,BestHTTP.SecureProtocol.Org.BouncyCastle.Math.EC.Custom.Sec,BestHTTP
4315,SkeletonMecanim,SkeletonMecanim,Spine.Unity,spine-unity
4316,AdminBuffData,AdminBuffData,,Assembly-CSharp
4317,OptionsBase,OptionsBase,Gpm.Common.ThirdParty.SharpCompress.Common,gpm_common
4318,GCMBlockCipher,GcmBlockCipher,BestHTTP.SecureProtocol.Org.BouncyCastle.Crypto.Modes,BestHTTP
4319,AsyncOperationBase,ICachable,UnityEngine.ResourceManagement.AsyncOperations,Unity.ResourceManager
4320,DiagnosticsFactory,DiagnosticsFactory,Unity.Services.Core.Telemetry.Internal,Unity.Services.Core.Telemetry
4321,GuildBattleInfo,GuildBattleInfo,,Assembly-CSharp
4322,iOSStoreBindings,iOSStoreBindings,UnityEngine.Purchasing,Unity.Purchasing.AppleStub
4323,OriginatorInfo,OriginatorInfo,BestHTTP.SecureProtocol.Org.BouncyCastle.Asn1.Cms,BestHTTP
4324,DtlsReliableHandshake,DtlsReliableHandshake,BestHTTP.SecureProtocol.Org.BouncyCastle.Crypto.Tls,BestHTTP
4325,IPlayerNameComponent,IPlayerNameComponent,Unity.Services.Authentication.Internal,Unity.Services.Core.Internal
4326,X931SecureRandomBuilder,X931SecureRandomBuilder,BestHTTP.SecureProtocol.Org.BouncyCastle.Crypto.Prng,BestHTTP
4327,gearArmorData,gearArmorData,,Assembly-CSharp
4328,SecT571K1Point,SecT571K1Point,BestHTTP.SecureProtocol.Org.BouncyCastle.Math.EC.Custom.Sec,BestHTTP
4329,ObscuredPrefsData,ObscuredPrefsData,CodeStage.AntiCheat.Storage,ACTk.Runtime
4330,ZlibCodec,ZlibCodec,Gpm.Common.ThirdParty.SharpCompress.Compressors.Deflate,gpm_common
4331,IAsyncOperation,IAsyncOperation,Unity.Services.Core.Internal,Unity.Services.Core.Internal
4332,CollectionPop,CollectionPop,,Assembly-CSharp
4333,KeyPurposeId,KeyPurposeID,BestHTTP.SecureProtocol.Org.BouncyCastle.Asn1.X509,BestHTTP
4334,DownloadStatus,DownloadStatus,UnityEngine.ResourceManagement.AsyncOperations,Unity.ResourceManager
4335,AbstractTlsServer,AbstractTlsServer,BestHTTP.SecureProtocol.Org.BouncyCastle.Crypto.Tls,BestHTTP
4336,X509AttrCertParser,X509AttrCertParser,BestHTTP.SecureProtocol.Org.BouncyCastle.X509,BestHTTP
4337,GearCombinationHelpPop,GearCombinationHelpPop,,Assembly-CSharp
4338,KeyDerivationFunc,KeyDerivationFunc,BestHTTP.SecureProtocol.Org.BouncyCastle.Asn1.Pkcs,BestHTTP
4339,IProfilerEmitter,IProfilerEmitter,UnityEngine.ResourceManagement.Profiling,Unity.ResourceManager
4340,Tables1kGcmExponentiator,Tables1kGcmExponentiator,BestHTTP.SecureProtocol.Org.BouncyCastle.Crypto.Modes.Gcm,BestHTTP
4341,NafR2LMultiplier,NafR2LMultiplier,BestHTTP.SecureProtocol.Org.BouncyCastle.Math.EC.Multiplier,BestHTTP
4342,IUpdatable,IUpdatable,Spine,spine-csharp
4343,ContinuePromotionalPurchasesUseCase,ContinuePromotionalPurchasesUseCase,UnityEngine.Purchasing.UseCases,Unity.Purchasing
4344,AppReceiptUseCase,AppReceiptUseCase,UnityEngine.Purchasing.UseCases,Unity.Purchasing
4345,HunterPatternCtrl,HunterPatternCtrl,,Assembly-CSharp
4346,AbstractWriter,AbstractWriter,Gpm.Common.ThirdParty.SharpCompress.Writers,gpm_common
4347,ServerUtility,ServerUtility,,Assembly-CSharp
4348,WaitForSpineEvent,WaitForSpineEvent,Spine.Unity,spine-unity
4349,SkeletonRootMotionBase,SkeletonRootMotionBase,Spine.Unity,spine-unity
4350,PackageInitializationInfo,PackageInitializationInfo,Unity.Services.Core.Internal,Unity.Services.Core.Internal
4351,ElementalClickCtrl,ElementalClickCtrl,,Assembly-CSharp
4352,JsonData,JsonData,Gpm.Common.ThirdParty.LitJson,gpm_common
4353,UserData,UserData,,Assembly-CSharp
4354,FilesProgress,FilesProgress,CodeStage.AntiCheat.Genuine.CodeHash,ACTk.Runtime
4355,SecT113R1Curve,SecT113R1Curve,BestHTTP.SecureProtocol.Org.BouncyCastle.Math.EC.Custom.Sec,BestHTTP
4356,AnalyticsUserIdServiceComponent,AnalyticsUserIdServiceComponent,Unity.Services.Analytics.Internal,Unity.Services.Analytics
4357,GeneralSubtree,GeneralSubtree,BestHTTP.SecureProtocol.Org.BouncyCastle.Asn1.X509,BestHTTP
4358,ECPointFormat,ECPointFormat,BestHTTP.SecureProtocol.Org.BouncyCastle.Crypto.Tls,BestHTTP
4359,FilteringSettings,FilteringSettings,CodeStage.AntiCheat.Genuine.CodeHash,ACTk.Runtime
4360,Task,Task,GoogleSheetsToUnity.ThirdPary,Assembly-CSharp
4361,PKMacBuilder,PKMacBuilder,BestHTTP.SecureProtocol.Org.BouncyCastle.Crmf,BestHTTP
4362,ReflectionMethodsCache,ReflectionMethodsCache,UnityEngine.UI,UnityEngine.UI
4363,LoadingBar,LoadingBar,Google.Play.Common.LoadingScreen,Google.Play.Common
4364,ZSignedDigitR2LMultiplier,ZSignedDigitR2LMultiplier,BestHTTP.SecureProtocol.Org.BouncyCastle.Math.EC.Multiplier,BestHTTP
4365,RidingPetInfoList,RidingPetInfoList,,Assembly-CSharp
4366,EndoPreCompInfo,EndoPreCompInfo,BestHTTP.SecureProtocol.Org.BouncyCastle.Math.EC.Endo,BestHTTP
4367,IUtil,IUtil,Uniject,Unity.Purchasing.Utilities
4368,BuildingPop,BuildingPop,,Assembly-CSharp
4369,Translator,ITranslator,BestHTTP.SecureProtocol.Org.BouncyCastle.Utilities.Encoders,BestHTTP
4370,IAppleStoreExtendedService,IAppleStoreExtendedService,UnityEngine.Purchasing,Unity.Purchasing
4371,GenMsgContent,GenMsgContent,BestHTTP.SecureProtocol.Org.BouncyCastle.Asn1.Cmp,BestHTTP
4372,KeyParameter,KeyParameter,BestHTTP.SecureProtocol.Org.BouncyCastle.Crypto.Parameters,BestHTTP
4373,ArchiveReader,ArchiveReader,Gpm.Common.ThirdParty.SharpCompress.Common.SevenZip,gpm_common
4374,Zip64DirectoryEndLocatorHeader,Zip64DirectoryEndLocatorHeader,Gpm.Common.ThirdParty.SharpCompress.Common.Zip.Headers,gpm_common
4375,LZipStream,LZipStream,Gpm.Common.ThirdParty.SharpCompress.Compressors.LZMA,gpm_common
4376,FetchStorePromotionVisibilityUseCase,FetchStorePromotionVisibilityUseCase,UnityEngine.Purchasing.UseCases,Unity.Purchasing
4377,ChooseFormatter,ChooseFormatter,UnityEngine.Localization.SmartFormat.Extensions,Unity.Localization
4378,TlsDheKeyExchange,TlsDheKeyExchange,BestHTTP.SecureProtocol.Org.BouncyCastle.Crypto.Tls,BestHTTP
4379,JopChangeResultPop,JopChangeResultPop,,Assembly-CSharp
4380,ActivationPlayableAsset,ActivationPlayableAsset,UnityEngine.Timeline,Unity.Timeline
4381,PersistentDataPathException,PersistentDataPathException,CodeStage.AntiCheat.Storage,ACTk.Runtime
4382,BasicScriptPlayable,BasicPlayableBehaviour,UnityEngine.Timeline,Unity.Timeline
4383,SignedDataParser,SignedDataParser,BestHTTP.SecureProtocol.Org.BouncyCastle.Asn1.Cms,BestHTTP
4384,UniversalUnit,UniversalUnit,Universal.UniversalSDK,Assembly-CSharp
4385,SignatureAlgorithm,SignatureAlgorithm,BestHTTP.SecureProtocol.Org.BouncyCastle.Crypto.Tls,BestHTTP
4386,personality,personality,,Assembly-CSharp
4387,SecT163R1Point,SecT163R1Point,BestHTTP.SecureProtocol.Org.BouncyCastle.Math.EC.Custom.Sec,BestHTTP
4388,TarArchive,TarArchive,Gpm.Common.ThirdParty.SharpCompress.Archives.Tar,gpm_common
4389,ProfilerRuntime,ProfilerRuntime,UnityEngine.ResourceManagement.Profiling,Unity.ResourceManager
4390,CollectionSelectList,CollectionSelectList,,Assembly-CSharp
4391,Image,Image,UnityEngine.UI,UnityEngine.UI
4392,StorageEtcList,StorageEtcList,,Assembly-CSharp
4393,RidingPetGearStoragePop,RidingPetGearStoragePop,,Assembly-CSharp
4394,TMP_ShaderUtilities,ShaderUtilities,TMPro,Unity.TextMeshPro
4395,darknessPrince,darknessPrince,,Assembly-CSharp
4396,CrlOcspRef,CrlOcspRef,BestHTTP.SecureProtocol.Org.BouncyCastle.Asn1.Esf,BestHTTP
4397,ByteQueueStream,ByteQueueStream,BestHTTP.SecureProtocol.Org.BouncyCastle.Crypto.Tls,BestHTTP
4398,GlvMultiplier,GlvMultiplier,BestHTTP.SecureProtocol.Org.BouncyCastle.Math.EC.Multiplier,BestHTTP
4399,NpcSelectPop,NpcSelectPop,,Assembly-CSharp
4400,AssetLocation,AssetLocation,Google.Play.AssetDelivery,Google.Play.AssetDelivery
4401,ICartValidator,ICartValidator,UnityEngine.Purchasing,Unity.Purchasing
4402,NegotiationResult,NegotiationResult,BestHTTP.SignalRCore.Messages,BestHTTP
4403,GMac,GMac,BestHTTP.SecureProtocol.Org.BouncyCastle.Crypto.Macs,BestHTTP
4404,NearbyConnectionClientFactory,NearbyConnectionClientFactory,GooglePlayGames,Google.Play.Games
4405,ProductCollection,ProductCollection,UnityEngine.Purchasing,Unity.Purchasing
4406,CrcCheckStream,CrcCheckStream,Gpm.Common.ThirdParty.SharpCompress.Compressors.LZMA.Utilites,gpm_common
4407,moleTimeReward,moleTimeReward,,Assembly-CSharp
4408,ridingPetTrait,ridingPetTrait,,Assembly-CSharp
4409,ObscuredDateTime,ObscuredDateTime,CodeStage.AntiCheat.ObscuredTypes,ACTk.Runtime
4410,EnableDisableEventUtility,EnableDisableEventUtility,,Assembly-CSharp
4411,RetryPolicyInformation,RetryPolicyInformation,UnityEngine.Purchasing,Unity.Purchasing
4412,PKCS5Scheme2PBEKey,Pkcs5Scheme2PbeKey,BestHTTP.SecureProtocol.Org.BouncyCastle.Cms,BestHTTP
4413,PlayAssetPackRequest,PlayAssetPackRequest,Google.Play.AssetDelivery,Google.Play.AssetDelivery
4414,HMac,HMac,BestHTTP.SecureProtocol.Org.BouncyCastle.Crypto.Macs,BestHTTP
4415,IGooglePurchaseService,IGooglePurchaseService,UnityEngine.Purchasing.Interfaces,Unity.Purchasing.Stores
4416,LockedComponentRegistry,LockedComponentRegistry,Unity.Services.Core.Internal,Unity.Services.Core.Internal
4417,ObscuredByte,ObscuredByte,CodeStage.AntiCheat.ObscuredTypes,ACTk.Runtime
4418,SMIMECapabilities,SmimeCapabilities,BestHTTP.SecureProtocol.Org.BouncyCastle.Asn1.Smime,BestHTTP
4419,MiscObjectIdentifiers,MiscObjectIdentifiers,BestHTTP.SecureProtocol.Org.BouncyCastle.Asn1.Misc,BestHTTP
4420,RaidLogPop,RaidLogPop,,Assembly-CSharp
4421,TlsFatalAlert,TlsFatalAlert,BestHTTP.SecureProtocol.Org.BouncyCastle.Crypto.Tls,BestHTTP
4422,AnalyticsTracker,AnalyticsTracker,UnityEngine.Analytics,Unity.Analytics.Tracker.dll
4423,CanvasFacebookLoader,CanvasFacebookLoader,Facebook.Unity.Canvas,Facebook.Unity.dll
4424,EditorFacebookGameObject,EditorFacebookGameObject,Facebook.Unity.Editor,Facebook.Unity.dll
4425,FBGamingServices,FBGamingServices,Facebook.Unity,Facebook.Unity.dll
4426,SynchronizationContextBehavoir,SynchronizationContextBehavoir,,Firebase.Platform.dll
4427,JsBridge,JsBridge,Facebook.Unity.Canvas,Facebook.Unity.dll
4428,EmptyMockDialog,EmptyMockDialog,Facebook.Unity.Editor.Dialogs,Facebook.Unity.dll
4429,EditorDiresuGameObject,EditorDiresuGameObject,DiresuUnity.Editor,DiresuUnity.Base.dll
4430,FacebookScheduler,FacebookScheduler,Facebook.Unity,Facebook.Unity.dll
4431,AsyncRequestString,AsyncRequestString,Facebook.Unity,Facebook.Unity.dll
4432,FirebaseMonoBehaviour,FirebaseMonoBehaviour,Firebase.Platform,Firebase.Platform.dll
4433,CodelessCrawler,CodelessCrawler,Facebook.Unity,Facebook.Unity.dll
4434,EditorFacebookMockDialog,EditorFacebookMockDialog,Facebook.Unity.Editor,Facebook.Unity.dll
4435,MockLoginDialog,MockLoginDialog,Facebook.Unity.Editor.Dialogs,Facebook.Unity.dll
4436,FB,FB,Facebook.Unity,Facebook.Unity.dll
4437,WindowsFacebookLoader,WindowsFacebookLoader,Facebook.Unity.Windows,Facebook.Unity.dll
4438,DiresuGameObject,DiresuGameObject,DiresuUnity.Base,DiresuUnity.Base.dll
4439,CompiledFacebookLoader,CompiledFacebookLoader,,Facebook.Unity.dll
